method,method_short,scene,mode,run,partial,iteration_offset,iteration,total_iterations,images_seen,stage,training_time_s,wall_time_s,benchmark_overhead_s,psnr,ssim,lpips,eval_l1_loss,eval_photometric_loss,eval_loss,num_gaussians,train_batch_loss,eval_duration_s
4DGaussians (Wu et al.),4DGaussians,bouncingballs,iterations,bouncingballs_iters27000,False,3000,1,3001,3001,fine,44.45737600326538,44.45737600326538,0.0,7.643062472343445,0.6897245198488235,0.28812097758054733,0.24183398559689523,0.2555222845077515,0.24183398559689523,27031,0.2864602208137512,11.688493728637695
4DGaussians (Wu et al.),4DGaussians,bouncingballs,iterations,bouncingballs_iters27000,False,3000,1000,4000,4000,fine,108.2456157207489,119.9341094493866,11.688493728637695,29.955392265319823,0.976885786652565,0.04070374798029661,0.006331270420923829,0.009687859006226068,0.006331270420923829,29898,0.004691841080784798,4.462922811508179
4DGaussians (Wu et al.),4DGaussians,bouncingballs,iterations,bouncingballs_iters27000,False,3000,2000,5000,5000,fine,166.24469423294067,182.39611077308655,16.151416540145874,27.9024338722229,0.9719234347343445,0.035060578398406504,0.0066604731837287545,0.010943691600114103,0.0066604731837287545,38217,0.004958009347319603,4.353711843490601
4DGaussians (Wu et al.),4DGaussians,bouncingballs,iterations,bouncingballs_iters27000,False,3000,3000,6000,6000,fine,225.76665544509888,246.27178382873535,20.505128383636475,32.79258403778076,0.9848742604255676,0.027620963379740716,0.004196171485818923,0.006382085103541622,0.004196171485818923,47106,0.0036833728663623333,4.334055185317993
4DGaussians (Wu et al.),4DGaussians,bouncingballs,iterations,bouncingballs_iters27000,False,3000,4000,7000,7000,fine,287.7116274833679,312.5508110523224,24.839183568954468,33.71812896728515,0.9866536825895309,0.02492745304480195,0.003884356759954244,0.005776748890057215,0.003884356759954244,55819,0.003335376037284732,4.343550205230713
4DGaussians (Wu et al.),4DGaussians,bouncingballs,iterations,bouncingballs_iters27000,False,3000,5000,8000,8000,fine,351.9153320789337,381.0980658531189,29.18273377418518,33.60795707702637,0.987012404203415,0.02321910299360752,0.0038167459541000428,0.0056509159225970424,0.0038167459541000428,64794,0.003467072267085314,4.395832538604736
4DGaussians (Wu et al.),4DGaussians,bouncingballs,iterations,bouncingballs_iters27000,False,3000,6000,9000,9000,fine,419.12992572784424,452.70849204063416,33.57856631278992,34.841288566589355,0.989053550362587,0.02118684849701822,0.0033841453259810805,0.00489660618826746,0.0033841453259810805,73601,0.003488861257210374,4.413695335388184
4DGaussians (Wu et al.),4DGaussians,bouncingballs,iterations,bouncingballs_iters27000,False,3000,7000,10000,10000,fine,491.287456035614,529.2797176837921,37.9922616481781,35.67175846099853,0.9898654043674469,0.019948740396648644,0.003165641881059855,0.004559432631358513,0.003165641881059855,81209,0.0024380008690059185,4.426225900650024
4DGaussians (Wu et al.),4DGaussians,bouncingballs,iterations,bouncingballs_iters27000,False,3000,8000,11000,11000,fine,566.6361203193665,609.0546078681946,42.418487548828125,36.2352710723877,0.9904263943433762,0.019319621520116924,0.0030515185208059847,0.0043559359479695475,0.0030515185208059847,88774,0.002175613073632121,4.458197355270386
4DGaussians (Wu et al.),4DGaussians,bouncingballs,iterations,bouncingballs_iters27000,False,3000,9000,12000,12000,fine,644.869306564331,691.7459914684296,46.87668490409851,35.613150882720944,0.9900384485721588,0.018759047193452717,0.003145062376279384,0.00450836018659174,0.003145062376279384,95813,0.0020746656227856874,4.526215076446533
4DGaussians (Wu et al.),4DGaussians,bouncingballs,iterations,bouncingballs_iters27000,False,3000,10000,13000,13000,fine,729.1232159137726,780.5261158943176,51.402899980545044,36.489451026916505,0.9908286958932877,0.018343180418014526,0.0029687475180253386,0.00420925883576273,0.0029687475180253386,101023,0.0018300977535545826,4.501106262207031
4DGaussians (Wu et al.),4DGaussians,bouncingballs,iterations,bouncingballs_iters27000,False,3000,11000,14000,14000,fine,814.2939343452454,870.1979405879974,55.904006242752075,36.630115604400636,0.9908063024282455,0.017994256829842924,0.00294111535185948,0.00419163179583848,0.00294111535185948,106231,0.001740179257467389,4.51410698890686
4DGaussians (Wu et al.),4DGaussians,bouncingballs,iterations,bouncingballs_iters27000,False,3000,12000,15000,15000,fine,902.1510729789734,962.5691862106323,60.418113231658936,36.7596715927124,0.9911571919918061,0.017319883964955807,0.0029254411230795084,0.004108914500102392,0.0029254411230795084,111198,0.001815684838220477,4.6011786460876465
4DGaussians (Wu et al.),4DGaussians,bouncingballs,iterations,bouncingballs_iters27000,False,3000,13000,16000,16000,fine,996.1869690418243,1061.206260919571,65.01929187774658,37.05035247802734,0.9912720143795013,0.016911216732114553,0.0028427215409465136,0.004019774356856951,0.0028427215409465136,114287,0.0016433499986305833,4.601036548614502
4DGaussians (Wu et al.),4DGaussians,bouncingballs,iterations,bouncingballs_iters27000,False,3000,14000,17000,17000,fine,1089.685860157013,1159.306188583374,69.62032842636108,37.083351135253906,0.9912879586219787,0.016925005242228508,0.002859240851830691,0.00402980095706881,0.002859240851830691,117498,0.001470522372983396,4.596364259719849
4DGaussians (Wu et al.),4DGaussians,bouncingballs,iterations,bouncingballs_iters27000,False,3000,15000,18000,18000,fine,1184.4401273727417,1258.6568200588226,74.21669268608093,37.05009784698486,0.9913641422986984,0.01665359064936638,0.0028483959031291306,0.004005888262763624,0.0028483959031291306,120372,0.001766704022884369,4.608424425125122
4DGaussians (Wu et al.),4DGaussians,bouncingballs,iterations,bouncingballs_iters27000,False,3000,16000,19000,19000,fine,1278.2765836715698,1357.1017007827759,78.82511711120605,37.05835275650024,0.9914098769426346,0.016443076264113187,0.002853608032455668,0.004000911037437613,0.002853608032455668,120372,0.0018188697285950184,4.589104413986206
4DGaussians (Wu et al.),4DGaussians,bouncingballs,iterations,bouncingballs_iters27000,False,3000,17000,20000,20000,fine,1372.2021861076355,1455.6164076328278,83.41422152519226,37.05397663116455,0.991399759054184,0.016395607218146323,0.0028591429349035026,0.0040073625370860054,0.0028591429349035026,120372,0.0011465270072221756,4.588602542877197
4DGaussians (Wu et al.),4DGaussians,bouncingballs,iterations,bouncingballs_iters27000,False,3000,18000,21000,21000,fine,1465.3395111560822,1553.3423352241516,88.00282406806946,37.100701904296876,0.9914500713348389,0.016273099603131412,0.0028617093921639025,0.003999353246763348,0.0028617093921639025,120372,0.0012808889150619507,4.555234909057617
4DGaussians (Wu et al.),4DGaussians,bouncingballs,iterations,bouncingballs_iters27000,False,3000,19000,22000,22000,fine,1557.752457857132,1650.310516834259,92.55805897712708,37.11958723068237,0.991502869129181,0.016082134563475847,0.002875768125522882,0.004000040674582116,0.002875768125522882,120372,0.0014887575525790453,4.533460378646851
4DGaussians (Wu et al.),4DGaussians,bouncingballs,iterations,bouncingballs_iters27000,False,3000,20000,23000,23000,fine,1650.4319469928741,1747.523466348648,97.09151935577393,37.07688035964966,0.991423499584198,0.01622930932790041,0.0028784211783204226,0.0040180370258167475,0.0028784211783204226,120372,0.0016008318634703755,4.555009365081787
4DGaussians (Wu et al.),4DGaussians,bouncingballs,iterations,bouncingballs_iters27000,False,3000,21000,24000,24000,fine,1742.4671182632446,1844.1136469841003,101.64652872085571,37.10893125534058,0.9915051966905594,0.016054576728492975,0.00288880699663423,0.0040100062591955105,0.00288880699663423,120372,0.0015007109614089131,4.603213310241699
4DGaussians (Wu et al.),4DGaussians,bouncingballs,iterations,bouncingballs_iters27000,False,3000,22000,25000,25000,fine,1834.7756159305573,1941.0253579616547,106.24974203109741,37.08490161895752,0.9914572298526764,0.016076322738081218,0.0029095759673509747,0.004036214803345506,0.0029095759673509747,120372,0.001210317830555141,4.588032245635986
4DGaussians (Wu et al.),4DGaussians,bouncingballs,iterations,bouncingballs_iters27000,False,3000,23000,26000,26000,fine,1925.3076403141022,2036.1454145908356,110.8377742767334,36.93688564300537,0.9914965480566025,0.015937343006953597,0.002924402739154175,0.004040212580002845,0.002924402739154175,120372,0.0014412403106689453,4.524442672729492
4DGaussians (Wu et al.),4DGaussians,bouncingballs,iterations,bouncingballs_iters27000,False,3000,24000,27000,27000,fine,2015.5344669818878,2130.8966839313507,115.36221694946289,37.0436393737793,0.9915119588375092,0.01592959533445537,0.0028910061460919677,0.004010413149371735,0.0028910061460919677,120372,0.0012337308144196868,4.546946287155151
4DGaussians (Wu et al.),4DGaussians,bouncingballs,iterations,bouncingballs_iters27000,False,3000,25000,28000,28000,fine,2105.347707748413,2225.256870985031,119.90916323661804,37.06535482406616,0.9915353298187256,0.015852726344019175,0.0028927587263751775,0.004007141017355021,0.0028927587263751775,120372,0.001358744571916759,4.5952253341674805
4DGaussians (Wu et al.),4DGaussians,bouncingballs,iterations,bouncingballs_iters27000,False,3000,26000,29000,29000,fine,2195.0515899658203,2319.555978536606,124.50438857078552,37.10366630554199,0.9914899140596389,0.01595934364013374,0.0029263823933433743,0.0040431231027469134,0.0029263823933433743,120372,0.0010591393802314997,4.5257368087768555
4DGaussians (Wu et al.),4DGaussians,bouncingballs,iterations,bouncingballs_iters27000,False,3000,27000,30000,30000,fine,2284.2402787208557,2413.270404100418,129.03012537956238,37.0787992477417,0.9914388328790664,0.016036802250891925,0.0029318599204998463,0.004057721360586593,0.0029318599204998463,120372,0.0010964896064251661,4.560275077819824
4DGaussians (Wu et al.),4DGaussians,bouncingballs,target_eval_loss,bouncingballs_loss0p005083,False,3000,1,3001,3001,fine,44.43639850616455,44.43639850616455,0.0,7.633757781982422,0.6893565893173218,0.2872969709336758,0.2421186026185751,0.25582356423139574,0.2421186026185751,26907,0.28658241033554077,13.619091510772705
4DGaussians (Wu et al.),4DGaussians,bouncingballs,target_eval_loss,bouncingballs_loss0p005083,False,3000,474,3474,3474,fine,74.44138717651367,88.08663058280945,13.645243406295776,28.48082513809204,0.9708276748657226,0.052377890609204766,0.008147648721933364,0.012352584004402166,0.008147648721933364,26907,0.006287706550210714,3.847905158996582
4DGaussians (Wu et al.),4DGaussians,bouncingballs,target_eval_loss,bouncingballs_loss0p005083,False,3000,994,3994,3994,fine,104.4642391204834,121.98617625236511,17.521937131881714,29.905811882019044,0.9766742557287216,0.03975721802562475,0.006324489088729024,0.009724740125238905,0.006324489088729024,29738,0.00853635836392641,3.9779162406921387
4DGaussians (Wu et al.),4DGaussians,bouncingballs,target_eval_loss,bouncingballs_loss0p005083,False,3000,1526,4526,4526,fine,134.4982349872589,156.02300906181335,21.524774074554443,29.48618965148926,0.9776131808757782,0.03601152105256915,0.006042068800888955,0.009311018865555524,0.006042068800888955,34740,0.005773591808974743,3.937955379486084
4DGaussians (Wu et al.),4DGaussians,bouncingballs,target_eval_loss,bouncingballs_loss0p005083,False,3000,2057,5057,5057,fine,164.49967288970947,189.98308801651,25.483415126800537,29.82854986190796,0.9782104969024659,0.0332275815308094,0.005614538444206119,0.008849531374871721,0.005614538444206119,39043,0.005003694444894791,3.9993836879730225
4DGaussians (Wu et al.),4DGaussians,bouncingballs,target_eval_loss,bouncingballs_loss0p005083,False,3000,2576,5576,5576,fine,194.5018916130066,224.0137665271759,29.51187491416931,31.336841297149657,0.981890007853508,0.029538901522755623,0.004857899527996779,0.007508318051695825,0.004857899527996779,43507,0.004470219835639,4.056725978851318
4DGaussians (Wu et al.),4DGaussians,bouncingballs,target_eval_loss,bouncingballs_loss0p005083,False,3000,3078,6078,6078,fine,224.50842809677124,258.09422874450684,33.585800647735596,32.364567852020265,0.9830032348632812,0.03138736747205258,0.0048501438810490075,0.0072794681321829615,0.0048501438810490075,48071,0.005959131754934788,4.051636219024658
4DGaussians (Wu et al.),4DGaussians,hellwarrior,iterations,hellwarrior_iters27000,False,3000,1,3001,3001,fine,29.22224235534668,29.22224235534668,0.0,27.224032974243165,0.8782052785158158,0.11195048801600933,0.013520190375857055,0.03517509659752249,0.013520190375857055,4382,0.010079950094223022,5.356991767883301
4DGaussians (Wu et al.),4DGaussians,hellwarrior,iterations,hellwarrior_iters27000,False,3000,1000,4000,4000,fine,56.731300830841064,62.098341941833496,5.367041110992432,33.34225616455078,0.9447922527790069,0.10201791152358056,0.005448384559713304,0.015400257091969263,0.005448384559713304,4624,0.0048613231629133224,3.9392828941345215
4DGaussians (Wu et al.),4DGaussians,hellwarrior,iterations,hellwarrior_iters27000,False,3000,2000,5000,5000,fine,83.87465047836304,93.19504141807556,9.320390939712524,34.613708114624025,0.9547036617994309,0.09161528199911118,0.004511316597927362,0.012668320918455711,0.004511316597927362,5400,0.0043236566707491875,4.10621452331543
4DGaussians (Wu et al.),4DGaussians,hellwarrior,iterations,hellwarrior_iters27000,False,3000,3000,6000,6000,fine,111.10233211517334,124.5420355796814,13.439703464508057,35.70497856140137,0.9605211287736892,0.08244238272309304,0.0039460149360820655,0.011052586194127807,0.0039460149360820655,5955,0.0027133815456181765,4.2995898723602295
4DGaussians (Wu et al.),4DGaussians,hellwarrior,iterations,hellwarrior_iters27000,False,3000,4000,7000,7000,fine,138.4177429676056,156.16922092437744,17.75147795677185,36.32022953033447,0.9638819038867951,0.0762990964576602,0.0036307577742263676,0.010128225442022082,0.0036307577742263676,6339,0.0036537565756589174,4.428115606307983
4DGaussians (Wu et al.),4DGaussians,hellwarrior,iterations,hellwarrior_iters27000,False,3000,5000,8000,8000,fine,165.5347249507904,187.7266662120819,22.191941261291504,36.76889553070068,0.9668531477451324,0.071086585521698,0.0034000405808910727,0.009349402915686374,0.0034000405808910727,6647,0.002829546108841896,4.256595611572266
4DGaussians (Wu et al.),4DGaussians,hellwarrior,iterations,hellwarrior_iters27000,False,3000,6000,9000,9000,fine,192.68522834777832,219.16230154037476,26.477073192596436,37.23573055267334,0.969196817278862,0.0664983430877328,0.003193097619805485,0.008715114640071993,0.003193097619805485,6814,0.0025672605261206627,4.382237434387207
4DGaussians (Wu et al.),4DGaussians,hellwarrior,iterations,hellwarrior_iters27000,False,3000,7000,10000,10000,fine,219.6147699356079,250.4894676208496,30.8746976852417,37.52519626617432,0.9708034485578537,0.06315945442765951,0.0030885083950124683,0.00831011700443923,0.0030885083950124683,6939,0.0020806079264730215,4.286167860031128
4DGaussians (Wu et al.),4DGaussians,hellwarrior,iterations,hellwarrior_iters27000,False,3000,8000,11000,11000,fine,246.9302613735199,282.1074552536011,35.17719388008118,37.785240936279294,0.9719897985458374,0.060737117752432825,0.0029617306659929453,0.007971424823626868,0.0029617306659929453,7027,0.0023157019168138504,4.315129041671753
4DGaussians (Wu et al.),4DGaussians,hellwarrior,iterations,hellwarrior_iters27000,False,3000,9000,12000,12000,fine,273.97149658203125,313.4773597717285,39.505863189697266,37.98915481567383,0.9729867190122604,0.058699617721140386,0.00288379427511245,0.007709691617637878,0.00288379427511245,7100,0.0022263696882873774,4.356420278549194
4DGaussians (Wu et al.),4DGaussians,hellwarrior,iterations,hellwarrior_iters27000,False,3000,10000,13000,13000,fine,301.03364515304565,344.9132034778595,43.87955832481384,38.15496654510498,0.9736837893724442,0.05717550627887249,0.0028160649817436934,0.007516094110906124,0.0028160649817436934,7149,0.001983427908271551,4.281698703765869
4DGaussians (Wu et al.),4DGaussians,hellwarrior,iterations,hellwarrior_iters27000,False,3000,11000,14000,14000,fine,328.25282979011536,376.4273910522461,48.17456126213074,38.23721981048584,0.9741992384195328,0.055993974953889844,0.0027825344528537243,0.007386179878376416,0.0027825344528537243,7189,0.0022533501032739878,4.297997951507568
4DGaussians (Wu et al.),4DGaussians,hellwarrior,iterations,hellwarrior_iters27000,False,3000,12000,15000,15000,fine,355.33706855773926,407.82295298576355,52.48588442802429,38.365643692016604,0.9746860653162003,0.05497738197445869,0.002738523232983425,0.007253605523146685,0.002738523232983425,7233,0.0018639217596501112,4.287750005722046
4DGaussians (Wu et al.),4DGaussians,hellwarrior,iterations,hellwarrior_iters27000,False,3000,13000,16000,16000,fine,382.4353919029236,439.22486758232117,56.78947567939758,38.3993335723877,0.9748631954193115,0.05416929945349693,0.002715484664076939,0.0071997486473992425,0.002715484664076939,7250,0.001795286196283996,4.368600845336914
4DGaussians (Wu et al.),4DGaussians,hellwarrior,iterations,hellwarrior_iters27000,False,3000,14000,17000,17000,fine,409.3403284549713,470.5209505558014,61.18062210083008,38.44515209197998,0.9751662611961365,0.053612606786191466,0.0026845333632081747,0.007114374451339245,0.0026845333632081747,7259,0.001980411121621728,4.299222707748413
4DGaussians (Wu et al.),4DGaussians,hellwarrior,iterations,hellwarrior_iters27000,False,3000,15000,18000,18000,fine,436.3636419773102,501.8591604232788,65.49551844596863,38.5000732421875,0.9754699617624283,0.052883418276906013,0.0026637683622539043,0.007037022337317468,0.0026637683622539043,7259,0.001863099285401404,4.301318883895874
4DGaussians (Wu et al.),4DGaussians,hellwarrior,iterations,hellwarrior_iters27000,False,3000,16000,19000,19000,fine,462.80608916282654,532.6159689426422,69.80987977981567,38.53183097839356,0.9756271809339523,0.052455075457692145,0.0026456066756509245,0.006991049153730283,0.0026456066756509245,7259,0.001507914625108242,4.295708417892456
4DGaussians (Wu et al.),4DGaussians,hellwarrior,iterations,hellwarrior_iters27000,False,3000,17000,20000,20000,fine,489.51598358154297,563.6345820426941,74.11859846115112,38.55322952270508,0.9757373243570328,0.052114405855536464,0.0026355488691478966,0.006960974223911768,0.0026355488691478966,7259,0.0016121864318847656,4.347781181335449
4DGaussians (Wu et al.),4DGaussians,hellwarrior,iterations,hellwarrior_iters27000,False,3000,18000,21000,21000,fine,515.7051556110382,594.1845297813416,78.47937417030334,38.58541202545166,0.9758660852909088,0.051774623431265356,0.002622295648325235,0.00692461946047843,0.002622295648325235,7259,0.0022121926303952932,4.35334324836731
4DGaussians (Wu et al.),4DGaussians,hellwarrior,iterations,hellwarrior_iters27000,False,3000,19000,22000,22000,fine,542.0265681743622,624.8724513053894,82.84588313102722,38.59590244293213,0.9759305745363236,0.05155799649655819,0.002616020862478763,0.006906701782718292,0.002616020862478763,7259,0.0016068973345682025,4.2787463665008545
4DGaussians (Wu et al.),4DGaussians,hellwarrior,iterations,hellwarrior_iters27000,False,3000,20000,23000,23000,fine,568.6457858085632,655.783985376358,87.1381995677948,38.5917308807373,0.9759581804275512,0.05140175130218268,0.0026166813157033177,0.00690170896705241,0.0026166813157033177,7259,0.0018491999944671988,4.31266975402832
4DGaussians (Wu et al.),4DGaussians,hellwarrior,iterations,hellwarrior_iters27000,False,3000,21000,24000,24000,fine,595.7816655635834,687.2458159923553,91.46415042877197,38.59717082977295,0.9760170370340348,0.051183676905930044,0.0026117147819604723,0.006885964418761428,0.0026117147819604723,7259,0.0018614568980410695,4.3137407302856445
4DGaussians (Wu et al.),4DGaussians,hellwarrior,iterations,hellwarrior_iters27000,False,3000,22000,25000,25000,fine,622.4884924888611,718.2913229465485,95.80283045768738,38.62630424499512,0.9761067688465118,0.051001775451004504,0.002596929291030392,0.00685618966352195,0.002596929291030392,7259,0.001580582931637764,4.354834794998169
4DGaussians (Wu et al.),4DGaussians,hellwarrior,iterations,hellwarrior_iters27000,False,3000,23000,26000,26000,fine,649.1240472793579,749.3010423183441,100.1769950389862,38.62907962799072,0.9761500805616379,0.05092443339526653,0.002596930309664458,0.00684752813540399,0.002596930309664458,7259,0.0017348702531307936,4.30712628364563
4DGaussians (Wu et al.),4DGaussians,hellwarrior,iterations,hellwarrior_iters27000,False,3000,24000,27000,27000,fine,675.978221654892,780.4759950637817,104.49777340888977,38.635461235046385,0.9761680066585541,0.05075888261198998,0.0025956838973797856,0.006842945786193013,0.0025956838973797856,7259,0.0014126184396445751,4.290081262588501
4DGaussians (Wu et al.),4DGaussians,hellwarrior,iterations,hellwarrior_iters27000,False,3000,25000,28000,28000,fine,702.899911403656,811.702828168869,108.80291676521301,38.63541946411133,0.9761773318052291,0.05067068934440613,0.0025917841761838646,0.006837960979901264,0.0025917841761838646,7259,0.0016729243798181415,4.309650421142578
4DGaussians (Wu et al.),4DGaussians,hellwarrior,iterations,hellwarrior_iters27000,False,3000,26000,29000,29000,fine,729.7343916893005,842.860137462616,113.12574577331543,38.643801879882815,0.976272314786911,0.05046827243641019,0.0025862298090942202,0.006814520889893174,0.0025862298090942202,7259,0.0015734495827928185,4.3114013671875
4DGaussians (Wu et al.),4DGaussians,hellwarrior,iterations,hellwarrior_iters27000,False,3000,27000,30000,30000,fine,756.209963798523,873.6707942485809,117.46083045005798,38.65237560272217,0.9762926816940307,0.050369065068662164,0.0025807462516240776,0.006806060662493119,0.0025807462516240776,7259,0.0016461577033624053,4.392487287521362
4DGaussians (Wu et al.),4DGaussians,hellwarrior,target_eval_loss,hellwarrior_loss0p005358,False,3000,1,3001,3001,fine,31.00418734550476,31.00418734550476,0.0,27.239599227905273,0.8782393366098404,0.11251738332211972,0.013503389712423087,0.03515484444797039,0.013503389712423087,4421,0.0101022245362401,5.4049224853515625
4DGaussians (Wu et al.),4DGaussians,hellwarrior,target_eval_loss,hellwarrior_loss0p005358,False,3000,1019,4019,4019,fine,61.01320958137512,66.43042731285095,5.41721773147583,33.36820201873779,0.9468143850564956,0.10155987106263638,0.005336882080882788,0.014906628653407108,0.005336882080882788,4741,0.005910294596105814,3.818885087966919
4DGaussians (Wu et al.),4DGaussians,hellwarrior,target_eval_loss,hellwarrior_loss0p005358,False,3000,2053,5053,5053,fine,91.01702332496643,100.26876902580261,9.251745700836182,34.97339515686035,0.9553779333829879,0.09066641740500928,0.004382774222176522,0.012430632701143631,0.004382774222176522,5445,0.003842234378680587,3.7711424827575684
4DGaussians (Wu et al.),4DGaussians,hook,iterations,hook_iters27000,False,3000,1,3001,3001,fine,34.641048192977905,34.641048192977905,0.0,18.3168954372406,0.8583974570035935,0.13315620496869088,0.03840348897501826,0.05904329977929591,0.03840348897501826,13719,0.03678730130195618,6.484436750411987
4DGaussians (Wu et al.),4DGaussians,hook,iterations,hook_iters27000,False,3000,1000,4000,4000,fine,67.35617876052856,73.85279154777527,6.496612787246704,26.882245540618896,0.924717852473259,0.09332615695893764,0.011174801667220891,0.023996270839124915,0.011174801667220891,14738,0.011603588238358498,4.325626850128174
4DGaussians (Wu et al.),4DGaussians,hook,iterations,hook_iters27000,False,3000,2000,5000,5000,fine,97.5289077758789,108.36558222770691,10.836674451828003,27.62084789276123,0.9325163871049881,0.07994477413594722,0.00968142410274595,0.021241861861199147,0.00968142410274595,17660,0.011385921388864517,4.338507413864136
4DGaussians (Wu et al.),4DGaussians,hook,iterations,hook_iters27000,False,3000,3000,6000,6000,fine,127.97115087509155,143.15857481956482,15.187423944473267,29.071108913421632,0.9431765109300614,0.0698360363021493,0.008082070341333746,0.01783035408705472,0.008082070341333746,19821,0.007895211689174175,4.3413777351379395
4DGaussians (Wu et al.),4DGaussians,hook,iterations,hook_iters27000,False,3000,4000,7000,7000,fine,158.61612582206726,178.1599247455597,19.54379892349243,29.838811492919923,0.9487202852964401,0.06272974908351898,0.007172086276113987,0.01599361196160316,0.007172086276113987,21712,0.006889460142701864,4.290102958679199
4DGaussians (Wu et al.),4DGaussians,hook,iterations,hook_iters27000,False,3000,5000,8000,8000,fine,189.43453574180603,213.28228330612183,23.847747564315796,30.80763187408447,0.9564430832862854,0.055397508293390275,0.006325307441875339,0.0137716292962432,0.006325307441875339,23375,0.006170456297695637,4.374263763427734
4DGaussians (Wu et al.),4DGaussians,hook,iterations,hook_iters27000,False,3000,6000,9000,9000,fine,220.6226291656494,248.86041402816772,28.23778486251831,31.12641372680664,0.9581360995769501,0.051568344980478284,0.006064523651730269,0.013224399005994193,0.006064523651730269,24827,0.005959535948932171,4.328980922698975
4DGaussians (Wu et al.),4DGaussians,hook,iterations,hook_iters27000,False,3000,7000,10000,10000,fine,252.10735273361206,284.7011868953705,32.59383416175842,31.56755723953247,0.9609591603279114,0.04752935655415058,0.005755746050272137,0.01241276477463543,0.005755746050272137,25780,0.006727346684783697,4.391534805297852
4DGaussians (Wu et al.),4DGaussians,hook,iterations,hook_iters27000,False,3000,8000,11000,11000,fine,283.87013506889343,320.86842608451843,36.998291015625,32.52201375961304,0.9664330303668975,0.043754791282117365,0.005079158442094922,0.01077672068029643,0.005079158442094922,26677,0.003690750803798437,4.32731032371521
4DGaussians (Wu et al.),4DGaussians,hook,iterations,hook_iters27000,False,3000,9000,12000,12000,fine,315.9169919490814,357.2576382160187,41.340646266937256,32.627377891540526,0.9674223959445953,0.04137683231383562,0.00497626633150503,0.010496533876284957,0.00497626633150503,27414,0.0038959465455263853,4.341993808746338
4DGaussians (Wu et al.),4DGaussians,hook,iterations,hook_iters27000,False,3000,10000,13000,13000,fine,348.1361675262451,393.83215403556824,45.69598650932312,33.14307041168213,0.9697452068328858,0.03944298587739468,0.004693736007902771,0.00980594743974506,0.004693736007902771,27810,0.004406736232340336,4.344022750854492
4DGaussians (Wu et al.),4DGaussians,hook,iterations,hook_iters27000,False,3000,11000,14000,14000,fine,380.4563400745392,430.516099691391,50.05975961685181,33.189783573150635,0.9700717002153396,0.038028700090944764,0.004673710686620325,0.009724628506228336,0.004673710686620325,28203,0.0036931487265974283,4.309746265411377
4DGaussians (Wu et al.),4DGaussians,hook,iterations,hook_iters27000,False,3000,12000,15000,15000,fine,412.5359377861023,466.91901540756226,54.38307762145996,33.40976858139038,0.9711460113525391,0.0370017409324646,0.004538783431053161,0.009401824474334712,0.004538783431053161,28495,0.0023968492168933153,4.387812852859497
4DGaussians (Wu et al.),4DGaussians,hook,iterations,hook_iters27000,False,3000,13000,16000,16000,fine,444.892760515213,503.6799829006195,58.787222385406494,33.60089139938354,0.9717082887887954,0.036313468404114244,0.00445706972386688,0.009223998021334414,0.00445706972386688,28662,0.002992932451888919,4.3320207595825195
4DGaussians (Wu et al.),4DGaussians,hook,iterations,hook_iters27000,False,3000,14000,17000,17000,fine,477.7885160446167,540.9218258857727,63.133309841156006,33.64362955093384,0.9719313681125641,0.03572877924889326,0.004435409465804696,0.00916205395013094,0.004435409465804696,28802,0.00328469043597579,4.3331298828125
4DGaussians (Wu et al.),4DGaussians,hook,iterations,hook_iters27000,False,3000,15000,18000,18000,fine,510.0114827156067,577.4986844062805,67.48720169067383,33.64749174118042,0.9721440017223358,0.03527966924011707,0.004411114926915616,0.009100091597065325,0.004411114926915616,28927,0.002539727371186018,4.357752323150635
4DGaussians (Wu et al.),4DGaussians,hook,iterations,hook_iters27000,False,3000,16000,19000,19000,fine,541.6386353969574,613.4982016086578,71.85956621170044,33.72542676925659,0.9723144948482514,0.03487568236887455,0.004390597820747644,0.009049579286947839,0.004390597820747644,28927,0.0028301102574914694,4.306797981262207
4DGaussians (Wu et al.),4DGaussians,hook,iterations,hook_iters27000,False,3000,17000,20000,20000,fine,572.7993319034576,648.9790060520172,76.17967414855957,33.77960090637207,0.972573509812355,0.034503600746393207,0.004356703348457813,0.008970660716295247,0.004356703348457813,28927,0.002709377557039261,4.36147141456604
4DGaussians (Wu et al.),4DGaussians,hook,iterations,hook_iters27000,False,3000,18000,21000,21000,fine,604.1295022964478,684.6835553646088,80.55405306816101,33.75909633636475,0.9725240916013718,0.03430604487657547,0.004368495044764132,0.008989977715536952,0.004368495044764132,28927,0.0025176675990223885,4.332313060760498
4DGaussians (Wu et al.),4DGaussians,hook,iterations,hook_iters27000,False,3000,19000,22000,22000,fine,635.7024028301239,720.6024787425995,84.90007591247559,33.82829627990723,0.9727870285511017,0.034021608624607326,0.004333714873064309,0.008909566188231115,0.004333714873064309,28927,0.0019335785182192922,4.362194061279297
4DGaussians (Wu et al.),4DGaussians,hook,iterations,hook_iters27000,False,3000,20000,23000,23000,fine,667.415162563324,756.6919031143188,89.27674055099487,33.83247880935669,0.9727819204330445,0.03389542093500495,0.004335643071681261,0.008912130370736118,0.004335643071681261,28927,0.0024553141556680202,4.325892210006714
4DGaussians (Wu et al.),4DGaussians,hook,iterations,hook_iters27000,False,3000,21000,24000,24000,fine,699.8382723331451,793.4565422534943,93.61826992034912,33.863457107543944,0.9728817611932754,0.033673706091940404,0.004321757261641324,0.008881053570657979,0.004321757261641324,28927,0.0025703159626573324,4.326336860656738
4DGaussians (Wu et al.),4DGaussians,hook,iterations,hook_iters27000,False,3000,22000,25000,25000,fine,731.3616452217102,829.3206322193146,97.95898699760437,33.87663869857788,0.9729235172271729,0.033584213629364965,0.0043159459019079804,0.008868053276091815,0.0043159459019079804,28927,0.0029225798789411783,4.339034557342529
4DGaussians (Wu et al.),4DGaussians,hook,iterations,hook_iters27000,False,3000,23000,26000,26000,fine,763.444153547287,865.7743754386902,102.3302218914032,33.89707117080688,0.9730152785778046,0.03346723783761263,0.004306948778685182,0.008842503307387234,0.004306948778685182,28927,0.002678586170077324,4.316483736038208
4DGaussians (Wu et al.),4DGaussians,hook,iterations,hook_iters27000,False,3000,24000,27000,27000,fine,795.0225563049316,901.6835007667542,106.66094446182251,33.887118625640866,0.9729990005493164,0.03340882258489728,0.004311057180166245,0.008849045634269711,0.004311057180166245,28927,0.002393426839262247,4.348752737045288
4DGaussians (Wu et al.),4DGaussians,hook,iterations,hook_iters27000,False,3000,25000,28000,28000,fine,827.0319547653198,938.056250333786,111.02429556846619,33.90671520233154,0.9730607151985169,0.03323340192437172,0.00430532795144245,0.008832119321450583,0.00430532795144245,28927,0.0023777964524924755,4.316545009613037
4DGaussians (Wu et al.),4DGaussians,hook,iterations,hook_iters27000,False,3000,26000,29000,29000,fine,858.9003248214722,974.2556159496307,115.35529112815857,33.91162033081055,0.9730792731046677,0.033162801340222356,0.004303288704250008,0.00882677634246647,0.004303288704250008,28927,0.002051351359114051,4.354031801223755
4DGaussians (Wu et al.),4DGaussians,hook,iterations,hook_iters27000,False,3000,27000,30000,30000,fine,890.8171164989471,1010.5407452583313,119.72362875938416,33.91882658004761,0.9731002032756806,0.0331421485170722,0.00430297675775364,0.008822340751066795,0.00430297675775364,28927,0.002326869871467352,4.309679985046387
4DGaussians (Wu et al.),4DGaussians,hook,target_eval_loss,hook_loss0p006253,False,3000,1,3001,3001,fine,34.02139759063721,34.02139759063721,0.0,18.326622200012206,0.8584272235631942,0.13313283659517766,0.03840231383219361,0.05903640635311605,0.03840231383219361,14125,0.0369255505502224,5.344525337219238
4DGaussians (Wu et al.),4DGaussians,hook,target_eval_loss,hook_loss0p006253,False,3000,886,3886,3886,fine,64.03718042373657,69.40480399131775,5.367623567581177,26.650229740142823,0.9222506016492844,0.09539461694657803,0.011588742723688483,0.024820873849093907,0.011588742723688483,14749,0.011729658581316471,3.8723206520080566
4DGaussians (Wu et al.),4DGaussians,hook,target_eval_loss,hook_loss0p006253,False,3000,1868,4868,4868,fine,94.04011631011963,103.29489541053772,9.25477910041809,27.975376987457274,0.9353221267461777,0.08050140589475632,0.009292395552620292,0.020369491092860702,0.009292395552620292,17579,0.007532837800681591,3.822610855102539
4DGaussians (Wu et al.),4DGaussians,hook,target_eval_loss,hook_loss0p006253,False,3000,2854,5854,5854,fine,124.0416407585144,137.13607144355774,13.094430685043335,29.075947093963624,0.9430997043848037,0.06983588207513095,0.008123195730149746,0.017878615707159054,0.008123195730149746,19958,0.0050753760151565075,3.9241714477539062
4DGaussians (Wu et al.),4DGaussians,hook,target_eval_loss,hook_loss0p006253,False,3000,3820,6820,6820,fine,154.05049967765808,171.08797883987427,17.037479162216187,29.61155433654785,0.94714075922966,0.063596336171031,0.007434890558943153,0.01651976060122252,0.007434890558943153,21921,0.0041868966072797775,3.849351644515991
4DGaussians (Wu et al.),4DGaussians,hook,target_eval_loss,hook_loss0p006253,False,3000,4791,7791,7791,fine,184.07850909233093,204.97844743728638,20.899938344955444,31.14668998718262,0.9573415845632554,0.055846394039690495,0.0061235305038280785,0.013430507490411393,0.0061235305038280785,23491,0.003960127010941505,3.866063117980957
4DGaussians (Wu et al.),4DGaussians,hook,target_eval_loss,hook_loss0p006253,False,3000,5740,8740,8740,fine,214.0936198234558,238.87751293182373,24.78389310836792,31.546618938446045,0.9606584072113037,0.050995238684117795,0.005720830603968352,0.012444983040913944,0.005720830603968352,25019,0.004552045371383429,3.9524083137512207
4DGaussians (Wu et al.),4DGaussians,jumpingjacks,iterations,jumpingjacks_iters27000,False,3000,1,3001,3001,fine,32.74479150772095,32.74479150772095,0.0,17.893023109436037,0.9032359749078751,0.10591451898217201,0.03533487534150481,0.04762070529162883,0.03533487534150481,10903,0.047072041779756546,6.665342092514038
4DGaussians (Wu et al.),4DGaussians,jumpingjacks,iterations,jumpingjacks_iters27000,False,3000,1000,4000,4000,fine,65.1261944770813,71.80371260643005,6.677518129348755,26.094680309295654,0.9485940635204315,0.07093202462419868,0.009560865873936564,0.017929879995062948,0.009560865873936564,11747,0.007820949889719486,4.082706451416016
4DGaussians (Wu et al.),4DGaussians,jumpingjacks,iterations,jumpingjacks_iters27000,False,3000,2000,5000,5000,fine,95.04898262023926,105.82253575325012,10.773553133010864,27.281035137176513,0.955257984995842,0.060422931984066966,0.007724663743283599,0.015128133995458475,0.007724663743283599,14638,0.00661562429741025,4.0458738803863525
4DGaussians (Wu et al.),4DGaussians,jumpingjacks,iterations,jumpingjacks_iters27000,False,3000,3000,6000,6000,fine,125.69859194755554,140.5333914756775,14.834799528121948,29.03867359161377,0.9643094360828399,0.050740685872733594,0.0057867659954354165,0.01176752557978035,0.0057867659954354165,16683,0.007041244767606258,3.98459792137146
4DGaussians (Wu et al.),4DGaussians,jumpingjacks,iterations,jumpingjacks_iters27000,False,3000,4000,7000,7000,fine,156.30360960960388,175.14601278305054,18.842403173446655,30.69963960647583,0.969808828830719,0.04396752747707069,0.004739125905325636,0.009829534958116719,0.004739125905325636,17976,0.006518165580928326,4.048925399780273
4DGaussians (Wu et al.),4DGaussians,jumpingjacks,iterations,jumpingjacks_iters27000,False,3000,5000,8000,8000,fine,186.44789385795593,209.3528311252594,22.904937267303467,31.11643257141113,0.9719959527254105,0.039611964207142594,0.004461974691366777,0.009170389208011321,0.004461974691366777,19036,0.0030471249483525753,3.9760682582855225
4DGaussians (Wu et al.),4DGaussians,jumpingjacks,iterations,jumpingjacks_iters27000,False,3000,6000,9000,9000,fine,216.30823302268982,243.2062771320343,26.898044109344482,31.947952365875246,0.974997416138649,0.034955715946853164,0.003987148613668978,0.008190235663205385,0.003987148613668978,19845,0.0048261648043990135,3.9997010231018066
4DGaussians (Wu et al.),4DGaussians,jumpingjacks,iterations,jumpingjacks_iters27000,False,3000,7000,10000,10000,fine,246.58935260772705,277.50192618370056,30.91257357597351,32.17499170303345,0.9749429374933243,0.03299886090680957,0.0038793154584709556,0.008114864868111908,0.0038793154584709556,20307,0.0014712662668898702,4.0853447914123535
4DGaussians (Wu et al.),4DGaussians,jumpingjacks,iterations,jumpingjacks_iters27000,False,3000,8000,11000,11000,fine,276.8107030391693,311.82622265815735,35.01551961898804,33.055130577087404,0.9783786445856094,0.029794739838689566,0.0034283592307474465,0.007066958467476075,0.0034283592307474465,20722,0.0016996808117255569,3.9714040756225586
4DGaussians (Wu et al.),4DGaussians,jumpingjacks,iterations,jumpingjacks_iters27000,False,3000,9000,12000,12000,fine,307.19425892829895,346.1979413032532,39.003682374954224,33.827074432373045,0.9803670942783356,0.027347889775410295,0.0031152491981629284,0.006418780502863229,0.0031152491981629284,20995,0.0008859523222781718,4.050721168518066
4DGaussians (Wu et al.),4DGaussians,jumpingjacks,iterations,jumpingjacks_iters27000,False,3000,10000,13000,13000,fine,338.1268436908722,381.1975750923157,43.07073140144348,34.31847810745239,0.9816959828138352,0.025885985512286425,0.002923019477748312,0.005999219019431613,0.002923019477748312,21135,0.0020716197323054075,4.005029201507568
4DGaussians (Wu et al.),4DGaussians,jumpingjacks,iterations,jumpingjacks_iters27000,False,3000,11000,14000,14000,fine,368.4154634475708,415.50843572616577,47.09297227859497,34.70145797729492,0.98266681432724,0.024296517204493284,0.002792268680059351,0.005700452078599479,0.002792268680059351,21260,0.0027482148725539446,3.979548931121826
4DGaussians (Wu et al.),4DGaussians,jumpingjacks,iterations,jumpingjacks_iters27000,False,3000,12000,15000,15000,fine,398.9674253463745,450.05626106262207,51.08883571624756,34.9896897315979,0.9832672834396362,0.02338140320498496,0.0027001355425454675,0.005506651746109132,0.0027001355425454675,21362,0.0028908594977110624,4.019768476486206
4DGaussians (Wu et al.),4DGaussians,jumpingjacks,iterations,jumpingjacks_iters27000,False,3000,13000,16000,16000,fine,429.37498569488525,484.4965181350708,55.12153244018555,35.23594951629639,0.9837062031030654,0.02256675558164716,0.0026500005333218724,0.005378759806044409,0.0026500005333218724,21434,0.0014410266885533929,4.002104997634888
4DGaussians (Wu et al.),4DGaussians,jumpingjacks,iterations,jumpingjacks_iters27000,False,3000,14000,17000,17000,fine,459.8864357471466,519.0247514247894,59.13831567764282,35.4482759475708,0.9842379808425903,0.02195611777715385,0.002567254731548019,0.005206207616720358,0.002567254731548019,21482,0.0014384102541953325,4.04601526260376
4DGaussians (Wu et al.),4DGaussians,jumpingjacks,iterations,jumpingjacks_iters27000,False,3000,15000,18000,18000,fine,491.00474643707275,554.204793214798,63.20004677772522,35.58130121231079,0.9845899999141693,0.02156895585358143,0.002520991719211452,0.005098793392535304,0.002520991719211452,21543,0.001960182096809149,3.9873180389404297
4DGaussians (Wu et al.),4DGaussians,jumpingjacks,iterations,jumpingjacks_iters27000,False,3000,16000,19000,19000,fine,521.0840787887573,588.2853195667267,67.20124077796936,35.71309356689453,0.9848151981830597,0.021024496597237884,0.0024930709914769977,0.005031417156569651,0.0024930709914769977,21543,0.0024080509319901466,4.006811141967773
4DGaussians (Wu et al.),4DGaussians,jumpingjacks,iterations,jumpingjacks_iters27000,False,3000,17000,20000,20000,fine,550.8535330295563,622.0818853378296,71.22835230827332,35.7484733581543,0.984876623749733,0.020681498502381147,0.0024860457982867957,0.005013511888682847,0.0024860457982867957,21543,0.0008715653675608337,4.052653789520264
4DGaussians (Wu et al.),4DGaussians,jumpingjacks,iterations,jumpingjacks_iters27000,False,3000,18000,21000,21000,fine,580.8549664020538,656.1497168540955,75.29475045204163,35.825744438171384,0.9851017326116562,0.020365847693756222,0.0024638234142912553,0.004950712209101758,0.0024638234142912553,21543,0.002142885234206915,3.990257501602173
4DGaussians (Wu et al.),4DGaussians,jumpingjacks,iterations,jumpingjacks_iters27000,False,3000,19000,22000,22000,fine,610.6139314174652,689.912611246109,79.2986798286438,35.869604396820066,0.9851835638284683,0.020168943994212894,0.002448016396374442,0.0049217003514058985,0.002448016396374442,21543,0.0017593515804037452,4.024538278579712
4DGaussians (Wu et al.),4DGaussians,jumpingjacks,iterations,jumpingjacks_iters27000,False,3000,20000,23000,23000,fine,641.0663409233093,724.4125986099243,83.34625768661499,35.91115093231201,0.9852360725402832,0.02001370246289298,0.00243942265806254,0.004904323618393387,0.00243942265806254,21543,0.0024082909803837538,4.049519300460815
4DGaussians (Wu et al.),4DGaussians,jumpingjacks,iterations,jumpingjacks_iters27000,False,3000,21000,24000,24000,fine,670.95880818367,758.3714861869812,87.41267800331116,35.860663414001465,0.9851430356502533,0.019942499266471715,0.002453705621883273,0.00493435736745596,0.002453705621883273,21543,0.0015619008336216211,4.045842885971069
4DGaussians (Wu et al.),4DGaussians,jumpingjacks,iterations,jumpingjacks_iters27000,False,3000,22000,25000,25000,fine,701.2252399921417,792.6985628604889,91.47332286834717,35.898701190948486,0.9852169692516327,0.019842299213632942,0.0024480567371938378,0.004915051539428528,0.0024480567371938378,21543,0.0019382806494832039,4.044034004211426
4DGaussians (Wu et al.),4DGaussians,jumpingjacks,iterations,jumpingjacks_iters27000,False,3000,23000,26000,26000,fine,731.6363332271576,827.1781804561615,95.5418472290039,35.90893678665161,0.9852635830640792,0.01977196193765849,0.002440380668849684,0.004899587922263899,0.002440380668849684,21543,0.0009818176040425897,4.019525527954102
4DGaussians (Wu et al.),4DGaussians,jumpingjacks,iterations,jumpingjacks_iters27000,False,3000,24000,27000,27000,fine,761.5849766731262,861.1609885692596,99.57601189613342,35.94126224517822,0.9853121310472488,0.0197037641890347,0.0024328139756107704,0.004883824971038857,0.0024328139756107704,21543,0.001493773190304637,3.9959418773651123
4DGaussians (Wu et al.),4DGaussians,jumpingjacks,iterations,jumpingjacks_iters27000,False,3000,25000,28000,28000,fine,791.7369301319122,895.3284888267517,103.59155869483948,35.99581775665283,0.9854488551616669,0.019511754054110497,0.0024142859474522993,0.004841657725628457,0.0024142859474522993,21543,0.001423044130206108,4.074753046035767
4DGaussians (Wu et al.),4DGaussians,jumpingjacks,iterations,jumpingjacks_iters27000,False,3000,26000,29000,29000,fine,821.9792311191559,929.6633687019348,107.68413758277893,35.96669082641601,0.9854121506214142,0.019508009508717804,0.0024217855476308613,0.004854998313821852,0.0024217855476308613,21543,0.0020052422769367695,3.9985809326171875
4DGaussians (Wu et al.),4DGaussians,jumpingjacks,iterations,jumpingjacks_iters27000,False,3000,27000,30000,30000,fine,852.0911548137665,963.7882697582245,111.69711494445801,36.00020179748535,0.9855110973119736,0.019346951402258127,0.002414521705941297,0.004829397902358315,0.002414521705941297,21543,0.001642670831643045,3.976304769515991
4DGaussians (Wu et al.),4DGaussians,jumpingjacks,target_eval_loss,jumpingjacks_loss0p00461,False,3000,1,3001,3001,fine,33.56901955604553,33.56901955604553,0.0,17.86156916618347,0.9028682798147202,0.1061016347259283,0.03549627889879048,0.047823367156088356,0.03549627889879048,10686,0.04724343493580818,5.4117326736450195
4DGaussians (Wu et al.),4DGaussians,jumpingjacks,target_eval_loss,jumpingjacks_loss0p00461,False,3000,945,3945,3945,fine,63.56948733329773,68.99272990226746,5.423242568969727,25.101614570617677,0.9448260635137558,0.07319261468946933,0.010752157820388675,0.01963651355355979,0.010752157820388675,11587,0.014758862555027008,3.8817121982574463
4DGaussians (Wu et al.),4DGaussians,jumpingjacks,target_eval_loss,jumpingjacks_loss0p00461,False,3000,1986,4986,4986,fine,93.57850980758667,102.89745903015137,9.318949222564697,27.78993978500366,0.9571710407733918,0.05930368658155203,0.007323229545727372,0.014424375481903545,0.007323229545727372,14574,0.006533059291541576,3.8015923500061035
4DGaussians (Wu et al.),4DGaussians,jumpingjacks,target_eval_loss,jumpingjacks_loss0p00461,False,3000,3032,6032,6032,fine,123.59311389923096,136.72863364219666,13.135519742965698,28.92812900543213,0.9609695404767991,0.05538994017988443,0.006397418514825404,0.012924026716500513,0.006397418514825404,16782,0.008572811260819435,3.8699753284454346
4DGaussians (Wu et al.),4DGaussians,jumpingjacks,target_eval_loss,jumpingjacks_loss0p00461,False,3000,4054,7054,7054,fine,153.60065484046936,170.625244140625,17.02458930015564,30.298841094970705,0.9687332361936569,0.04419768047519028,0.004986095719505102,0.010242229336872698,0.004986095719505102,18132,0.003222494386136532,3.827003002166748
4DGaussians (Wu et al.),4DGaussians,jumpingjacks,target_eval_loss,jumpingjacks_loss0p00461,False,3000,5091,8091,8091,fine,183.6117651462555,204.4783992767334,20.866634130477905,31.00150442123413,0.9713394731283188,0.03956993212923408,0.004438710288377478,0.009283073605038222,0.004438710288377478,19145,0.004492898937314749,3.8297131061553955
4DGaussians (Wu et al.),4DGaussians,jumpingjacks,target_eval_loss,jumpingjacks_loss0p00461,False,3000,6104,9104,9104,fine,213.63079500198364,238.34123516082764,24.710440158843994,32.12856311798096,0.9746199786663056,0.036557106953114274,0.003974720934638754,0.00825578101444989,0.003974720934638754,19960,0.0012235586764290929,3.9205479621887207
4DGaussians (Wu et al.),4DGaussians,lego,iterations,lego_iters27000,False,3000,1,3001,3001,fine,38.32835865020752,38.32835865020752,0.0,12.04711422920227,0.7347592800855637,0.2465479239821434,0.11126648262143135,0.14206133008003236,0.11126648262143135,30441,0.12256789952516556,6.05034875869751
4DGaussians (Wu et al.),4DGaussians,lego,iterations,lego_iters27000,False,3000,1000,4000,4000,fine,82.63048338890076,88.69188928604126,6.061405897140503,23.95212001800537,0.8834230840206146,0.11943358592689038,0.017780322628095747,0.037539641298353674,0.017780322628095747,33390,0.015681806951761246,4.13341760635376
4DGaussians (Wu et al.),4DGaussians,lego,iterations,lego_iters27000,False,3000,2000,5000,5000,fine,125.60969018936157,135.8176031112671,10.207912921905518,24.283889484405517,0.900678613781929,0.10087614953517914,0.01604351126588881,0.03269908625632524,0.01604351126588881,43467,0.011934706009924412,4.161379337310791
4DGaussians (Wu et al.),4DGaussians,lego,iterations,lego_iters27000,False,3000,3000,6000,6000,fine,171.7290358543396,186.1122465133667,14.3832106590271,24.77380313873291,0.9208850055932999,0.08686241507530212,0.014224478788673878,0.027202581912279127,0.014224478788673878,52475,0.00889657437801361,4.215224981307983
4DGaussians (Wu et al.),4DGaussians,lego,iterations,lego_iters27000,False,3000,4000,7000,7000,fine,220.05006909370422,238.66228222846985,18.612213134765625,24.628566169738768,0.9217179030179977,0.08125786483287811,0.014331480953842402,0.02712160415947438,0.014331480953842402,59221,0.010979603044688702,4.2004077434539795
4DGaussians (Wu et al.),4DGaussians,lego,iterations,lego_iters27000,False,3000,5000,8000,8000,fine,271.31379103660583,294.14457988739014,22.8307888507843,24.817858028411866,0.9296375632286071,0.07476591411978006,0.013477155286818743,0.02485421158373357,0.013477155286818743,66497,0.005051501095294952,4.228062868118286
4DGaussians (Wu et al.),4DGaussians,lego,iterations,lego_iters27000,False,3000,6000,9000,9000,fine,325.26494455337524,352.33794236183167,27.07299780845642,24.943559074401854,0.9329713255167007,0.07056151237338781,0.013016212545335294,0.023818704932928095,0.013016212545335294,72763,0.006357432808727026,4.2111194133758545
4DGaussians (Wu et al.),4DGaussians,lego,iterations,lego_iters27000,False,3000,7000,10000,10000,fine,381.4489963054657,412.74638533592224,31.297389030456543,24.897380352020264,0.9332554280757904,0.06826819833368063,0.013098816014826297,0.023827967196702955,0.013098816014826297,76774,0.004602915607392788,4.266459226608276
4DGaussians (Wu et al.),4DGaussians,lego,iterations,lego_iters27000,False,3000,8000,11000,11000,fine,438.9057066440582,474.4844608306885,35.57875418663025,24.82028732299805,0.9319994300603867,0.0667372526600957,0.013423522841185332,0.024338932260870937,0.013423522841185332,80756,0.006823837291449308,4.30838942527771
4DGaussians (Wu et al.),4DGaussians,lego,iterations,lego_iters27000,False,3000,9000,12000,12000,fine,497.99651980400085,537.8969268798828,39.90040707588196,24.90885124206543,0.9351781249046326,0.06473562475293874,0.012900969106703996,0.02328515030443668,0.012900969106703996,84353,0.0046320282854139805,4.269747257232666
4DGaussians (Wu et al.),4DGaussians,lego,iterations,lego_iters27000,False,3000,10000,13000,13000,fine,558.147528886795,602.3307099342346,44.183181047439575,24.894180583953858,0.935889157652855,0.0639200871810317,0.012825168156996369,0.023082302995026102,0.012825168156996369,85597,0.0067403060384094715,4.344268560409546
4DGaussians (Wu et al.),4DGaussians,lego,iterations,lego_iters27000,False,3000,11000,14000,14000,fine,618.5866742134094,667.1383850574493,48.55171084403992,24.87134952545166,0.9357023388147354,0.06321241203695535,0.012952031614258886,0.02322115752846003,0.012952031614258886,87203,0.004810011014342308,4.259474515914917
4DGaussians (Wu et al.),4DGaussians,lego,iterations,lego_iters27000,False,3000,12000,15000,15000,fine,679.4286274909973,732.2542133331299,52.82558584213257,24.884830284118653,0.9360739767551423,0.06232287269085646,0.01287341550923884,0.02308393705636262,0.01287341550923884,88243,0.004550748039036989,4.355358600616455
4DGaussians (Wu et al.),4DGaussians,lego,iterations,lego_iters27000,False,3000,13000,16000,16000,fine,740.7057077884674,797.9030115604401,57.197303771972656,24.885243606567382,0.9362442851066589,0.06226203814148903,0.012842467846348881,0.023025117255747324,0.012842467846348881,88685,0.004034246318042278,4.255645751953125
4DGaussians (Wu et al.),4DGaussians,lego,iterations,lego_iters27000,False,3000,14000,17000,17000,fine,802.0297322273254,863.4960105419159,61.466278314590454,24.872269248962404,0.9363468587398529,0.06171362269669771,0.012850459571927786,0.023010995909571647,0.012850459571927786,89111,0.004186834674328566,4.310086727142334
4DGaussians (Wu et al.),4DGaussians,lego,iterations,lego_iters27000,False,3000,15000,18000,18000,fine,863.3998599052429,929.1911370754242,65.79127717018127,24.873484706878664,0.9364751160144806,0.0613867549225688,0.012850620178505778,0.022985472939908498,0.012850620178505778,89387,0.004757182206958532,4.2572267055511475
4DGaussians (Wu et al.),4DGaussians,lego,iterations,lego_iters27000,False,3000,16000,19000,19000,fine,924.3435337543488,994.4147872924805,70.07125353813171,24.858442115783692,0.936380785703659,0.06122733540832996,0.012895264755934477,0.023040054664015777,0.012895264755934477,89387,0.004221340641379356,4.2942845821380615
4DGaussians (Wu et al.),4DGaussians,lego,iterations,lego_iters27000,False,3000,17000,20000,20000,fine,984.711718082428,1059.0916883945465,74.37997031211853,24.855502128601074,0.9363935559988021,0.061014202609658244,0.012928708642721175,0.023064255714416514,0.012928708642721175,89387,0.004061329178512096,4.2441723346710205
4DGaussians (Wu et al.),4DGaussians,lego,iterations,lego_iters27000,False,3000,18000,21000,21000,fine,1045.2249314785004,1123.8713383674622,78.64640688896179,24.85574617385864,0.9363917857408524,0.06091167740523815,0.01289883889257908,0.023040713965892794,0.01289883889257908,89387,0.0036220778711140156,4.29731297492981
4DGaussians (Wu et al.),4DGaussians,lego,iterations,lego_iters27000,False,3000,19000,22000,22000,fine,1105.7667546272278,1188.724971294403,82.9582166671753,24.85084810256958,0.9363457828760147,0.06076401434838772,0.012914916034787893,0.023062776252627384,0.012914916034787893,89387,0.002650078386068344,4.257912874221802
4DGaussians (Wu et al.),4DGaussians,lego,iterations,lego_iters27000,False,3000,20000,23000,23000,fine,1166.3797855377197,1253.6100585460663,87.23027300834656,24.843826293945312,0.9362841635942459,0.06074220705777407,0.012951290002092719,0.02310419928282499,0.012951290002092719,89387,0.003380218520760536,4.285075664520264
4DGaussians (Wu et al.),4DGaussians,lego,iterations,lego_iters27000,False,3000,21000,24000,24000,fine,1227.1721959114075,1318.701646566391,91.52945065498352,24.843112564086915,0.9362812459468841,0.06065137386322021,0.01294729565270245,0.02310158733278514,0.01294729565270245,89387,0.004044301342219114,4.253481388092041
4DGaussians (Wu et al.),4DGaussians,lego,iterations,lego_iters27000,False,3000,22000,25000,25000,fine,1288.5700492858887,1384.3690803050995,95.79903101921082,24.834186267852782,0.9362059742212295,0.06065289806574583,0.012971661379560828,0.02313613425940276,0.012971661379560828,89387,0.002811211394146085,4.272547721862793
4DGaussians (Wu et al.),4DGaussians,lego,iterations,lego_iters27000,False,3000,23000,26000,26000,fine,1349.3153762817383,1449.419058084488,100.10368180274963,24.8385178565979,0.936138653755188,0.06065843570977449,0.012961571011692286,0.02314152605831623,0.012961571011692286,89387,0.003761084284633398,4.264750242233276
4DGaussians (Wu et al.),4DGaussians,lego,iterations,lego_iters27000,False,3000,24000,27000,27000,fine,1409.971711397171,1514.3556146621704,104.38390326499939,24.834480381011964,0.9361540228128433,0.06050374805927276,0.01298195687122643,0.02315476093441248,0.01298195687122643,89387,0.0036547170020639896,4.289670705795288
4DGaussians (Wu et al.),4DGaussians,lego,iterations,lego_iters27000,False,3000,25000,28000,28000,fine,1470.1926939487457,1578.881237745285,108.6885437965393,24.82699375152588,0.9360829174518586,0.06055941507220268,0.013000007718801498,0.02318342268466949,0.013000007718801498,89387,0.00424570357427001,4.253023386001587
4DGaussians (Wu et al.),4DGaussians,lego,iterations,lego_iters27000,False,3000,26000,29000,29000,fine,1530.489891052246,1643.446934223175,112.95704317092896,24.82529306411743,0.9360925078392028,0.060502728633582595,0.013027073768898844,0.023203157447278508,0.013027073768898844,89387,0.004347208421677351,4.303727149963379
4DGaussians (Wu et al.),4DGaussians,lego,iterations,lego_iters27000,False,3000,27000,30000,30000,fine,1590.7019324302673,1707.9769773483276,117.2750449180603,24.815858936309816,0.9360281139612198,0.060461390390992166,0.013059167843312024,0.02324171148240567,0.013059167843312024,89387,0.004513055086135864,4.245498180389404
4DGaussians (Wu et al.),4DGaussians,lego,target_eval_loss,lego_loss0p013466,False,3000,1,3001,3001,fine,37.73789405822754,37.73789405822754,0.0,12.05179295539856,0.735193955898285,0.24643320739269256,0.11118971593677998,0.141912981569767,0.11118971593677998,30736,0.12249340116977692,6.393495559692383
4DGaussians (Wu et al.),4DGaussians,lego,target_eval_loss,lego_loss0p013466,False,3000,664,3664,3664,fine,67.75542688369751,74.15995359420776,6.404526710510254,23.122188377380372,0.8632079064846039,0.13906239233911039,0.02030812301672995,0.043604917116463186,0.02030812301672995,30895,0.019566062837839127,4.003459453582764
4DGaussians (Wu et al.),4DGaussians,lego,target_eval_loss,lego_loss0p013466,False,3000,1385,4385,4385,fine,97.7753496170044,108.19764637947083,10.42229676246643,24.329845809936522,0.9015517413616181,0.11067567802965642,0.016211500205099583,0.03265885189175605,0.016211500205099583,37037,0.012068326584994793,4.06597375869751
4DGaussians (Wu et al.),4DGaussians,lego,target_eval_loss,lego_loss0p013466,False,3000,2086,5086,5086,fine,127.81680750846863,142.32127904891968,14.50447154045105,24.676913738250732,0.916265732049942,0.09623434320092202,0.014741034107282757,0.02853968087583781,0.014741034107282757,43751,0.011416668072342873,4.025411128997803
4DGaussians (Wu et al.),4DGaussians,lego,target_eval_loss,lego_loss0p013466,False,3000,2761,5761,5761,fine,157.8548972606659,176.3986086845398,18.5437114238739,24.239798831939698,0.9041958779096604,0.09536498710513115,0.016044070571660997,0.031996080875396724,0.016044070571660997,50331,0.010484160855412483,4.0390565395355225
4DGaussians (Wu et al.),4DGaussians,lego,target_eval_loss,lego_loss0p013466,False,3000,3397,6397,6397,fine,187.86598753929138,210.47282814979553,22.60684061050415,24.765462398529053,0.9213690370321274,0.08566375635564327,0.014176251087337732,0.027067193463444716,0.014176251087337732,54183,0.005691600032150745,4.056676626205444
4DGaussians (Wu et al.),4DGaussians,lego,target_eval_loss,lego_loss0p013466,False,3000,4023,7023,7023,fine,217.89662432670593,244.57395768165588,26.67733335494995,24.801430034637452,0.922589123249054,0.08114317767322063,0.014163081254810094,0.026812640354037284,0.014163081254810094,59420,0.006846598815172911,4.054695129394531
4DGaussians (Wu et al.),4DGaussians,lego,target_eval_loss,lego_loss0p013466,False,3000,4627,7627,7627,fine,247.91619205474854,278.6628749370575,30.74668288230896,24.663503646850586,0.9241707742214202,0.077968630194664,0.014249307103455067,0.026565290838480006,0.014249307103455067,63959,0.007765022572129965,4.117712736129761
4DGaussians (Wu et al.),4DGaussians,lego,target_eval_loss,lego_loss0p013466,False,3000,5210,8210,8210,fine,277.9242310523987,312.81398606300354,34.88975501060486,24.82041006088257,0.9266944885253906,0.07588696554303169,0.013782827369868755,0.025687364190816887,0.013782827369868755,67761,0.0068986001424491405,4.070684432983398
4DGaussians (Wu et al.),4DGaussians,lego,target_eval_loss,lego_loss0p013466,False,3000,5781,8781,8781,fine,307.96152424812317,346.9353642463684,38.97383999824524,24.807134056091307,0.9305237203836441,0.07254946604371071,0.013415028946474195,0.024627279080450544,0.013415028946474195,70642,0.013085449114441872,4.08054256439209
4DGaussians (Wu et al.),4DGaussians,lego,target_eval_loss,lego_loss0p013466,False,3000,6331,9331,9331,fine,337.972980260849,381.04442596435547,43.07144570350647,24.876537990570068,0.9314864307641983,0.07181940302252769,0.013216367363929749,0.02427580773830413,0.013216367363929749,73464,0.00686295423656702,4.1007630825042725
4DGaussians (Wu et al.),4DGaussians,mutant,iterations,mutant_iters27000,False,3000,1,3001,3001,fine,34.39799618721008,34.39799618721008,0.0,19.299433422088622,0.87340806722641,0.12023094445466995,0.032849690318107604,0.051598138809204094,0.032849690318107604,10861,0.019773883745074272,5.765269994735718
4DGaussians (Wu et al.),4DGaussians,mutant,iterations,mutant_iters27000,False,3000,1000,4000,4000,fine,65.85348892211914,71.62880873680115,5.775319814682007,28.627278327941895,0.9410730957984924,0.0684666333720088,0.007738501613494009,0.017976182131096727,0.007738501613494009,11725,0.014543837867677212,3.9545743465423584
4DGaussians (Wu et al.),4DGaussians,mutant,iterations,mutant_iters27000,False,3000,2000,5000,5000,fine,97.57006287574768,107.31446838378906,9.744405508041382,30.735261631011962,0.9553589582443237,0.054813970997929576,0.005778392986394465,0.01355092274025083,0.005778392986394465,15189,0.003929733764380217,4.093137741088867
4DGaussians (Wu et al.),4DGaussians,mutant,iterations,mutant_iters27000,False,3000,3000,6000,6000,fine,127.94078254699707,141.78966450691223,13.848881959915161,31.556242561340333,0.9598889172077179,0.04786649756133556,0.005237316538114101,0.012212069788947712,0.005237316538114101,18446,0.006601083558052778,4.021069288253784
4DGaussians (Wu et al.),4DGaussians,mutant,iterations,mutant_iters27000,False,3000,4000,7000,7000,fine,158.6611499786377,176.54515194892883,17.884001970291138,33.10671482086182,0.967297437787056,0.04137188065797091,0.004396873025689274,0.010058010863140216,0.004396873025689274,20815,0.0037146706599742174,4.020314931869507
4DGaussians (Wu et al.),4DGaussians,mutant,iterations,mutant_iters27000,False,3000,5000,8000,8000,fine,189.99360466003418,211.9108338356018,21.917229175567627,32.6033917427063,0.965150997042656,0.03880161941051483,0.004737092333380133,0.010759474458172918,0.004737092333380133,23300,0.006294949911534786,4.085957288742065
4DGaussians (Wu et al.),4DGaussians,mutant,iterations,mutant_iters27000,False,3000,6000,9000,9000,fine,221.6687834262848,247.68407487869263,26.015291452407837,34.47512521743774,0.973770672082901,0.03350182995200157,0.003792079130653292,0.00827952888794243,0.003792079130653292,25377,0.003434126963838935,4.023808479309082
4DGaussians (Wu et al.),4DGaussians,mutant,iterations,mutant_iters27000,False,3000,7000,10000,10000,fine,253.69783186912537,283.7494146823883,30.05158281326294,35.59147844314575,0.9772786289453507,0.03058642065152526,0.0033685600908938797,0.007239122283644971,0.0033685600908938797,26478,0.004085701424628496,4.069954872131348
4DGaussians (Wu et al.),4DGaussians,mutant,iterations,mutant_iters27000,False,3000,8000,11000,11000,fine,285.890625,320.02766609191895,34.137041091918945,35.344271659851074,0.9776118218898773,0.028772524558007717,0.0033865815377794204,0.007186900852248082,0.0033865815377794204,27713,0.003299573203548789,4.039994478225708
4DGaussians (Wu et al.),4DGaussians,mutant,iterations,mutant_iters27000,False,3000,9000,12000,12000,fine,318.84018301963806,357.03711104393005,38.19692802429199,35.93385028839111,0.9797072052955628,0.02691665440797806,0.003155348403379321,0.006582837663590904,0.003155348403379321,28586,0.0022822157479822636,4.079511642456055
4DGaussians (Wu et al.),4DGaussians,mutant,iterations,mutant_iters27000,False,3000,10000,13000,13000,fine,351.62017035484314,393.9102165699005,42.29004621505737,37.04211578369141,0.9819114297628403,0.025622284226119518,0.0028734232007991524,0.0059164526080712635,0.0028734232007991524,28947,0.0026733987033367157,4.032762289047241
4DGaussians (Wu et al.),4DGaussians,mutant,iterations,mutant_iters27000,False,3000,11000,14000,14000,fine,384.91501450538635,431.2507321834564,46.33571767807007,37.357375144958496,0.9826924085617066,0.024531957414001226,0.002790635480778292,0.005694026672281316,0.002790635480778292,29366,0.0023126164451241493,4.032838344573975
4DGaussians (Wu et al.),4DGaussians,mutant,iterations,mutant_iters27000,False,3000,12000,15000,15000,fine,418.12001037597656,468.5021393299103,50.382128953933716,37.76432342529297,0.9835147768259048,0.02391659952700138,0.0027017113578040155,0.005458413721062248,0.0027017113578040155,29736,0.0019924554508179426,4.063138961791992
4DGaussians (Wu et al.),4DGaussians,mutant,iterations,mutant_iters27000,False,3000,13000,16000,16000,fine,451.891001701355,506.350608587265,54.459606885910034,37.80011463165283,0.9835688978433609,0.023459586873650552,0.0027112928975839166,0.005455254749394957,0.0027112928975839166,29889,0.002180187264457345,4.037342309951782
4DGaussians (Wu et al.),4DGaussians,mutant,iterations,mutant_iters27000,False,3000,14000,17000,17000,fine,485.01606798171997,543.5265045166016,58.51043653488159,38.14651260375977,0.9843843013048172,0.022795346239581703,0.002591896359808743,0.005196656826883545,0.002591896359808743,30039,0.0020861374214291573,4.078565835952759
4DGaussians (Wu et al.),4DGaussians,mutant,iterations,mutant_iters27000,False,3000,15000,18000,18000,fine,518.4651622772217,581.0679352283478,62.6027729511261,38.23856811523437,0.9846839785575867,0.022518049785867335,0.002554639714071527,0.005106916059739879,0.002554639714071527,30161,0.0018656502943485975,4.056216478347778
4DGaussians (Wu et al.),4DGaussians,mutant,iterations,mutant_iters27000,False,3000,16000,19000,19000,fine,550.9670836925507,617.6440968513489,66.67701315879822,38.41879673004151,0.9850237280130386,0.02212747964076698,0.002509180991910398,0.005002599190920596,0.002509180991910398,30161,0.0028639950323849916,4.100639343261719
4DGaussians (Wu et al.),4DGaussians,mutant,iterations,mutant_iters27000,False,3000,17000,20000,20000,fine,583.4951417446136,654.2958536148071,70.80071187019348,38.419532203674315,0.9850399106740951,0.021905520791187884,0.0025182665849570185,0.0050066311331465885,0.0025182665849570185,30161,0.0019864393398165703,4.040531158447266
4DGaussians (Wu et al.),4DGaussians,mutant,iterations,mutant_iters27000,False,3000,18000,21000,21000,fine,616.2544860839844,691.1102266311646,74.85574054718018,38.56033706665039,0.9853091567754746,0.021672960883006454,0.002477741934126243,0.004920362192206076,0.002477741934126243,30161,0.001735685276798904,4.07709813117981
4DGaussians (Wu et al.),4DGaussians,mutant,iterations,mutant_iters27000,False,3000,19000,22000,22000,fine,648.8040707111359,727.7502932548523,78.94622254371643,38.633323669433594,0.9854288101196289,0.02155879228375852,0.0024611036584246903,0.004883120902813971,0.0024611036584246903,30161,0.0021042581647634506,4.026415109634399
4DGaussians (Wu et al.),4DGaussians,mutant,iterations,mutant_iters27000,False,3000,20000,23000,23000,fine,681.4534382820129,764.4394121170044,82.98597383499146,38.64941596984863,0.9854691654443741,0.021455969475209714,0.0024574070994276553,0.004872092590667299,0.0024574070994276553,30161,0.0015101172029972076,4.074081659317017
4DGaussians (Wu et al.),4DGaussians,mutant,iterations,mutant_iters27000,False,3000,21000,24000,24000,fine,713.9047727584839,800.9798288345337,87.0750560760498,38.674600791931155,0.9855526894330978,0.021361753717064856,0.002447731385473162,0.004847647221758966,0.002447731385473162,30161,0.0016881622141227126,4.034197568893433
4DGaussians (Wu et al.),4DGaussians,mutant,iterations,mutant_iters27000,False,3000,22000,25000,25000,fine,746.4274461269379,837.5505940914154,91.12314796447754,38.710465049743654,0.9856396079063415,0.02123929881490767,0.002433281939011067,0.004818703969940548,0.002433281939011067,30161,0.0027656264137476683,4.081655025482178
4DGaussians (Wu et al.),4DGaussians,mutant,iterations,mutant_iters27000,False,3000,23000,26000,26000,fine,778.9066097736359,874.1255328655243,95.21892309188843,38.75892219543457,0.9856822222471238,0.021197062591090797,0.0024271099711768327,0.004805243527516713,0.0024271099711768327,30161,0.002236548811197281,4.023739337921143
4DGaussians (Wu et al.),4DGaussians,mutant,iterations,mutant_iters27000,False,3000,24000,27000,27000,fine,811.5106613636017,910.7677655220032,99.25710415840149,38.77892551422119,0.985747542977333,0.021099983016029,0.0024195149773731826,0.004786103386431942,0.0024195149773731826,30161,0.0020364762749522924,4.055373430252075
4DGaussians (Wu et al.),4DGaussians,mutant,iterations,mutant_iters27000,False,3000,25000,28000,28000,fine,843.7932782173157,947.1198229789734,103.32654476165771,38.801422691345216,0.9857874631881713,0.021034800028428436,0.0024186074268072845,0.00477739330381156,0.0024186074268072845,30161,0.0021804827265441418,4.0362021923065186
4DGaussians (Wu et al.),4DGaussians,mutant,iterations,mutant_iters27000,False,3000,26000,29000,29000,fine,876.5812001228333,983.9582133293152,107.37701320648193,38.8151309967041,0.98587626516819,0.02097687772475183,0.0024098250141832978,0.004752606977708629,0.0024098250141832978,30161,0.0021947489585727453,4.0466203689575195
4DGaussians (Wu et al.),4DGaussians,mutant,iterations,mutant_iters27000,False,3000,27000,30000,30000,fine,908.7863159179688,1020.2239651679993,111.43764925003052,38.83313522338867,0.9858533352613449,0.02092313803732395,0.0024101620248984544,0.004757462567649786,0.0024101620248984544,30161,0.0020063971169292927,4.023343563079834
4DGaussians (Wu et al.),4DGaussians,mutant,target_eval_loss,mutant_loss0p003106,False,3000,1,3001,3001,fine,33.9471595287323,33.9471595287323,0.0,19.296169662475585,0.8736209094524383,0.1202685583382845,0.03284590356051922,0.05155254095792772,0.03284590356051922,10573,0.019771182909607887,5.393043041229248
4DGaussians (Wu et al.),4DGaussians,mutant,target_eval_loss,mutant_loss0p003106,False,3000,1000,4000,4000,fine,63.9598274230957,69.36569905281067,5.405871629714966,28.751220893859863,0.9430325329303741,0.06810868699103594,0.007503271626774222,0.017396110715344547,0.007503271626774222,11374,0.011912559159100056,3.8820369243621826
4DGaussians (Wu et al.),4DGaussians,mutant,target_eval_loss,mutant_loss0p003106,False,3000,2026,5026,5026,fine,93.96695184707642,103.27195525169373,9.30500340461731,30.621273803710938,0.9540003389120102,0.05550068747252226,0.005922424513846636,0.013937871828675272,0.005922424513846636,15229,0.004641828127205372,3.8425981998443604
4DGaussians (Wu et al.),4DGaussians,mutant,target_eval_loss,mutant_loss0p003106,False,3000,3043,6043,6043,fine,123.97985315322876,137.14134454727173,13.161491394042969,31.222684860229492,0.9577168524265289,0.05212481208145618,0.005554554564878344,0.01290027316659689,0.005554554564878344,18510,0.007598126772791147,3.8597593307495117
4DGaussians (Wu et al.),4DGaussians,mutant,target_eval_loss,mutant_loss0p003106,False,3000,4044,7044,7044,fine,153.98907375335693,171.0255286693573,17.036454916000366,32.504911231994626,0.9653125643730164,0.04237352106720209,0.004696678800974042,0.010694830166175957,0.004696678800974042,20800,0.003684170311316848,3.9262850284576416
4DGaussians (Wu et al.),4DGaussians,mutant,target_eval_loss,mutant_loss0p003106,False,3000,5025,8025,8025,fine,183.9929165840149,204.97073674201965,20.97782015800476,33.488084602355954,0.9699428737163543,0.03774873903021216,0.004164311266504228,0.009342874269932513,0.004164311266504228,23142,0.0038903774693608284,3.8606438636779785
4DGaussians (Wu et al.),4DGaussians,mutant,target_eval_loss,mutant_loss0p003106,False,3000,5999,8999,8999,fine,214.0150854587555,238.86656999588013,24.851484537124634,33.63221817016601,0.9721604704856872,0.0337607454508543,0.0040314527926966544,0.008793068137019883,0.0040314527926966544,25074,0.005930478684604168,3.8989858627319336
4DGaussians (Wu et al.),4DGaussians,mutant,target_eval_loss,mutant_loss0p003106,False,3000,6942,9942,9942,fine,244.02936553955078,272.8082411289215,28.778875589370728,34.46763277053833,0.9740810781717301,0.03139433776959777,0.0038069521659053864,0.008229346098378297,0.0038069521659053864,26085,0.003488486632704735,3.907198429107666
4DGaussians (Wu et al.),4DGaussians,mutant,target_eval_loss,mutant_loss0p003106,False,3000,7875,10875,10875,fine,274.0305902957916,306.7310230731964,32.700432777404785,34.83326663970947,0.9757067382335662,0.02929320214316249,0.0036433729459531606,0.007773350710049281,0.0036433729459531606,27227,0.0029558916576206684,3.862844228744507
4DGaussians (Wu et al.),4DGaussians,mutant,target_eval_loss,mutant_loss0p003106,False,3000,8805,11805,11805,fine,304.0476999282837,340.62616777420044,36.57846784591675,36.38842134475708,0.9802903324365616,0.027228067722171546,0.003065851074643433,0.006394614372402425,0.003065851074643433,28176,0.00406283512711525,3.924947738647461
4DGaussians (Wu et al.),4DGaussians,mutant,target_eval_loss,mutant_loss0p003106,False,3000,9716,12716,12716,fine,334.07384061813354,374.59096002578735,40.51711940765381,36.881244850158694,0.9814314931631088,0.02610656162723899,0.0029399681196082385,0.006065675863064821,0.0029399681196082385,28554,0.001784627209417522,3.881964683532715
4DGaussians (Wu et al.),4DGaussians,standup,iterations,standup_iters27000,False,3000,1,3001,3001,fine,33.97182822227478,33.97182822227478,0.0,19.56867961883545,0.8977185428142548,0.10014043487608433,0.026896097138524054,0.04197316914796829,0.026896097138524054,7216,0.0295619647949934,6.545469760894775
4DGaussians (Wu et al.),4DGaussians,standup,iterations,standup_iters27000,False,3000,1000,4000,4000,fine,64.02573871612549,70.58167243003845,6.555933713912964,28.88393383026123,0.9546015202999115,0.0663334470242262,0.006727219186723232,0.014461471289396281,0.006727219186723232,7953,0.006104803178459406,3.953187942504883
4DGaussians (Wu et al.),4DGaussians,standup,iterations,standup_iters27000,False,3000,2000,5000,5000,fine,93.17489385604858,103.69661927223206,10.521725416183472,31.390481090545656,0.9653569459915161,0.051221173629164694,0.004697871464304626,0.010686907973140479,0.004697871464304626,9888,0.007532845251262188,4.042254209518433
4DGaussians (Wu et al.),4DGaussians,standup,iterations,standup_iters27000,False,3000,3000,6000,6000,fine,121.87971711158752,136.46956205368042,14.589844942092896,31.389114952087404,0.9673852264881134,0.04623641269281507,0.004466564441099763,0.010096206255257126,0.004466564441099763,11044,0.0030786197166889906,4.018633127212524
4DGaussians (Wu et al.),4DGaussians,standup,iterations,standup_iters27000,False,3000,4000,7000,7000,fine,150.96716451644897,169.5880262851715,18.620861768722534,33.68361587524414,0.9736640602350235,0.03895629532635212,0.0034448576858267187,0.008023074101656676,0.0034448576858267187,11763,0.00356860994361341,3.9797604084014893
4DGaussians (Wu et al.),4DGaussians,standup,iterations,standup_iters27000,False,3000,5000,8000,8000,fine,179.7407124042511,202.35549569129944,22.61478328704834,34.23337116241455,0.9760942965745926,0.034800172317773104,0.00311336659360677,0.007271833959966903,0.00311336659360677,12388,0.002536596031859517,3.9769558906555176
4DGaussians (Wu et al.),4DGaussians,standup,iterations,standup_iters27000,False,3000,6000,9000,9000,fine,208.69144582748413,235.2957603931427,26.60431456565857,35.33933401107788,0.9793945968151092,0.030428340192884207,0.0027719741978216917,0.006338659995235512,0.0027719741978216917,12859,0.0022038216702640057,4.107326030731201
4DGaussians (Wu et al.),4DGaussians,standup,iterations,standup_iters27000,False,3000,7000,10000,10000,fine,237.13155817985535,267.86005568504333,30.72849750518799,36.418235206604,0.9817765772342681,0.027382676629349588,0.002485256135696545,0.005632889461703608,0.002485256135696545,13117,0.0020602350123226643,4.023722410202026
4DGaussians (Wu et al.),4DGaussians,standup,iterations,standup_iters27000,False,3000,8000,11000,11000,fine,265.82638001441956,300.5918884277344,34.76550841331482,36.863549613952635,0.9834342837333679,0.0249999831430614,0.0023013877274934203,0.005154253435321148,0.0023013877274934203,13358,0.0023409887216985226,3.9722683429718018
4DGaussians (Wu et al.),4DGaussians,standup,iterations,standup_iters27000,False,3000,9000,12000,12000,fine,294.4743995666504,333.2257068157196,38.751307249069214,37.6061351776123,0.984546223282814,0.0230811002664268,0.002157816610997543,0.004817008632235225,0.002157816610997543,13565,0.002132541500031948,4.001885890960693
4DGaussians (Wu et al.),4DGaussians,standup,iterations,standup_iters27000,False,3000,10000,13000,13000,fine,323.34929490089417,366.1248400211334,42.77554512023926,38.19120616912842,0.9856065809726715,0.02180641661398113,0.0020484535023570062,0.004517446607351303,0.0020484535023570062,13690,0.0013084353413432837,4.102623462677002
4DGaussians (Wu et al.),4DGaussians,standup,iterations,standup_iters27000,False,3000,11000,14000,14000,fine,352.37377882003784,399.2674226760864,46.893643856048584,38.48006114959717,0.9865182548761368,0.02055001468397677,0.00194849765393883,0.004255147147923712,0.00194849765393883,13843,0.001570373773574829,3.960282564163208
4DGaussians (Wu et al.),4DGaussians,standup,iterations,standup_iters27000,False,3000,12000,15000,15000,fine,381.31452655792236,432.18752431869507,50.872997760772705,38.80811176300049,0.9870772182941436,0.01954138921573758,0.001889222313184291,0.004095934191718707,0.001889222313184291,13961,0.0010462102945894003,3.987025022506714
4DGaussians (Wu et al.),4DGaussians,standup,iterations,standup_iters27000,False,3000,13000,16000,16000,fine,409.76750111579895,464.6406331062317,54.87313199043274,38.996951484680174,0.9873661547899246,0.019123836979269983,0.0018592681211885066,0.004014183538965882,0.0018592681211885066,14033,0.0016301213763654232,4.006075382232666
4DGaussians (Wu et al.),4DGaussians,standup,iterations,standup_iters27000,False,3000,14000,17000,17000,fine,437.0099313259125,495.9151110649109,58.90517973899841,39.42007923126221,0.9878106623888016,0.01858479590155184,0.0018060315516777337,0.0038826927635818766,0.0018060315516777337,14124,0.0016382976900786161,4.083284854888916
4DGaussians (Wu et al.),4DGaussians,standup,iterations,standup_iters27000,False,3000,15000,18000,18000,fine,464.51237320899963,527.5140297412872,63.0016565322876,39.70030250549316,0.9882688820362091,0.017989767901599407,0.0017518648004624993,0.0037477154331281787,0.0017518648004624993,14203,0.00206634565256536,4.0082106590271
4DGaussians (Wu et al.),4DGaussians,standup,iterations,standup_iters27000,False,3000,16000,19000,19000,fine,492.0078616142273,559.0312340259552,67.0233724117279,39.770900917053225,0.9883972406387329,0.017718195309862496,0.0017443966004066168,0.0037160691525787116,0.0017443966004066168,14203,0.0007963518146425486,3.9735159873962402
4DGaussians (Wu et al.),4DGaussians,standup,iterations,standup_iters27000,False,3000,17000,20000,20000,fine,519.5830676555634,590.5930256843567,71.00995802879333,40.000980377197266,0.9886453181505204,0.017405177373439072,0.0017084301041904836,0.0036376804532483134,0.0017084301041904836,14203,0.0018343672854825854,3.9686241149902344
4DGaussians (Wu et al.),4DGaussians,standup,iterations,standup_iters27000,False,3000,18000,21000,21000,fine,547.4062342643738,622.3979535102844,74.99171924591064,40.11020698547363,0.9887918949127197,0.017157258978113533,0.001693279662868008,0.0035962447477504702,0.001693279662868008,14203,0.0006994858849793673,3.9865832328796387
4DGaussians (Wu et al.),4DGaussians,standup,iterations,standup_iters27000,False,3000,19000,22000,22000,fine,575.4285361766815,654.420417547226,78.99188137054443,40.24169292449951,0.9889022380113601,0.017011797707527875,0.0016778406454250217,0.0035618249140679926,0.0016778406454250217,14203,0.0011525116860866547,4.067312717437744
4DGaussians (Wu et al.),4DGaussians,standup,iterations,standup_iters27000,False,3000,20000,23000,23000,fine,602.5306849479675,685.6103203296661,83.07963538169861,40.180768966674805,0.9889800369739532,0.016829435573890807,0.001675804500700906,0.0035446362057700844,0.001675804500700906,14203,0.001286857994273305,4.0113139152526855
4DGaussians (Wu et al.),4DGaussians,standup,iterations,standup_iters27000,False,3000,21000,24000,24000,fine,630.3955800533295,717.5016651153564,87.10608506202698,40.31035747528076,0.9890903741121292,0.016678968747146427,0.001662409503478557,0.003511852780357008,0.001662409503478557,14203,0.0009899605065584183,3.97849702835083
4DGaussians (Wu et al.),4DGaussians,standup,iterations,standup_iters27000,False,3000,22000,25000,25000,fine,658.0462493896484,749.1447169780731,91.09846758842468,40.35066890716553,0.9891368508338928,0.016569067421369255,0.0016598035173956305,0.0035004726471379445,0.0016598035173956305,14203,0.0012807820457965136,3.9591445922851562
4DGaussians (Wu et al.),4DGaussians,standup,iterations,standup_iters27000,False,3000,23000,26000,26000,fine,685.879073381424,780.9507145881653,95.07164120674133,40.38876209259033,0.9891704171895981,0.016490025888197125,0.001655534078599885,0.003490343824960292,0.001655534078599885,14203,0.0015674339374527335,4.001462459564209
4DGaussians (Wu et al.),4DGaussians,standup,iterations,standup_iters27000,False,3000,24000,27000,27000,fine,713.3471627235413,812.4362177848816,99.08905506134033,40.37737255096435,0.9892084300518036,0.01641230103559792,0.0016523199155926704,0.0034801699221134186,0.0016523199155926704,14203,0.001226570107974112,4.047851085662842
4DGaussians (Wu et al.),4DGaussians,standup,iterations,standup_iters27000,False,3000,25000,28000,28000,fine,740.5618410110474,843.723326921463,103.16148591041565,40.444396781921384,0.9893143028020859,0.016248302557505666,0.001636526151560247,0.003446360360831022,0.001636526151560247,14203,0.0013101180084049702,4.033911228179932
4DGaussians (Wu et al.),4DGaussians,standup,iterations,standup_iters27000,False,3000,26000,29000,29000,fine,767.9471294879913,875.1570146083832,107.20988512039185,40.51976833343506,0.9893391758203507,0.01619632886722684,0.0016379401902668178,0.0034425169881433164,0.0016379401902668178,14203,0.001043279655277729,3.984137535095215
4DGaussians (Wu et al.),4DGaussians,standup,iterations,standup_iters27000,False,3000,27000,30000,30000,fine,795.752632856369,906.9606113433838,111.20797848701477,40.532894134521484,0.9893907159566879,0.016130980895832182,0.0016326091135852039,0.003427944099530578,0.0016326091135852039,14203,0.0015980905154719949,3.9765753746032715
4DGaussians (Wu et al.),4DGaussians,standup,target_eval_loss,standup_loss0p002168,False,3000,1,3001,3001,fine,33.46831154823303,33.46831154823303,0.0,19.549365234375,0.8977069765329361,0.09998129084706306,0.02694240789860487,0.04201253101229668,0.02694240789860487,7119,0.02950642816722393,5.42620849609375
4DGaussians (Wu et al.),4DGaussians,standup,target_eval_loss,standup_loss0p002168,False,3000,1019,4019,4019,fine,63.50025916099548,68.9447009563446,5.444441795349121,29.08304500579834,0.9539423435926437,0.06633438263088465,0.006789867742918431,0.014643425475805999,0.006789867742918431,8045,0.006590238306671381,3.8944718837738037
4DGaussians (Wu et al.),4DGaussians,standup,target_eval_loss,standup_loss0p002168,False,3000,2059,5059,5059,fine,93.5196053981781,102.88514947891235,9.365544080734253,30.89410982131958,0.9635866463184357,0.0532816918566823,0.005032408412080258,0.011308597465977064,0.005032408412080258,9861,0.004128461237996817,3.780489683151245
4DGaussians (Wu et al.),4DGaussians,standup,target_eval_loss,standup_loss0p002168,False,3000,3104,6104,6104,fine,123.53433132171631,136.6970202922821,13.162688970565796,32.13255386352539,0.9684015899896622,0.046004004776477814,0.004195887572132051,0.009676392059773203,0.004195887572132051,11094,0.0026299243327230215,3.7767295837402344
4DGaussians (Wu et al.),4DGaussians,standup,target_eval_loss,standup_loss0p002168,False,3000,4134,7134,7134,fine,153.5351848602295,170.49024963378906,16.95506477355957,32.09717741012573,0.9719804674386978,0.03886739397421479,0.0038851059973239897,0.00871199131011963,0.0038851059973239897,11804,0.005107447970658541,3.83968186378479
4DGaussians (Wu et al.),4DGaussians,standup,target_eval_loss,standup_loss0p002168,False,3000,5176,8176,8176,fine,183.55368494987488,204.36478066444397,20.811095714569092,33.99611463546753,0.9756868690252304,0.03451517522335053,0.003207542235031724,0.007428659982979303,0.003207542235031724,12419,0.0019639909733086824,3.7738723754882812
4DGaussians (Wu et al.),4DGaussians,standup,target_eval_loss,standup_loss0p002168,False,3000,6232,9232,9232,fine,213.5584099292755,238.1602005958557,24.6017906665802,35.264107131958006,0.9795650959014892,0.030333162285387516,0.0027352413861081006,0.0062751739285886385,0.0027352413861081006,12808,0.004378926008939743,3.817159652709961
4DGaussians (Wu et al.),4DGaussians,standup,target_eval_loss,standup_loss0p002168,False,3000,7271,10271,10271,fine,243.58123111724854,272.01451349258423,28.433282375335693,36.522275066375734,0.9821232199668884,0.02664986252784729,0.0024193234217818826,0.005510814744047817,0.0024193234217818826,13122,0.0014688216615468264,3.804999589920044
4DGaussians (Wu et al.),4DGaussians,standup,target_eval_loss,standup_loss0p002168,False,3000,8320,11320,11320,fine,273.6078381538391,305.86117482185364,32.253336668014526,36.365270137786865,0.9826825082302093,0.024564283061772586,0.002383359574014321,0.005370186013169596,0.002383359574014321,13410,0.0027602321933954954,3.776883363723755
4DGaussians (Wu et al.),4DGaussians,standup,target_eval_loss,standup_loss0p002168,False,3000,9382,12382,12382,fine,303.6101622581482,339.65472054481506,36.04455828666687,37.713685035705566,0.984866201877594,0.022763665951788425,0.00213438558857888,0.004734268095344305,0.00213438558857888,13568,0.0021792741026729345,3.8556575775146484
4DGaussians (Wu et al.),4DGaussians,standup,target_eval_loss,standup_loss0p002168,False,3000,10428,13428,13428,fine,333.6206338405609,373.54711866378784,39.92648482322693,38.39200611114502,0.98617282807827,0.02096493816934526,0.001980033697327599,0.0043494613422080785,0.001980033697327599,13716,0.0023828065022826195,3.779677152633667
4DGaussians (Wu et al.),4DGaussians,trex,iterations,trex_iters27000,False,3000,1,3001,3001,fine,36.668505907058716,36.668505907058716,0.0,15.96958131790161,0.871130159497261,0.11685842238366603,0.0514712393283844,0.06695095956325532,0.0514712393283844,17150,0.0538613386452198,6.246602296829224
4DGaussians (Wu et al.),4DGaussians,trex,iterations,trex_iters27000,False,3000,1000,4000,4000,fine,71.06648683547974,77.32309532165527,6.256608486175537,24.570158576965333,0.9377663880586624,0.06749428883194923,0.011644631065428257,0.021762427240610123,0.011644631065428257,18759,0.008693922311067581,4.106116533279419
4DGaussians (Wu et al.),4DGaussians,trex,iterations,trex_iters27000,False,3000,2000,5000,5000,fine,103.9613516330719,114.33656120300293,10.37520956993103,26.12230215072632,0.9533184736967086,0.05668981038033962,0.009022982511669397,0.01655469126999379,0.009022982511669397,25260,0.010269004851579666,4.057241201400757
4DGaussians (Wu et al.),4DGaussians,trex,iterations,trex_iters27000,False,3000,3000,6000,6000,fine,139.47833442687988,153.9239842891693,14.445649862289429,27.29213943481445,0.9596487998962402,0.04784216713160276,0.007723290822468698,0.014248872678726921,0.007723290822468698,32245,0.010520088486373425,4.060976982116699
4DGaussians (Wu et al.),4DGaussians,trex,iterations,trex_iters27000,False,3000,4000,7000,7000,fine,176.75077390670776,195.27890944480896,18.528135538101196,28.083013916015624,0.9645555198192597,0.04226410239934921,0.006997261254582554,0.012686705039814106,0.006997261254582554,38931,0.008436448872089386,4.070376634597778
4DGaussians (Wu et al.),4DGaussians,trex,iterations,trex_iters27000,False,3000,5000,8000,8000,fine,216.79745173454285,239.40835332870483,22.610901594161987,28.555352401733398,0.9680094629526138,0.038527491968125105,0.006523058458697051,0.01161655417643488,0.006523058458697051,46273,0.007211906835436821,4.096191883087158
4DGaussians (Wu et al.),4DGaussians,trex,iterations,trex_iters27000,False,3000,6000,9000,9000,fine,259.5924880504608,286.31663751602173,26.724149465560913,29.437428283691407,0.971657606959343,0.03459138898178935,0.005905104754492641,0.010392562411725512,0.005905104754492641,52712,0.007144956849515438,4.0680646896362305
4DGaussians (Wu et al.),4DGaussians,trex,iterations,trex_iters27000,False,3000,7000,10000,10000,fine,304.77023696899414,335.5756883621216,30.80545139312744,30.085733318328856,0.9747133523225784,0.03200857164338231,0.005510290036909282,0.00946556156501175,0.005510290036909282,56877,0.0036727506667375565,4.119412660598755
4DGaussians (Wu et al.),4DGaussians,trex,iterations,trex_iters27000,False,3000,8000,11000,11000,fine,351.4424319267273,386.3833029270172,34.94087100028992,30.690631103515624,0.9776860982179642,0.029284470342099668,0.005021099140867591,0.008479659669101244,0.005021099140867591,61136,0.003513139905408025,4.095987319946289
4DGaussians (Wu et al.),4DGaussians,trex,iterations,trex_iters27000,False,3000,9000,12000,12000,fine,400.0266628265381,439.0794794559479,39.05281662940979,31.021580505371094,0.9788058400154114,0.027673505851998924,0.00483645802596584,0.008107998417690398,0.00483645802596584,64711,0.0031939682085067034,4.157240152359009
4DGaussians (Wu et al.),4DGaussians,trex,iterations,trex_iters27000,False,3000,10000,13000,13000,fine,449.64624524116516,492.86947083473206,43.223225593566895,31.138597297668458,0.9786794602870941,0.026555265253409743,0.004866901005152613,0.008157628746703276,0.004866901005152613,66619,0.0049119130708277225,4.173552751541138
4DGaussians (Wu et al.),4DGaussians,trex,iterations,trex_iters27000,False,3000,11000,14000,14000,fine,500.02594804763794,547.4408495426178,47.41490149497986,31.62412452697754,0.98073151409626,0.02522636498324573,0.004538431856781244,0.00748444266617299,0.004538431856781244,68599,0.005185715854167938,4.072797536849976
4DGaussians (Wu et al.),4DGaussians,trex,iterations,trex_iters27000,False,3000,12000,15000,15000,fine,551.524445772171,603.0328011512756,51.508355379104614,32.19193325042725,0.982104343175888,0.024105522967875003,0.004284483171068132,0.007006717901676902,0.004284483171068132,70156,0.003988029435276985,4.123491048812866
4DGaussians (Wu et al.),4DGaussians,trex,iterations,trex_iters27000,False,3000,13000,16000,16000,fine,603.5573923587799,659.2072761058807,55.64988374710083,32.18352613449097,0.9820946425199508,0.023509384552016854,0.004308836220297962,0.007028140472248205,0.004308836220297962,70793,0.002292260527610779,4.1150360107421875
4DGaussians (Wu et al.),4DGaussians,trex,iterations,trex_iters27000,False,3000,14000,17000,17000,fine,655.7200770378113,715.4984602928162,59.77838325500488,32.67156352996826,0.983357110619545,0.022644181735813618,0.004066507436800748,0.006581783825531598,0.004066507436800748,71536,0.002910566981881857,4.131209373474121
4DGaussians (Wu et al.),4DGaussians,trex,iterations,trex_iters27000,False,3000,15000,18000,18000,fine,708.3214864730835,772.2456033229828,63.92411684989929,32.677463912963866,0.9834993749856948,0.022262145718559622,0.004061254521366209,0.006549128619953999,0.004061254521366209,72110,0.0044753775000572205,4.119588375091553
4DGaussians (Wu et al.),4DGaussians,trex,iterations,trex_iters27000,False,3000,16000,19000,19000,fine,760.2553489208221,828.313793182373,68.0584442615509,32.94995794296265,0.9840006738901138,0.021870800526812673,0.00399161375244148,0.006393156223930423,0.00399161375244148,72110,0.003036920679733157,4.108713626861572
4DGaussians (Wu et al.),4DGaussians,trex,iterations,trex_iters27000,False,3000,17000,20000,20000,fine,812.0105621814728,884.1917798519135,72.18121767044067,33.07862300872803,0.9841921895742416,0.021517585404217242,0.003916985937394202,0.006295150835067043,0.003916985937394202,72110,0.00197140546515584,4.110673427581787
4DGaussians (Wu et al.),4DGaussians,trex,iterations,trex_iters27000,False,3000,18000,21000,21000,fine,863.6861131191254,939.9926137924194,76.30650067329407,33.14870262145996,0.9843777298927308,0.021343196835368873,0.0038940786093007774,0.006239716908894471,0.0038940786093007774,72110,0.0025450410321354866,4.104793310165405
4DGaussians (Wu et al.),4DGaussians,trex,iterations,trex_iters27000,False,3000,19000,22000,22000,fine,915.4891123771667,995.9208810329437,80.43176865577698,33.20707130432129,0.9845934450626374,0.021064022462815045,0.003866493870737031,0.0061745060840621546,0.003866493870737031,72110,0.00172706029843539,4.12520694732666
4DGaussians (Wu et al.),4DGaussians,trex,iterations,trex_iters27000,False,3000,20000,23000,23000,fine,967.1705801486969,1051.7483191490173,84.57773900032043,33.20766315460205,0.9846104919910431,0.020935452124103904,0.0038787920493632555,0.0061809352412819825,0.0038787920493632555,72110,0.003115075873211026,4.108880281448364
4DGaussians (Wu et al.),4DGaussians,trex,iterations,trex_iters27000,False,3000,21000,24000,24000,fine,1018.8662750720978,1107.5662167072296,88.69994163513184,33.237443923950195,0.9846415460109711,0.02089273608289659,0.003871839970815927,0.006169162774458524,0.003871839970815927,72110,0.0022520418278872967,4.1260762214660645
4DGaussians (Wu et al.),4DGaussians,trex,iterations,trex_iters27000,False,3000,22000,25000,25000,fine,1070.6279873847961,1163.4664256572723,92.8384382724762,33.26949586868286,0.9847464144229889,0.020773407490924,0.0038600937055889516,0.006138792079873374,0.0038600937055889516,72110,0.002746852580457926,4.1397154331207275
4DGaussians (Wu et al.),4DGaussians,trex,iterations,trex_iters27000,False,3000,23000,26000,26000,fine,1122.0469572544098,1219.037968158722,96.99101090431213,33.33921976089478,0.984832438826561,0.02058426938019693,0.0038192235748283564,0.006088891094550482,0.0038192235748283564,72110,0.0019334409153088927,4.13975715637207
4DGaussians (Wu et al.),4DGaussians,trex,iterations,trex_iters27000,False,3000,24000,27000,27000,fine,1173.6242423057556,1274.7687826156616,101.144540309906,33.356664943695066,0.9849216610193252,0.020498904027044774,0.0038031894946470857,0.006058219391852627,0.0038031894946470857,72110,0.002979740034788847,4.15418553352356
4DGaussians (Wu et al.),4DGaussians,trex,iterations,trex_iters27000,False,3000,25000,28000,28000,fine,1224.9505834579468,1330.263288974762,105.31270551681519,33.37023658752442,0.9848927766084671,0.020465756533667445,0.003820935857947916,0.006078193364664917,0.003820935857947916,72110,0.0027649360708892345,4.198678731918335
4DGaussians (Wu et al.),4DGaussians,trex,iterations,trex_iters27000,False,3000,26000,29000,29000,fine,1276.7562386989594,1386.2828612327576,109.52662253379822,33.37644309997559,0.9849501818418502,0.020369500480592252,0.0038223122828640044,0.006067813457921156,0.0038223122828640044,72110,0.003217084100469947,4.201990365982056
4DGaussians (Wu et al.),4DGaussians,trex,iterations,trex_iters27000,False,3000,27000,30000,30000,fine,1328.4740025997162,1442.2174000740051,113.74339747428894,33.40387020111084,0.9850053906440734,0.02036939519457519,0.003806001809425652,0.006043723318725833,0.003806001809425652,72110,0.003231482580304146,4.208698987960815
4DGaussians (Wu et al.),4DGaussians,trex,target_eval_loss,trex_loss0p005793,False,3000,1,3001,3001,fine,35.829901933670044,35.829901933670044,0.0,15.961825132369995,0.8705618202686309,0.11721073426306247,0.05153384329751134,0.0671147105842829,0.05153384329751134,17291,0.05408605560660362,5.524402618408203
4DGaussians (Wu et al.),4DGaussians,trex,target_eval_loss,trex_loss0p005793,False,3000,871,3871,3871,fine,65.85867094993591,71.39532804489136,5.536657094955444,25.09147424697876,0.942099416255951,0.06817915812134742,0.010923778219148517,0.020319139324128627,0.010923778219148517,18414,0.013774449937045574,3.8167941570281982
4DGaussians (Wu et al.),4DGaussians,trex,target_eval_loss,trex_loss0p005793,False,3000,1785,4785,4785,fine,95.87067222595215,105.24013018608093,9.369457960128784,26.291449546813965,0.9527253955602646,0.05612651873379946,0.009003182826563715,0.016657467149198055,0.009003182826563715,24171,0.010411306284368038,3.850726366043091
4DGaussians (Wu et al.),4DGaussians,trex,target_eval_loss,trex_loss0p005793,False,3000,2651,5651,5651,fine,125.91318869590759,139.16163969039917,13.248450994491577,27.020032119750976,0.9589816987514496,0.04959460012614727,0.008030264917761088,0.014627872183918958,0.008030264917761088,30569,0.01016212161630392,3.9260094165802
4DGaussians (Wu et al.),4DGaussians,trex,target_eval_loss,trex_loss0p005793,False,3000,3471,6471,6471,fine,155.93891191482544,173.13541293144226,17.19650101661682,27.55921745300293,0.9609881997108459,0.045791537314653394,0.007504020910710096,0.013805576786398892,0.007504020910710096,35898,0.007863777689635754,3.888101577758789
4DGaussians (Wu et al.),4DGaussians,trex,target_eval_loss,trex_loss0p005793,False,3000,4252,7252,7252,fine,185.9440360069275,207.04451608657837,21.10048007965088,27.92370662689209,0.9639517337083816,0.04171201167628169,0.00705917205195874,0.012856990899890671,0.00705917205195874,41808,0.005750065669417381,3.9431312084198
4DGaussians (Wu et al.),4DGaussians,trex,target_eval_loss,trex_loss0p005793,False,3000,4984,7984,7984,fine,215.9537320137024,241.01284766197205,25.059115648269653,28.912329959869385,0.9694964021444321,0.038073175866156814,0.006319622416049242,0.011156417503952971,0.006319622416049242,46654,0.004652199801057577,3.912057399749756
4DGaussians (Wu et al.),4DGaussians,trex,target_eval_loss,trex_loss0p005793,False,3000,5691,8691,8691,fine,245.95600390434265,274.9440920352936,28.988088130950928,29.08645362854004,0.9694861352443696,0.03604986118152738,0.0061657792772166434,0.011035396372899405,0.0061657792772166434,51172,0.006701655685901642,3.914306640625
4DGaussians (Wu et al.),4DGaussians,trex,target_eval_loss,trex_loss0p005793,False,3000,6368,9368,9368,fine,275.9619038105011,308.8777494430542,32.9158456325531,29.92449140548706,0.9739668607711792,0.03374772239476442,0.005578108422923833,0.009669114584103224,0.005578108422923833,54157,0.0061878920532763,4.046053409576416
4DGaussians (Wu et al.),4DGaussians,trex,target_eval_loss,trex_loss0p005793,False,3000,7033,10033,10033,fine,305.989972114563,342.9658725261688,36.975900411605835,30.112404823303223,0.9749471783638001,0.031777026038616894,0.0054689519573003055,0.00938572589308023,0.0054689519573003055,57455,0.004452377092093229,3.945256233215332
4DGS native-4D (fudan-zvg),4DGS-fudan,bouncingballs,iterations,bouncingballs_iters30000,False,0,2,2,4,single_stage,8.58306884765625e-06,8.58306884765625e-06,0.0,6.745207023620606,0.24708094857633114,0.25575586333870887,0.44732787013053893,0.508446106389165,0.44732787013053893,100000,0.262695848941803,6.603123426437378
4DGS native-4D (fudan-zvg),4DGS-fudan,bouncingballs,iterations,bouncingballs_iters30000,False,0,1000,1000,2000,single_stage,109.9959008693695,116.59902429580688,6.603123426437378,25.559731674194335,0.9568358600139618,0.08619337975978851,0.018296619690954686,0.023270123749971387,0.018296619690954686,12296,0.011269651353359222,4.260371923446655
4DGS native-4D (fudan-zvg),4DGS-fudan,bouncingballs,iterations,bouncingballs_iters30000,False,0,2000,2000,4000,single_stage,201.35166454315186,212.2151598930359,10.863495349884033,27.536155891418456,0.967235478758812,0.06968039888888597,0.0140520463231951,0.01779454130679368,0.0140520463231951,24088,0.008235618472099304,4.136902570724487
4DGS native-4D (fudan-zvg),4DGS-fudan,bouncingballs,iterations,bouncingballs_iters30000,False,0,3000,3000,6000,single_stage,296.47589635849,311.4762942790985,15.00039792060852,30.087302112579344,0.9762037634849549,0.048270501755177976,0.007595325331203639,0.010835507567971941,0.007595325331203639,39732,0.005250122863799334,4.119271278381348
4DGS native-4D (fudan-zvg),4DGS-fudan,bouncingballs,iterations,bouncingballs_iters30000,False,0,4000,4000,8000,single_stage,400.3766345977783,419.4963037967682,19.119669198989868,31.312838745117187,0.980172124505043,0.040148004330694674,0.006087533209938556,0.00883560166694225,0.006087533209938556,52298,0.002056822646409273,4.152622938156128
4DGS native-4D (fudan-zvg),4DGS-fudan,bouncingballs,iterations,bouncingballs_iters30000,False,0,5000,5000,10000,single_stage,508.3900730609894,531.6623651981354,23.272292137145996,32.248941040039064,0.9823702812194824,0.03496724609285593,0.0054303018376231195,0.007870185226202007,0.0054303018376231195,66782,0.0017422791570425034,4.1605377197265625
4DGS native-4D (fudan-zvg),4DGS-fudan,bouncingballs,iterations,bouncingballs_iters30000,False,0,6000,6000,12000,single_stage,619.7869350910187,647.2197649478912,27.43282985687256,32.49558162689209,0.9829557865858078,0.03349755266681313,0.005354141106363386,0.00769215556792914,0.005354141106363386,81520,0.001410274882800877,4.181331157684326
4DGS native-4D (fudan-zvg),4DGS-fudan,bouncingballs,iterations,bouncingballs_iters30000,False,0,7000,7000,14000,single_stage,734.876327753067,766.4904887676239,31.614161014556885,32.73386459350586,0.9835116237401962,0.031800259929150344,0.005201938247773796,0.0074592258501798,0.005201938247773796,91471,0.0013034441508352757,4.201462745666504
4DGS native-4D (fudan-zvg),4DGS-fudan,bouncingballs,iterations,bouncingballs_iters30000,False,0,8000,8000,16000,single_stage,852.6837403774261,888.4993641376495,35.81562376022339,32.88683795928955,0.983723908662796,0.030668893549591302,0.005081891175359487,0.007320731207728386,0.005081891175359487,105982,0.0013529832940548658,4.222047567367554
4DGS native-4D (fudan-zvg),4DGS-fudan,bouncingballs,iterations,bouncingballs_iters30000,False,0,9000,9000,18000,single_stage,972.235915184021,1012.2735865116119,40.03767132759094,32.95548419952392,0.9836200028657913,0.030753568187355994,0.005087753618136048,0.007346202321350574,0.005087753618136048,120869,0.0010138783836737275,4.184590101242065
4DGS native-4D (fudan-zvg),4DGS-fudan,bouncingballs,iterations,bouncingballs_iters30000,False,0,10000,10000,20000,single_stage,1097.0793747901917,1141.3016362190247,44.22226142883301,33.12907285690308,0.9839548945426941,0.02961606243625283,0.005028242513071745,0.007231615101918569,0.005028242513071745,126958,0.0014664391055703163,4.2061967849731445
4DGS native-4D (fudan-zvg),4DGS-fudan,bouncingballs,iterations,bouncingballs_iters30000,False,0,11000,11000,22000,single_stage,1220.6923382282257,1269.1207964420319,48.42845821380615,33.08040246963501,0.9839619606733322,0.02952798535116017,0.004983275337144733,0.007194228135049349,0.004983275337144733,126958,0.0008717079181224108,4.242073059082031
4DGS native-4D (fudan-zvg),4DGS-fudan,bouncingballs,iterations,bouncingballs_iters30000,False,0,12000,12000,24000,single_stage,1340.4178869724274,1393.0884182453156,52.670531272888184,33.055420589447024,0.9838164180517197,0.029434151435270905,0.004944745451211929,0.0071925127506256015,0.004944745451211929,126958,0.001138917519710958,4.223802089691162
4DGS native-4D (fudan-zvg),4DGS-fudan,bouncingballs,iterations,bouncingballs_iters30000,False,0,13000,13000,26000,single_stage,1461.1402118206024,1518.0345451831818,56.894333362579346,33.181621646881105,0.9840422093868255,0.029230078775435687,0.004922065569553524,0.007129210578277716,0.004922065569553524,126958,0.0008159527787938714,4.245254278182983
4DGS native-4D (fudan-zvg),4DGS-fudan,bouncingballs,iterations,bouncingballs_iters30000,False,0,14000,14000,28000,single_stage,1584.822811126709,1645.9623987674713,61.13958764076233,33.151000595092775,0.9840307682752609,0.02884350512176752,0.004878350405488163,0.007096526669338346,0.004878350405488163,126958,0.0010119985090568662,4.240318059921265
4DGS native-4D (fudan-zvg),4DGS-fudan,bouncingballs,iterations,bouncingballs_iters30000,False,0,15000,15000,30000,single_stage,1705.3842902183533,1770.7641959190369,65.3799057006836,33.23397264480591,0.983771687746048,0.02905655396170914,0.004865388479083776,0.007137973234057431,0.004865388479083776,126958,0.0008885306888259947,4.192560434341431
4DGS native-4D (fudan-zvg),4DGS-fudan,bouncingballs,iterations,bouncingballs_iters30000,False,0,16000,16000,32000,single_stage,1830.0744676589966,1899.6469337940216,69.57246613502502,33.2451189994812,0.9839595347642899,0.029169222991913556,0.004866132873576135,0.007100999346002933,0.004866132873576135,126958,0.000998530420474708,4.181774854660034
4DGS native-4D (fudan-zvg),4DGS-fudan,bouncingballs,iterations,bouncingballs_iters30000,False,0,17000,17000,34000,single_stage,1953.9641847610474,2027.7184257507324,73.75424098968506,33.116394424438475,0.9836691439151763,0.02927342280745506,0.004887231439352035,0.007175956368446359,0.004887231439352035,126958,0.001206152606755495,4.17717719078064
4DGS native-4D (fudan-zvg),4DGS-fudan,bouncingballs,iterations,bouncingballs_iters30000,False,0,18000,18000,36000,single_stage,2073.073882818222,2151.0053009986877,77.9314181804657,33.22365770339966,0.9838811725378036,0.029269350133836268,0.004840966581832617,0.007096538757905373,0.004840966581832617,126958,0.0011226297356188297,4.230003356933594
4DGS native-4D (fudan-zvg),4DGS-fudan,bouncingballs,iterations,bouncingballs_iters30000,False,0,19000,19000,38000,single_stage,2191.8926899433136,2274.054111480713,82.16142153739929,33.20970211029053,0.983617228269577,0.02952453950420022,0.004873005824629217,0.007174959005787978,0.004873005824629217,126958,0.0008325442904606462,4.1848413944244385
4DGS native-4D (fudan-zvg),4DGS-fudan,bouncingballs,iterations,bouncingballs_iters30000,False,0,20000,20000,40000,single_stage,2309.8169071674347,2396.1631700992584,86.34626293182373,33.13878335952759,0.9837176889181137,0.029051797324791552,0.004874870926141739,0.007156358957290646,0.004874870926141739,126958,0.0010244151344522834,4.18684983253479
4DGS native-4D (fudan-zvg),4DGS-fudan,bouncingballs,iterations,bouncingballs_iters30000,False,0,21000,21000,42000,single_stage,2426.854014635086,2517.3871273994446,90.53311276435852,33.225269603729245,0.98386450111866,0.0290415333583951,0.00484768368769437,0.007105246726423502,0.00484768368769437,126958,0.0011323192156851292,4.2332048416137695
4DGS native-4D (fudan-zvg),4DGS-fudan,bouncingballs,iterations,bouncingballs_iters30000,False,0,22000,22000,44000,single_stage,2543.5938098430634,2638.3601274490356,94.76631760597229,33.24030876159668,0.9838890999555587,0.02903967387974262,0.004851154668722301,0.007103103743866095,0.004851154668722301,126958,0.0009282099781557918,4.19584584236145
4DGS native-4D (fudan-zvg),4DGS-fudan,bouncingballs,iterations,bouncingballs_iters30000,False,0,23000,23000,46000,single_stage,2659.9602060317993,2758.922369480133,98.96216344833374,33.22074546813965,0.9839080691337585,0.02904138625599444,0.004856842278968543,0.007103859996423134,0.004856842278968543,126958,0.0010230011539533734,4.191713809967041
4DGS native-4D (fudan-zvg),4DGS-fudan,bouncingballs,iterations,bouncingballs_iters30000,False,0,24000,24000,48000,single_stage,2775.6657667160034,2878.819643974304,103.15387725830078,33.102061939239505,0.9836514681577683,0.02933871201239526,0.0049052391084842386,0.0071938976552337365,0.0049052391084842386,126958,0.0011165156029164791,4.241854906082153
4DGS native-4D (fudan-zvg),4DGS-fudan,bouncingballs,iterations,bouncingballs_iters30000,False,0,25000,25000,50000,single_stage,2891.168528318405,2998.564260482788,107.39573216438293,33.09732809066772,0.9837133824825287,0.029190368903800844,0.004943386476952583,0.007212032685056324,0.004943386476952583,126958,0.0009319136152043939,4.192574977874756
4DGS native-4D (fudan-zvg),4DGS-fudan,bouncingballs,iterations,bouncingballs_iters30000,False,0,26000,26000,52000,single_stage,3006.1349442005157,3117.7232513427734,111.58830714225769,33.08655757904053,0.983541950583458,0.029242862248793244,0.0049166260985657574,0.007224910762161017,0.0049166260985657574,126958,0.0009195377351716161,4.182791709899902
4DGS native-4D (fudan-zvg),4DGS-fudan,bouncingballs,iterations,bouncingballs_iters30000,False,0,27000,27000,54000,single_stage,3120.8142516613007,3236.5853505134583,115.77109885215759,33.035373783111574,0.9835666954517365,0.02922570127993822,0.00493515885900706,0.007234787996858354,0.00493515885900706,126958,0.0008850388112477958,4.18287205696106
4DGS native-4D (fudan-zvg),4DGS-fudan,bouncingballs,iterations,bouncingballs_iters30000,False,0,28000,28000,56000,single_stage,3235.3567650318146,3355.3107359409332,119.95397090911865,33.04566555023193,0.9835917204618454,0.029362322762608528,0.004926416685339064,0.007222789255902171,0.004926416685339064,126958,0.0010509315179660916,4.203333377838135
4DGS native-4D (fudan-zvg),4DGS-fudan,bouncingballs,iterations,bouncingballs_iters30000,False,0,29000,29000,58000,single_stage,3349.314653635025,3473.471957921982,124.15730428695679,33.08586950302124,0.9834756910800934,0.029488863423466682,0.004934587876778096,0.007252532085403805,0.004934587876778096,126958,0.0008566989563405514,4.232328414916992
4DGS native-4D (fudan-zvg),4DGS-fudan,bouncingballs,iterations,bouncingballs_iters30000,False,0,30000,30000,60000,single_stage,3462.619880437851,3591.0095131397247,128.38963270187378,33.05039329528809,0.9834076225757599,0.029445787006989122,0.0049384054145775735,0.007269199816510086,0.0049384054145775735,126958,0.0009462557500228286,4.230005502700806
4DGS native-4D (fudan-zvg),4DGS-fudan,bouncingballs,target_eval_loss,bouncingballs_loss0p005083,False,0,2,2,4,single_stage,8.821487426757812e-06,8.821487426757812e-06,0.0,6.745207023620606,0.24708094857633114,0.25575586333870887,0.44732787013053893,0.508446106389165,0.44732787013053893,100000,0.262695848941803,6.742891073226929
4DGS native-4D (fudan-zvg),4DGS-fudan,bouncingballs,target_eval_loss,bouncingballs_loss0p005083,False,0,173,173,346,single_stage,30.075089931488037,36.953516244888306,6.8784263134002686,15.521738195419312,0.8963359326124192,0.1555191956460476,0.0933567265048623,0.09541819468140601,0.0933567265048623,100000,0.03216305747628212,4.177154779434204
4DGS native-4D (fudan-zvg),4DGS-fudan,bouncingballs,target_eval_loss,bouncingballs_loss0p005083,False,0,442,442,884,single_stage,60.17525315284729,71.85110998153687,11.675856828689575,22.501097393035888,0.9373926907777786,0.10845730565488339,0.031382376607507464,0.037627363130450245,0.031382376607507464,100000,0.016335908323526382,4.316864967346191
4DGS native-4D (fudan-zvg),4DGS-fudan,bouncingballs,target_eval_loss,bouncingballs_loss0p005083,False,0,734,734,1468,single_stage,90.23537182807922,106.68497109413147,16.449599266052246,24.351552200317382,0.9482216030359268,0.09842703230679035,0.02232980658300221,0.0282195246592164,0.02232980658300221,11198,0.013754638843238354,4.164435863494873
4DGS native-4D (fudan-zvg),4DGS-fudan,bouncingballs,target_eval_loss,bouncingballs_loss0p005083,False,0,1055,1055,2110,single_stage,120.26539754867554,140.97915601730347,20.71375846862793,25.04981060028076,0.9527054816484452,0.09253960102796555,0.01932007810100913,0.024914966151118274,0.01932007810100913,14158,0.010980799794197083,4.133660554885864
4DGS native-4D (fudan-zvg),4DGS-fudan,bouncingballs,target_eval_loss,bouncingballs_loss0p005083,False,0,1368,1368,2736,single_stage,150.289897441864,175.21537733078003,24.925479888916016,26.511537075042725,0.9623468548059464,0.07947150766849517,0.01604325892403722,0.020365236178040497,0.01604325892403722,16310,0.007149640470743179,4.234450578689575
4DGS native-4D (fudan-zvg),4DGS-fudan,bouncingballs,target_eval_loss,bouncingballs_loss0p005083,False,0,1676,1676,3352,single_stage,180.35945343971252,209.6238660812378,29.26441264152527,26.73965835571289,0.9640415698289871,0.07675477266311645,0.01587542607448995,0.01989202689379453,0.01587542607448995,21406,0.009300347417593002,4.231078624725342
4DGS native-4D (fudan-zvg),4DGS-fudan,bouncingballs,target_eval_loss,bouncingballs_loss0p005083,False,0,1977,1977,3954,single_stage,210.36338806152344,243.95855379104614,33.595165729522705,27.503437995910645,0.9676389247179031,0.06966338958591223,0.014586365735158324,0.01814130764454603,0.014586365735158324,24382,0.006981830112636089,4.2009971141815186
4DGS native-4D (fudan-zvg),4DGS-fudan,bouncingballs,target_eval_loss,bouncingballs_loss0p005083,False,0,2280,2280,4560,single_stage,240.4019570350647,278.3013188838959,37.89936184883118,28.857730197906495,0.9713753402233124,0.05976042114198208,0.009472686564549804,0.013303081206977364,0.009472686564549804,30661,0.004269038327038288,4.2040205001831055
4DGS native-4D (fudan-zvg),4DGS-fudan,bouncingballs,target_eval_loss,bouncingballs_loss0p005083,False,0,2576,2576,5152,single_stage,270.4837427139282,312.7358076572418,42.2520649433136,29.69261302947998,0.9749137610197067,0.05208076331764459,0.008052622666582465,0.011459345929324627,0.008052622666582465,33732,0.005464102141559124,4.216707706451416
4DGS native-4D (fudan-zvg),4DGS-fudan,bouncingballs,target_eval_loss,bouncingballs_loss0p005083,False,0,2878,2878,5756,single_stage,300.60835242271423,347.2948548793793,46.68650245666504,29.72885456085205,0.9759620308876038,0.05004600025713444,0.007653638161718846,0.010930504351854317,0.007653638161718846,39816,0.0035348301753401756,4.243133544921875
4DGS native-4D (fudan-zvg),4DGS-fudan,bouncingballs,target_eval_loss,bouncingballs_loss0p005083,False,0,3146,3146,6292,single_stage,330.7344892024994,381.8497681617737,51.11527895927429,29.73883934020996,0.975712674856186,0.04717211090028286,0.007774979528039694,0.011077448651194564,0.007774979528039694,42774,0.004267983604222536,4.266685962677002
4DGS native-4D (fudan-zvg),4DGS-fudan,bouncingballs,target_eval_loss,bouncingballs_loss0p005083,False,0,3420,3420,6840,single_stage,360.75324964523315,416.3447515964508,55.59150195121765,30.25044345855713,0.9765152484178543,0.04742447873577475,0.00692668769042939,0.010238300468772651,0.00692668769042939,46574,0.004477149806916714,4.227526426315308
4DGS native-4D (fudan-zvg),4DGS-fudan,bouncingballs,target_eval_loss,bouncingballs_loss0p005083,False,0,3692,3692,7384,single_stage,390.7849471569061,450.796434879303,60.01148772239685,30.85506401062012,0.9791371315717697,0.04262737464159727,0.006384242337662727,0.009279967555776234,0.006384242337662727,49303,0.0026171498466283083,4.219804525375366
4DGS native-4D (fudan-zvg),4DGS-fudan,bouncingballs,target_eval_loss,bouncingballs_loss0p005083,False,0,3966,3966,7932,single_stage,420.8168604373932,485.4037981033325,64.58693766593933,31.113496398925783,0.9801960021257401,0.03967113308608532,0.006066039332654327,0.008813631040975444,0.006066039332654327,52092,0.0022103230003267527,4.254495143890381
4DGS native-4D (fudan-zvg),4DGS-fudan,bouncingballs,target_eval_loss,bouncingballs_loss0p005083,False,0,4238,4238,8476,single_stage,450.86384201049805,519.9438655376434,69.08002352714539,31.29518280029297,0.980355241894722,0.039952849969267845,0.005951812048442662,0.00869040125980973,0.005951812048442662,57660,0.0026311655528843403,4.214916944503784
4DGS native-4D (fudan-zvg),4DGS-fudan,bouncingballs,target_eval_loss,bouncingballs_loss0p005083,False,0,4508,4508,9016,single_stage,480.8818852901459,554.4251761436462,73.54329085350037,31.861401653289796,0.9819188207387924,0.036649558134377,0.005588760075625032,0.008087243912741538,0.005588760075625032,60475,0.00199296441860497,4.226652383804321
4DGS native-4D (fudan-zvg),4DGS-fudan,bouncingballs,target_eval_loss,bouncingballs_loss0p005083,False,0,4779,4779,9558,single_stage,510.94093918800354,589.1088292598724,78.1678900718689,32.023368453979494,0.9823070198297501,0.03546834457665682,0.005464525683782995,0.007910216581076376,0.005464525683782995,63253,0.002391765359789133,4.293169260025024
4DGS native-4D (fudan-zvg),4DGS-fudan,bouncingballs,target_eval_loss,bouncingballs_loss0p005083,False,0,5051,5051,10102,single_stage,541.0307846069336,623.7284300327301,82.69764542579651,31.992618751525878,0.9817853778600693,0.036381736490875484,0.0055751528590917586,0.008103046715259556,0.0055751528590917586,68779,0.0020492207258939743,4.228864431381226
4DGS native-4D (fudan-zvg),4DGS-fudan,bouncingballs,target_eval_loss,bouncingballs_loss0p005083,False,0,5317,5317,10634,single_stage,571.1294541358948,658.070764541626,86.9413104057312,32.11589498519898,0.9824435621500015,0.03451337479054928,0.005438569583930075,0.00786214323714376,0.005438569583930075,71675,0.0022746818140149117,4.234308481216431
4DGS native-4D (fudan-zvg),4DGS-fudan,bouncingballs,target_eval_loss,bouncingballs_loss0p005083,False,0,5589,5589,11178,single_stage,601.2002558708191,692.8689851760864,91.66872930526733,32.22947120666504,0.982798558473587,0.03401002986356616,0.005349215969908982,0.007719661081209788,0.005349215969908982,74508,0.0019219857640564442,4.270243406295776
4DGS native-4D (fudan-zvg),4DGS-fudan,bouncingballs,target_eval_loss,bouncingballs_loss0p005083,False,0,5857,5857,11714,single_stage,631.29359126091,727.562570810318,96.26897954940796,32.245458889007566,0.9826945990324021,0.033875033352524044,0.005322228057775646,0.007718862639740101,0.005322228057775646,80262,0.0014232906978577375,4.231359004974365
4DGS native-4D (fudan-zvg),4DGS-fudan,bouncingballs,target_eval_loss,bouncingballs_loss0p005083,False,0,6115,6115,12230,single_stage,661.3647193908691,762.2251582145691,100.86043882369995,31.5649395942688,0.9806651294231414,0.03600685922428966,0.006066163792274893,0.008719905149191628,0.006066163792274893,83108,0.0020412257872521877,4.252854585647583
4DGS native-4D (fudan-zvg),4DGS-fudan,bouncingballs,target_eval_loss,bouncingballs_loss0p005083,False,0,6369,6369,12738,single_stage,691.4672906398773,796.5941474437714,105.12685680389404,32.42044324874878,0.982983049750328,0.032831089291721585,0.005369465902913362,0.007698962772265085,0.005369465902913362,81893,0.0014140127459540963,4.274680137634277
4DGS native-4D (fudan-zvg),4DGS-fudan,bouncingballs,target_eval_loss,bouncingballs_loss0p005083,False,0,6622,6622,13244,single_stage,721.5400972366333,831.3032851219177,109.76318788528442,31.875076675415038,0.9815689206123352,0.03497468866407871,0.005587650986853987,0.00815633666701614,0.005587650986853987,87231,0.0016970705473795533,4.236169099807739
4DGS native-4D (fudan-zvg),4DGS-fudan,bouncingballs,target_eval_loss,bouncingballs_loss0p005083,False,0,6879,6879,13758,single_stage,751.6316714286804,865.6445515155792,114.0128800868988,32.41889133453369,0.9830758273601532,0.03234884915873408,0.00529222892364487,0.007618617666885257,0.00529222892364487,89944,0.0014175891410559416,4.252624273300171
4DGS native-4D (fudan-zvg),4DGS-fudan,bouncingballs,target_eval_loss,bouncingballs_loss0p005083,False,0,7146,7146,14292,single_stage,781.6385450363159,899.9184856414795,118.27994060516357,32.6315975189209,0.9834735810756683,0.031593456491827966,0.005200256407260895,0.007465488910675058,0.005200256407260895,92753,0.0015401830896735191,4.272583961486816
4DGS native-4D (fudan-zvg),4DGS-fudan,bouncingballs,target_eval_loss,bouncingballs_loss0p005083,False,0,7407,7407,14814,single_stage,811.7337486743927,934.6945016384125,122.96075296401978,31.518788146972657,0.9811107397079468,0.03445052513852716,0.005598545446991921,0.008256688416004174,0.005598545446991921,98358,0.002016147831454873,4.254159927368164
4DGS native-4D (fudan-zvg),4DGS-fudan,bouncingballs,target_eval_loss,bouncingballs_loss0p005083,False,0,7661,7661,15322,single_stage,841.7523415088654,968.9805965423584,127.22825503349304,32.49490270614624,0.9832426130771637,0.03149263439700008,0.00520306657999754,0.0075139306485653016,0.00520306657999754,101239,0.0011970086488872766,4.258293151855469
4DGS native-4D (fudan-zvg),4DGS-fudan,bouncingballs,target_eval_loss,bouncingballs_loss0p005083,False,0,7915,7915,15830,single_stage,871.8447186946869,1003.3457818031311,131.5010631084442,32.739037322998044,0.9836571037769317,0.031307476572692394,0.005128855747170746,0.0073716638423502534,0.005128855747170746,104103,0.0009740673704072833,4.317534685134888
4DGS native-4D (fudan-zvg),4DGS-fudan,bouncingballs,target_eval_loss,bouncingballs_loss0p005083,False,0,8168,8168,16336,single_stage,901.8906996250153,1038.3326754570007,136.44197583198547,32.697642707824706,0.9836304634809494,0.030926067661494017,0.005144165642559528,0.007389239817857742,0.005144165642559528,107035,0.0017022073734551668,4.243845224380493
4DGS native-4D (fudan-zvg),4DGS-fudan,bouncingballs,target_eval_loss,bouncingballs_loss0p005083,False,0,8420,8420,16840,single_stage,931.977301120758,1072.6780710220337,140.70076990127563,31.884448337554932,0.9819022297859192,0.03392594186589122,0.00540494171436876,0.007943507414311162,0.00540494171436876,113019,0.0017222996102645993,4.24847936630249
4DGS native-4D (fudan-zvg),4DGS-fudan,bouncingballs,target_eval_loss,bouncingballs_loss0p005083,False,0,8671,8671,17342,single_stage,962.0188553333282,1106.9887902736664,144.96993494033813,32.72884645462036,0.9835563719272613,0.03089521136134863,0.005162811302579939,0.0074189746566116896,0.005162811302579939,116021,0.001210816903039813,4.283108472824097
4DGS native-4D (fudan-zvg),4DGS-fudan,bouncingballs,target_eval_loss,bouncingballs_loss0p005083,False,0,8916,8916,17832,single_stage,992.0904884338379,1141.359799861908,149.26931142807007,32.80524339675903,0.9836497336626053,0.030716884462162853,0.0050820823758840564,0.0073357191681861795,0.0050820823758840564,119062,0.0010814208071678877,4.245952844619751
4DGS native-4D (fudan-zvg),4DGS-fudan,bouncingballs,target_eval_loss,bouncingballs_loss0p005083,False,0,9156,9156,18312,single_stage,1022.194972038269,1176.302417755127,154.1074457168579,32.3782922744751,0.982289919257164,0.03197612976655364,0.00549602210521698,0.007938833832740778,0.00549602210521698,122073,0.001403949223458767,4.29896092414856
4DGS native-4D (fudan-zvg),4DGS-fudan,bouncingballs,target_eval_loss,bouncingballs_loss0p005083,False,0,9400,9400,18800,single_stage,1052.271487236023,1210.7018613815308,158.4303741455078,32.71034183502197,0.9833209931850433,0.030761027056723834,0.005168377736117691,0.0074705035518854955,0.005168377736117691,116698,0.0014520918484777212,4.289808511734009
4DGS native-4D (fudan-zvg),4DGS-fudan,bouncingballs,target_eval_loss,bouncingballs_loss0p005083,False,0,9651,9651,19302,single_stage,1082.2894222736359,1245.0244290828705,162.73500680923462,32.781936931610105,0.983423188328743,0.030331841250881553,0.0051250767428427935,0.007415423728525639,0.0051250767428427935,122404,0.0012026004260405898,4.244670391082764
4DGS native-4D (fudan-zvg),4DGS-fudan,bouncingballs,target_eval_loss,bouncingballs_loss0p005083,False,0,9896,9896,19792,single_stage,1112.3409216403961,1279.3364217281342,166.99550008773804,32.95637502670288,0.9838931649923325,0.03000290021300316,0.005038609250914305,0.007252254402264948,0.005038609250914305,125436,0.0009762788540683687,4.264422178268433
4DGS native-4D (fudan-zvg),4DGS-fudan,bouncingballs,target_eval_loss,bouncingballs_loss0p005083,False,0,10141,10141,20282,single_stage,1142.3722932338715,1314.4550325870514,172.08273935317993,32.91668329238892,0.9838807076215744,0.02985876575112343,0.005067770567256958,0.007278074929490681,0.005067770567256958,125436,0.0014163858722895384,4.335193634033203
4DGS native-4D (fudan-zvg),4DGS-fudan,hellwarrior,iterations,hellwarrior_iters30000,False,0,2,2,2,single_stage,6.67572021484375e-06,6.67572021484375e-06,0.0,6.435346293449402,0.0497822243720293,0.18754202947020532,0.4704053923487663,0.5663678690046072,0.4704053923487663,100000,0.580154299736023,14.51006031036377
4DGS native-4D (fudan-zvg),4DGS-fudan,hellwarrior,iterations,hellwarrior_iters30000,False,0,1000,1000,1000,single_stage,52.964399576187134,67.59077310562134,14.626373529434204,30.633659267425536,0.9360263675451279,0.11673107258975506,0.007896562316454947,0.019111976344138377,0.007896562316454947,4465,0.02443014271557331,3.7264344692230225
4DGS native-4D (fudan-zvg),4DGS-fudan,hellwarrior,iterations,hellwarrior_iters30000,False,0,2000,2000,2000,single_stage,91.78791952133179,110.2050256729126,18.41710615158081,31.69433479309082,0.9442341715097428,0.10724675953388214,0.006827776273712516,0.016615386717021462,0.006827776273712516,15737,0.013895384967327118,3.8503332138061523
4DGS native-4D (fudan-zvg),4DGS-fudan,hellwarrior,iterations,hellwarrior_iters30000,False,0,3000,3000,3000,single_stage,135.2771315574646,157.6448531150818,22.367721557617188,32.59141788482666,0.9487278312444687,0.09854737594723702,0.006098383595235646,0.01513314062729478,0.006098383595235646,33345,0.009496945887804031,3.99570631980896
4DGS native-4D (fudan-zvg),4DGS-fudan,hellwarrior,iterations,hellwarrior_iters30000,False,0,4000,4000,4000,single_stage,180.951336145401,207.48376560211182,26.532429456710815,33.25539093017578,0.9517303466796875,0.09280022084712983,0.00554955187253654,0.014093572162091738,0.00554955187253654,51559,0.008396153338253498,3.954885959625244
4DGS native-4D (fudan-zvg),4DGS-fudan,hellwarrior,iterations,hellwarrior_iters30000,False,0,5000,5000,5000,single_stage,227.6202414035797,258.34155535697937,30.721313953399658,33.72977294921875,0.9536132782697677,0.08784109130501747,0.005243466887623072,0.013472117856144914,0.005243466887623072,84286,0.005531594157218933,3.934514045715332
4DGS native-4D (fudan-zvg),4DGS-fudan,hellwarrior,iterations,hellwarrior_iters30000,False,0,6000,6000,6000,single_stage,276.96372151374817,311.9720571041107,35.00833559036255,33.89723892211914,0.954178762435913,0.08448851201683283,0.005140453635249287,0.01327661042101682,0.005140453635249287,123722,0.00667581707239151,4.0159125328063965
4DGS native-4D (fudan-zvg),4DGS-fudan,hellwarrior,iterations,hellwarrior_iters30000,False,0,7000,7000,7000,single_stage,326.678505897522,366.34628677368164,39.66778087615967,33.88399753570557,0.9543320089578629,0.08221433125436306,0.005144137982279062,0.01324890859425068,0.005144137982279062,140700,0.0073485709726810455,3.9541306495666504
4DGS native-4D (fudan-zvg),4DGS-fudan,hellwarrior,iterations,hellwarrior_iters30000,False,0,8000,8000,8000,single_stage,384.6724421977997,428.30819034576416,43.63574814796448,33.88537712097168,0.9544995129108429,0.07971725519746542,0.005129509919788689,0.013203705353662373,0.005129509919788689,190609,0.005365448538213968,3.976702928543091
4DGS native-4D (fudan-zvg),4DGS-fudan,hellwarrior,iterations,hellwarrior_iters30000,False,0,9000,9000,9000,single_stage,451.6622807979584,499.28859305381775,47.626312255859375,33.88563899993896,0.9540838748216629,0.07803286258131266,0.005137788271531463,0.01329345565289259,0.005137788271531463,242166,0.004627377726137638,4.004788160324097
4DGS native-4D (fudan-zvg),4DGS-fudan,hellwarrior,iterations,hellwarrior_iters30000,False,0,10000,10000,10000,single_stage,516.0188376903534,567.6646463871002,51.645808696746826,33.93004302978515,0.9543518275022507,0.0767607819288969,0.005103094875812531,0.01321211040019989,0.005103094875812531,238918,0.004028957337141037,3.994105577468872
4DGS native-4D (fudan-zvg),4DGS-fudan,hellwarrior,iterations,hellwarrior_iters30000,False,0,11000,11000,11000,single_stage,586.7901968955994,644.1676979064941,57.377501010894775,33.86856555938721,0.9541474491357803,0.07565817274153233,0.0051188500132411715,0.013265590183436876,0.0051188500132411715,293116,0.00396751007065177,3.995899200439453
4DGS native-4D (fudan-zvg),4DGS-fudan,hellwarrior,iterations,hellwarrior_iters30000,False,0,12000,12000,12000,single_stage,663.2653923034668,724.6578221321106,61.3924298286438,33.842977333068845,0.9537902802228928,0.07482274007052184,0.005143511609639972,0.013356753243133417,0.005143511609639972,343011,0.0036638393066823483,4.0580668449401855
4DGS native-4D (fudan-zvg),4DGS-fudan,hellwarrior,iterations,hellwarrior_iters30000,False,0,13000,13000,13000,single_stage,736.0127713680267,801.4848599433899,65.47208857536316,33.7867467880249,0.9537779241800308,0.07411770261824131,0.005159747914876789,0.013372213495895267,0.005159747914876789,323890,0.003008183790370822,4.021938323974609
4DGS native-4D (fudan-zvg),4DGS-fudan,hellwarrior,iterations,hellwarrior_iters30000,False,0,14000,14000,14000,single_stage,815.7863750457764,885.2963993549347,69.51002430915833,33.8038408279419,0.9537050932645798,0.07311817351728678,0.005149594228714705,0.013378656730055814,0.005149594228714705,370539,0.003343666438013315,4.067257881164551
4DGS native-4D (fudan-zvg),4DGS-fudan,hellwarrior,iterations,hellwarrior_iters30000,False,0,15000,15000,15000,single_stage,899.1539030075073,972.7451846599579,73.59128165245056,33.75507936477661,0.9531976372003556,0.07269054986536502,0.005184327135793865,0.013507934268563983,0.005184327135793865,410118,0.0021765483543276787,4.0713605880737305
4DGS native-4D (fudan-zvg),4DGS-fudan,hellwarrior,iterations,hellwarrior_iters30000,False,0,16000,16000,16000,single_stage,984.4409494400024,1062.1179795265198,77.67703008651733,33.747689151763915,0.9530683428049087,0.0722762692719698,0.005199204059317708,0.013545694686472425,0.005199204059317708,410118,0.0019450016552582383,4.051657676696777
4DGS native-4D (fudan-zvg),4DGS-fudan,hellwarrior,iterations,hellwarrior_iters30000,False,0,17000,17000,17000,single_stage,1069.8309354782104,1151.5756387710571,81.74470329284668,33.737788105010985,0.9530857503414154,0.07154995407909155,0.0051795101840980354,0.013526458078995347,0.0051795101840980354,410118,0.002641666680574417,4.048489093780518
4DGS native-4D (fudan-zvg),4DGS-fudan,hellwarrior,iterations,hellwarrior_iters30000,False,0,18000,18000,18000,single_stage,1155.698493719101,1241.5045428276062,85.80604910850525,33.758832931518555,0.9528840005397796,0.07144936732947826,0.005192830157466233,0.013577464018017064,0.005192830157466233,410118,0.0021379461977630854,4.030710935592651
4DGS native-4D (fudan-zvg),4DGS-fudan,hellwarrior,iterations,hellwarrior_iters30000,False,0,19000,19000,19000,single_stage,1241.722697019577,1331.5725407600403,89.84984374046326,33.74986925125122,0.9528444677591323,0.0710268659517169,0.005186788132414221,0.01358053695410491,0.005186788132414221,410118,0.0019975637551397085,4.068628787994385
4DGS native-4D (fudan-zvg),4DGS-fudan,hellwarrior,iterations,hellwarrior_iters30000,False,0,20000,20000,20000,single_stage,1327.5572395324707,1421.4883887767792,93.93114924430847,33.742660236358645,0.952593207359314,0.07084844261407852,0.005201908317394555,0.013642885182052852,0.005201908317394555,410118,0.002093488583341241,4.063410520553589
4DGS native-4D (fudan-zvg),4DGS-fudan,hellwarrior,iterations,hellwarrior_iters30000,False,0,21000,21000,21000,single_stage,1412.357096195221,1510.3649351596832,98.00783896446228,33.79088077545166,0.9525787919759751,0.07062809653580189,0.005171970289666206,0.013621817836537953,0.005171970289666206,410118,0.0018437362741678953,4.0533363819122314
4DGS native-4D (fudan-zvg),4DGS-fudan,hellwarrior,iterations,hellwarrior_iters30000,False,0,22000,22000,22000,single_stage,1497.7782890796661,1599.854152917862,102.0758638381958,33.75252685546875,0.9525286376476287,0.07041740249842406,0.005179905937984586,0.013638197220861922,0.005179905937984586,410118,0.0019254067447036505,4.050943613052368
4DGS native-4D (fudan-zvg),4DGS-fudan,hellwarrior,iterations,hellwarrior_iters30000,False,0,23000,23000,23000,single_stage,1583.879102230072,1690.0261626243591,106.14706039428711,33.747161293029784,0.9522033959627152,0.07027992531657219,0.005189842544496059,0.01371119484305381,0.005189842544496059,410118,0.0024454109370708466,4.075917720794678
4DGS native-4D (fudan-zvg),4DGS-fudan,hellwarrior,iterations,hellwarrior_iters30000,False,0,24000,24000,24000,single_stage,1670.1530032157898,1780.3890793323517,110.23607611656189,33.77094602584839,0.9522180646657944,0.07026173118501902,0.00517552049132064,0.013696803459897634,0.00517552049132064,410118,0.0016603681724518538,4.055116176605225
4DGS native-4D (fudan-zvg),4DGS-fudan,hellwarrior,iterations,hellwarrior_iters30000,False,0,25000,25000,25000,single_stage,1756.3650739192963,1870.669563293457,114.30448937416077,33.755355262756346,0.9520442754030227,0.06995029132813216,0.005194005044177175,0.013746348954737198,0.005194005044177175,410118,0.0020256713032722473,4.069474220275879
4DGS native-4D (fudan-zvg),4DGS-fudan,hellwarrior,iterations,hellwarrior_iters30000,False,0,26000,26000,26000,single_stage,1841.4987223148346,1959.8953793048859,118.39665699005127,33.75714368820191,0.9517866969108582,0.06997290831059218,0.005196185002569109,0.013799608619883656,0.005196185002569109,410118,0.00169189868029207,4.06095027923584
4DGS native-4D (fudan-zvg),4DGS-fudan,hellwarrior,iterations,hellwarrior_iters30000,False,0,27000,27000,27000,single_stage,1926.6939544677734,2049.1650767326355,122.47112226486206,33.738971424102786,0.9516827881336212,0.06994596645236015,0.005209957412444055,0.01383140830323101,0.005209957412444055,410118,0.0016712856013327837,4.059799671173096
4DGS native-4D (fudan-zvg),4DGS-fudan,hellwarrior,iterations,hellwarrior_iters30000,False,0,28000,28000,28000,single_stage,2012.9764142036438,2139.520800590515,126.54438638687134,33.734404945373534,0.951582846045494,0.06992189437150956,0.00521291762124747,0.013853764887899168,0.00521291762124747,410118,0.0015168589306995273,4.0683817863464355
4DGS native-4D (fudan-zvg),4DGS-fudan,hellwarrior,iterations,hellwarrior_iters30000,False,0,29000,29000,29000,single_stage,2099.318328142166,2229.944560289383,130.6262321472168,33.72408475875854,0.9514038145542145,0.0698848657310009,0.005214613722637295,0.013890928067266934,0.005214613722637295,410118,0.0015577392186969519,4.05544114112854
4DGS native-4D (fudan-zvg),4DGS-fudan,hellwarrior,iterations,hellwarrior_iters30000,False,0,30000,30000,30000,single_stage,2186.04620718956,2320.7418053150177,134.69559812545776,33.711670875549316,0.9512358546257019,0.06988745909184217,0.005216945533175021,0.013926385501399633,0.005216945533175021,410118,0.001279657008126378,4.073683738708496
4DGS native-4D (fudan-zvg),4DGS-fudan,hellwarrior,target_eval_loss,hellwarrior_loss0p005358,False,0,2,2,2,single_stage,7.3909759521484375e-06,7.3909759521484375e-06,0.0,6.435346293449402,0.0497822243720293,0.18754202947020532,0.4704053923487663,0.5663678690046072,0.4704053923487663,100000,0.580154299736023,15.683414936065674
4DGS native-4D (fudan-zvg),4DGS-fudan,hellwarrior,target_eval_loss,hellwarrior_loss0p005358,False,0,421,421,421,single_stage,30.084726572036743,45.92242789268494,15.837701320648193,30.18781461715698,0.9286512076854706,0.11970262825489045,0.008548280247487128,0.021108382660895583,0.008548280247487128,100000,0.019618647173047066,3.8706953525543213
4DGS native-4D (fudan-zvg),4DGS-fudan,hellwarrior,target_eval_loss,hellwarrior_loss0p005358,False,0,1134,1134,1134,single_stage,60.0968337059021,80.23169994354248,20.13486623764038,30.914970111846923,0.937094184756279,0.11661650203168392,0.007672686083242297,0.01871931191533803,0.007672686083242297,6034,0.017105530947446823,3.6894259452819824
4DGS native-4D (fudan-zvg),4DGS-fudan,hellwarrior,target_eval_loss,hellwarrior_loss0p005358,False,0,1846,1846,1846,single_stage,90.10844707489014,113.99985790252686,23.89141082763672,31.58374767303467,0.9431624621152878,0.10880369022488594,0.006925204768776894,0.016907671391963964,0.006925204768776894,14185,0.01587190479040146,3.8126327991485596
4DGS native-4D (fudan-zvg),4DGS-fudan,hellwarrior,target_eval_loss,hellwarrior_loss0p005358,False,0,2448,2448,2448,single_stage,120.13609218597412,147.94525837898254,27.809166193008423,32.067671394348146,0.9453406423330307,0.1041210450232029,0.006585620273835957,0.01620036775246262,0.006585620273835957,23679,0.013716468587517738,3.842268466949463
4DGS native-4D (fudan-zvg),4DGS-fudan,hellwarrior,target_eval_loss,hellwarrior_loss0p005358,False,0,3066,3066,3066,single_stage,150.15776300430298,181.9948856830597,31.837122678756714,32.2138373374939,0.9447450190782547,0.10102426335215568,0.006458060606382788,0.01621744466945529,0.006458060606382788,35143,0.014381637796759605,3.935213088989258
4DGS native-4D (fudan-zvg),4DGS-fudan,hellwarrior,target_eval_loss,hellwarrior_loss0p005358,False,0,3673,3673,3673,single_stage,180.16306805610657,216.08031392097473,35.917245864868164,33.145619010925294,0.950900536775589,0.09489663802087307,0.005660275160335004,0.014348112773150215,0.005660275160335004,42490,0.01166592538356781,3.877967357635498
4DGS native-4D (fudan-zvg),4DGS-fudan,hellwarrior,target_eval_loss,hellwarrior_loss0p005358,False,0,4258,4258,4258,single_stage,210.20245051383972,250.1671483516693,39.96469783782959,33.43351402282715,0.9524166852235794,0.09167756661772727,0.005401271628215909,0.013837680257856855,0.005401271628215909,60064,0.008138526231050491,3.9505441188812256
4DGS native-4D (fudan-zvg),4DGS-fudan,hellwarrior,target_eval_loss,hellwarrior_loss0p005358,False,0,4836,4836,4836,single_stage,240.21802353858948,284.40300488471985,44.18498134613037,33.66022806167602,0.9532923817634582,0.08901002928614617,0.005244447477161884,0.013537081629037866,0.005244447477161884,80189,0.007215985096991062,4.048060655593872
4DGS native-4D (fudan-zvg),4DGS-fudan,hellwarrior,target_eval_loss,hellwarrior_loss0p005358,False,0,5405,5405,5405,single_stage,270.2267818450928,318.9114453792572,48.68466353416443,33.45639305114746,0.9526191979646683,0.08536488618701696,0.005405259237159043,0.013800367796793571,0.005405259237159043,103255,0.007617246359586716,4.0692784786224365
4DGS native-4D (fudan-zvg),4DGS-fudan,hellwarrior,target_eval_loss,hellwarrior_loss0p005358,False,0,5983,5983,5983,single_stage,300.24291253089905,353.01730012893677,52.77438759803772,33.88154420852661,0.9545136839151382,0.0844896687194705,0.0050983758410438895,0.013175963889807463,0.0050983758410438895,123855,0.006184240337461233,4.129249572753906
4DGS native-4D (fudan-zvg),4DGS-fudan,hellwarrior,target_eval_loss,hellwarrior_loss0p005358,False,0,6545,6545,6545,single_stage,330.26595520973206,387.7693808078766,57.50342559814453,33.71695404052734,0.953313997387886,0.08434499520808458,0.0052207679953426124,0.013513814918696885,0.0052207679953426124,120075,0.006127485539764166,4.118248701095581
4DGS native-4D (fudan-zvg),4DGS-fudan,hook,iterations,hook_iters30000,False,0,2,2,16,single_stage,9.5367431640625e-06,9.5367431640625e-06,0.0,6.539580011367798,0.050958691723644735,0.19215238764882087,0.4582288056612015,0.5563913061842323,0.4582288056612015,300000,0.06977907568216324,6.953982591629028
4DGS native-4D (fudan-zvg),4DGS-fudan,hook,iterations,hook_iters30000,False,0,1000,1000,8000,single_stage,390.3802044391632,397.7616436481476,7.381439208984375,29.08812847137451,0.9419908195734024,0.07421948667615652,0.008571672183461488,0.01845917383208872,0.008571672183461488,19857,0.0021207034587860107,3.9092650413513184
4DGS native-4D (fudan-zvg),4DGS-fudan,hook,iterations,hook_iters30000,False,0,2000,2000,16000,single_stage,640.5607869625092,651.9742066860199,11.413419723510742,30.986889266967772,0.9554855346679687,0.0560306828469038,0.006747651775367558,0.014301014486700306,0.006747651775367558,63864,0.0010959358187392354,3.961031675338745
4DGS native-4D (fudan-zvg),4DGS-fudan,hook,iterations,hook_iters30000,False,0,3000,3000,24000,single_stage,903.2353665828705,919.0199508666992,15.784584283828735,31.56091442108154,0.9590927869081497,0.049576872028410435,0.006200230051763356,0.013141626659780746,0.006200230051763356,108974,0.0006881847511976957,4.003389120101929
4DGS native-4D (fudan-zvg),4DGS-fudan,hook,iterations,hook_iters30000,False,0,4000,4000,32000,single_stage,1181.098138809204,1201.3456454277039,20.247506618499756,31.88855094909668,0.9608218938112258,0.04615241475403309,0.0059557125088758765,0.012600191244855532,0.0059557125088758765,141089,0.0006123335915617645,3.9533889293670654
4DGS native-4D (fudan-zvg),4DGS-fudan,hook,iterations,hook_iters30000,False,0,5000,5000,40000,single_stage,1474.2587130069733,1499.1606814861298,24.901968479156494,31.896457290649415,0.9607961624860764,0.044369214493781325,0.005957997892983258,0.012607165817171336,0.005957997892983258,176674,0.0003936723223887384,3.965712785720825
4DGS native-4D (fudan-zvg),4DGS-fudan,hook,iterations,hook_iters30000,False,0,6000,6000,48000,single_stage,1784.2443425655365,1817.9559063911438,33.7115638256073,31.826307582855225,0.9603969126939773,0.04365493161603808,0.006019442307297141,0.01273617130704225,0.006019442307297141,208317,0.00028979076887480915,4.0107972621917725
4DGS native-4D (fudan-zvg),4DGS-fudan,hook,iterations,hook_iters30000,False,0,7000,7000,56000,single_stage,2102.2358775138855,2139.9723885059357,37.73651099205017,31.828510761260986,0.9603664189577102,0.04303513653576374,0.006016418873332441,0.012739851307123904,0.006016418873332441,223483,0.00026813632575795054,3.974146842956543
4DGS native-4D (fudan-zvg),4DGS-fudan,hook,iterations,hook_iters30000,False,0,8000,8000,64000,single_stage,2430.3408813476562,2472.064895629883,41.72401428222656,31.726582336425782,0.9596615135669708,0.0430746859870851,0.006086399173364043,0.01293681662529707,0.006086399173364043,250553,0.00026320532197132707,3.980590343475342
4DGS native-4D (fudan-zvg),4DGS-fudan,hook,iterations,hook_iters30000,False,0,9000,9000,72000,single_stage,2766.0580201148987,2811.7815289497375,45.72350883483887,31.623304653167725,0.9590344876050949,0.043121288530528545,0.006155695498455316,0.013117658877745273,0.006155695498455316,275281,0.00022376497508957982,3.987774610519409
4DGS native-4D (fudan-zvg),4DGS-fudan,hook,iterations,hook_iters30000,False,0,10000,10000,80000,single_stage,3107.3367400169373,3157.060964345932,49.72422432899475,31.606975650787355,0.9589349031448364,0.0428068052046001,0.0061803350923582915,0.013157287444919348,0.0061803350923582915,283758,0.00021902803564444184,3.9806594848632812
4DGS native-4D (fudan-zvg),4DGS-fudan,hook,iterations,hook_iters30000,False,0,11000,11000,88000,single_stage,3457.4004051685333,3511.1222138404846,53.721808671951294,31.496550369262696,0.9582770764827728,0.04312409879639745,0.0062559011625126,0.013349305633455514,0.0062559011625126,305841,0.00022528652334585786,4.03163743019104
4DGS native-4D (fudan-zvg),4DGS-fudan,hook,iterations,hook_iters30000,False,0,12000,12000,96000,single_stage,3811.3268270492554,3869.0940001010895,57.767173051834106,31.40366506576538,0.9578325062990188,0.04330486934632063,0.006311350513715297,0.013482579151168472,0.006311350513715297,326873,0.00020760676125064492,4.074349880218506
4DGS native-4D (fudan-zvg),4DGS-fudan,hook,iterations,hook_iters30000,False,0,13000,13000,104000,single_stage,4167.6962876319885,4229.551960468292,61.85567283630371,31.37159299850464,0.9577455371618271,0.04330700263381004,0.006329520116560161,0.013514508660882711,0.006329520116560161,328566,0.0001812135160434991,4.0335516929626465
4DGS native-4D (fudan-zvg),4DGS-fudan,hook,iterations,hook_iters30000,False,0,14000,14000,112000,single_stage,4531.563305854797,4597.465918302536,65.90261244773865,31.261107444763184,0.9572165995836258,0.04351091766729951,0.006391902337782085,0.013670201953500506,0.006391902337782085,346907,0.00015731173334643245,4.03778338432312
4DGS native-4D (fudan-zvg),4DGS-fudan,hook,iterations,hook_iters30000,False,0,15000,15000,120000,single_stage,4897.656462907791,4967.61328959465,69.95682668685913,31.18871784210205,0.9567089349031448,0.043734665401279925,0.006447687512263656,0.013816363029181968,0.006447687512263656,364230,0.00016980628424789757,4.082745313644409
4DGS native-4D (fudan-zvg),4DGS-fudan,hook,iterations,hook_iters30000,False,0,16000,16000,128000,single_stage,5263.425676345825,5337.478806257248,74.05312991142273,31.08198642730713,0.9561975598335266,0.04402863560244441,0.0065126359811984,0.013970596818253399,0.0065126359811984,364230,0.00018514945986680686,4.063702344894409
4DGS native-4D (fudan-zvg),4DGS-fudan,hook,iterations,hook_iters30000,False,0,17000,17000,136000,single_stage,5628.245243310928,5706.375816345215,78.1305730342865,31.062829208374023,0.9559021532535553,0.04421381326392293,0.006537817639764398,0.014049823461100454,0.006537817639764398,364230,0.00020689504162874073,4.044471025466919
4DGS native-4D (fudan-zvg),4DGS-fudan,hook,iterations,hook_iters30000,False,0,18000,18000,144000,single_stage,5993.561188697815,6075.750884056091,82.18969535827637,31.012541675567626,0.9554830759763717,0.04438284272328019,0.0065842189360409975,0.014170759953558454,0.0065842189360409975,364230,0.00023952723131515086,4.051723003387451
4DGS native-4D (fudan-zvg),4DGS-fudan,hook,iterations,hook_iters30000,False,0,19000,19000,152000,single_stage,6359.030012130737,6445.295657873154,86.26564574241638,30.97344512939453,0.9551819682121276,0.04472982380539179,0.006613340065814555,0.014254278410226116,0.006613340065814555,364230,0.00016969459829851985,4.005828142166138
4DGS native-4D (fudan-zvg),4DGS-fudan,hook,iterations,hook_iters30000,False,0,20000,20000,160000,single_stage,6722.820093870163,6813.105373620987,90.28527975082397,30.913731002807616,0.9548560798168182,0.044925667345523834,0.006656586111057549,0.014354052925482402,0.006656586111057549,364230,0.0001539406948722899,4.052703619003296
4DGS native-4D (fudan-zvg),4DGS-fudan,hook,iterations,hook_iters30000,False,0,21000,21000,168000,single_stage,7086.356928825378,7180.709903240204,94.35297441482544,30.899921131134032,0.9546422183513641,0.044993105437606574,0.006675161072053015,0.014411685187369596,0.006675161072053015,364230,0.00011813057790277526,4.040311098098755
4DGS native-4D (fudan-zvg),4DGS-fudan,hook,iterations,hook_iters30000,False,0,22000,22000,176000,single_stage,7446.840501785278,7545.256620883942,98.41611909866333,30.835831737518312,0.9542332947254181,0.04531562104821205,0.006725188042037189,0.014533491488546137,0.006725188042037189,364230,0.00012533889093901962,4.054560661315918
4DGS native-4D (fudan-zvg),4DGS-fudan,hook,iterations,hook_iters30000,False,0,23000,23000,184000,single_stage,7806.901789426804,7909.386433124542,102.48464369773865,30.829125690460206,0.954062569141388,0.04542440650984645,0.006740069633815437,0.014579541878774754,0.006740069633815437,364230,0.0001448986877221614,4.048227548599243
4DGS native-4D (fudan-zvg),4DGS-fudan,hook,iterations,hook_iters30000,False,0,24000,24000,192000,single_stage,8165.86981010437,8272.422382354736,106.55257225036621,30.79955177307129,0.9538294970989227,0.04547589970752597,0.00676729358965531,0.014647935451939702,0.00676729358965531,364230,0.00014155160170048475,4.040489196777344
4DGS native-4D (fudan-zvg),4DGS-fudan,hook,iterations,hook_iters30000,False,0,25000,25000,200000,single_stage,8525.218245744705,8635.825278282166,110.60703253746033,30.722869396209717,0.9534697085618973,0.04591362364590168,0.006813082389999181,0.01475652419961989,0.006813082389999181,364230,0.00011682813783409074,4.076138019561768
4DGS native-4D (fudan-zvg),4DGS-fudan,hook,iterations,hook_iters30000,False,0,26000,26000,208000,single_stage,8884.951485157013,8999.650463819504,114.69897866249084,30.708303356170653,0.9532250463962555,0.04611837239935994,0.006840786442626268,0.014827619874849917,0.006840786442626268,364230,0.00011470258323242888,4.043303966522217
4DGS native-4D (fudan-zvg),4DGS-fudan,hook,iterations,hook_iters30000,False,0,27000,27000,216000,single_stage,9242.141861438751,9360.901655435562,118.75979399681091,30.698323440551757,0.9530985236167908,0.04605600330978632,0.00685539428377524,0.014864610703662032,0.00685539428377524,364230,0.00015424605226144195,4.0811607837677
4DGS native-4D (fudan-zvg),4DGS-fudan,hook,iterations,hook_iters30000,False,0,28000,28000,224000,single_stage,9598.688010931015,9721.542052030563,122.85404109954834,30.663632583618163,0.9528273701667785,0.046151149552315474,0.00688505289144814,0.014942568279802804,0.00688505289144814,364230,0.00011316411837469786,4.0588555335998535
4DGS native-4D (fudan-zvg),4DGS-fudan,hook,iterations,hook_iters30000,False,0,29000,29000,232000,single_stage,9954.725850820541,10081.65205526352,126.9262044429779,30.629925060272218,0.9525553554296493,0.046501529309898613,0.006913312966935337,0.01501957928761841,0.006913312966935337,364230,0.00013793371908832341,4.059075832366943
4DGS native-4D (fudan-zvg),4DGS-fudan,hook,iterations,hook_iters30000,False,0,30000,30000,240000,single_stage,10312.756108522415,10443.763545751572,131.0074372291565,30.640374755859376,0.9525135338306427,0.04652206934988499,0.006916773447301239,0.015030711991712443,0.006916773447301239,364230,0.00011656482820399106,4.039580583572388
4DGS native-4D (fudan-zvg),4DGS-fudan,hook,target_eval_loss,hook_loss0p006253,False,0,2,2,16,single_stage,6.9141387939453125e-06,6.9141387939453125e-06,0.0,6.539580011367798,0.050958691723644735,0.19215238764882087,0.4582288056612015,0.5563913061842323,0.4582288056612015,300000,0.06977907568216324,11.79542851448059
4DGS native-4D (fudan-zvg),4DGS-fudan,hook,target_eval_loss,hook_loss0p006253,False,0,20,20,160,single_stage,30.937540769577026,43.16611099243164,12.228570222854614,7.011023831367493,0.053181766904890536,0.21105712950229644,0.43277035653591156,0.5355799318477512,0.43277035653591156,300000,0.06578312814235687,4.315584659576416
4DGS native-4D (fudan-zvg),4DGS-fudan,hook,target_eval_loss,hook_loss0p006253,False,0,48,48,384,single_stage,61.27709722518921,79.63125276565552,18.35415554046631,16.52264838218689,0.07020165864378214,0.5040623933076859,0.13199522718787193,0.29155585002154116,0.13199522718787193,300000,0.034835126250982285,4.3365161418914795
4DGS native-4D (fudan-zvg),4DGS-fudan,hook,target_eval_loss,hook_loss0p006253,False,0,115,115,920,single_stage,91.44046092033386,115.81685280799866,24.376391887664795,23.03416042327881,0.900944072008133,0.12422878481447697,0.020369554730132224,0.03610682938247918,0.020369554730132224,300000,0.004140990786254406,4.287898302078247
4DGS native-4D (fudan-zvg),4DGS-fudan,hook,target_eval_loss,hook_loss0p006253,False,0,187,187,1496,single_stage,121.77118301391602,152.35220909118652,30.581026077270508,23.70759325027466,0.9081100553274155,0.1141445018351078,0.018327436689287425,0.03303993828594684,0.018327436689287425,300000,0.003616388887166977,4.194704055786133
4DGS native-4D (fudan-zvg),4DGS-fudan,hook,target_eval_loss,hook_loss0p006253,False,0,259,259,2072,single_stage,151.81107926368713,190.2645537853241,38.45347452163696,24.302143478393553,0.9122145563364029,0.107876056432724,0.016810209024697542,0.031005255952477453,0.016810209024697542,300000,0.003932218998670578,4.263774871826172
4DGS native-4D (fudan-zvg),4DGS-fudan,hook,target_eval_loss,hook_loss0p006253,False,0,332,332,2656,single_stage,182.0881061553955,226.57769513130188,44.48958897590637,24.990961456298827,0.915504190325737,0.10286527164280415,0.01537670148536563,0.029200523123145094,0.01537670148536563,300000,0.0031572366133332253,4.209549188613892
4DGS native-4D (fudan-zvg),4DGS-fudan,hook,target_eval_loss,hook_loss0p006253,False,0,405,405,3240,single_stage,212.30436754226685,262.805459022522,50.50109148025513,25.68750867843628,0.9186484038829803,0.09945466741919518,0.014010501513257622,0.027478720434010038,0.014010501513257622,300000,0.0030156339053064585,4.239899396896362
4DGS native-4D (fudan-zvg),4DGS-fudan,hook,target_eval_loss,hook_loss0p006253,False,0,478,478,3824,single_stage,242.36367797851562,300.37771224975586,58.014034271240234,26.250057888031005,0.9217900276184082,0.09614125974476337,0.012893253285437823,0.025956597104668615,0.012893253285437823,300000,0.0030586733482778072,4.222079753875732
4DGS native-4D (fudan-zvg),4DGS-fudan,hook,target_eval_loss,hook_loss0p006253,False,0,549,549,4392,single_stage,272.50244307518005,339.15075492858887,66.64831185340881,26.753658390045167,0.9247385203838349,0.09327270090579987,0.01196145680733025,0.02462146136909723,0.01196145680733025,300000,0.002803015522658825,4.206217527389526
4DGS native-4D (fudan-zvg),4DGS-fudan,hook,target_eval_loss,hook_loss0p006253,False,0,637,637,5096,single_stage,302.67891788482666,377.176216840744,74.49729895591736,27.181038093566894,0.9280030578374863,0.089566545560956,0.011158144194632768,0.023325903788208965,0.011158144194632768,11303,0.002093723975121975,4.005788326263428
4DGS native-4D (fudan-zvg),4DGS-fudan,hook,target_eval_loss,hook_loss0p006253,False,0,762,762,6096,single_stage,332.7207760810852,411.36318469047546,78.64240860939026,28.001312446594238,0.9337363302707672,0.08346789106726646,0.00992215247824788,0.021190455928444867,0.00992215247824788,13647,0.0023493918124586344,3.9768970012664795
4DGS native-4D (fudan-zvg),4DGS-fudan,hook,target_eval_loss,hook_loss0p006253,False,0,885,885,7080,single_stage,362.744113445282,445.43387508392334,82.68976163864136,28.65012969970703,0.9384469419717789,0.07835676521062851,0.009082057978957891,0.019576257988810533,0.009082057978957891,16492,0.0018782021943479776,3.989914655685425
4DGS native-4D (fudan-zvg),4DGS-fudan,hook,target_eval_loss,hook_loss0p006253,False,0,1008,1008,8064,single_stage,392.93859124183655,479.71852946281433,86.77993822097778,28.885598373413085,0.9409153670072555,0.07458610814064741,0.00878736530430615,0.018846818841993816,0.00878736530430615,23439,0.002223716815933585,3.9954001903533936
4DGS native-4D (fudan-zvg),4DGS-fudan,hook,target_eval_loss,hook_loss0p006253,False,0,1129,1129,9032,single_stage,423.1396644115448,514.0147559642792,90.87509155273438,29.544393062591553,0.9454078495502471,0.07003774624317885,0.008072721608914434,0.017376607377082118,0.008072721608914434,27322,0.0018369094468653202,3.9566471576690674
4DGS native-4D (fudan-zvg),4DGS-fudan,hook,target_eval_loss,hook_loss0p006253,False,0,1251,1251,10008,single_stage,453.2653839588165,548.2053456306458,94.93996167182922,29.87809076309204,0.9478743433952331,0.06670143846422434,0.007713684835471213,0.016596079189330343,0.007713684835471213,31448,0.0015888286288827658,4.016834497451782
4DGS native-4D (fudan-zvg),4DGS-fudan,hook,target_eval_loss,hook_loss0p006253,False,0,1371,1371,10968,single_stage,483.2796251773834,582.414541721344,99.13491654396057,30.131047630310057,0.94964959025383,0.06457657068967819,0.00747243647929281,0.01604803113266825,0.00747243647929281,35772,0.001258748583495617,3.969383478164673
4DGS native-4D (fudan-zvg),4DGS-fudan,hook,target_eval_loss,hook_loss0p006253,False,0,1492,1492,11936,single_stage,513.4521391391754,616.6967737674713,103.2446346282959,30.403263664245607,0.9514124780893326,0.062471546605229376,0.007225824287161231,0.015498163811862465,0.007225824287161231,40251,0.0011332008289173245,3.960202693939209
4DGS native-4D (fudan-zvg),4DGS-fudan,hook,target_eval_loss,hook_loss0p006253,False,0,1610,1610,12880,single_stage,543.6191804409027,650.9999563694,107.38077592849731,30.441579055786132,0.952085092663765,0.06120450310409069,0.007175891124643385,0.015323694366961717,0.007175891124643385,49602,0.0012704243417829275,4.02868914604187
4DGS native-4D (fudan-zvg),4DGS-fudan,hook,target_eval_loss,hook_loss0p006253,False,0,1729,1729,13832,single_stage,573.6884653568268,685.3099091053009,111.62144374847412,30.728257656097412,0.9538857638835907,0.05901222303509712,0.006936997175216675,0.0147724449634552,0.006936997175216675,54361,0.001060456270352006,3.97349214553833
4DGS native-4D (fudan-zvg),4DGS-fudan,hook,target_eval_loss,hook_loss0p006253,False,0,1847,1847,14776,single_stage,603.7287318706512,719.5644438266754,115.83571195602417,30.86621561050415,0.9546395838260651,0.057887300848960876,0.006837164657190442,0.014541814960539343,0.006837164657190442,59162,0.0010401825420558453,3.985093593597412
4DGS native-4D (fudan-zvg),4DGS-fudan,hook,target_eval_loss,hook_loss0p006253,False,0,1963,1963,15704,single_stage,633.9910748004913,754.1544857025146,120.16341090202332,30.944905281066895,0.9551068723201752,0.05685611572116613,0.006772539904341101,0.014396657459437839,0.006772539904341101,63892,0.0010765553452074528,4.010819911956787
4DGS native-4D (fudan-zvg),4DGS-fudan,hook,target_eval_loss,hook_loss0p006253,False,0,2081,2081,16648,single_stage,664.2185289859772,788.6762435436249,124.4577145576477,31.10396146774292,0.9562006771564484,0.05523706693202257,0.006604007468558848,0.014043070543557398,0.006604007468558848,68705,0.0010254785884171724,3.965350389480591
4DGS native-4D (fudan-zvg),4DGS-fudan,hook,target_eval_loss,hook_loss0p006253,False,0,2197,2197,17576,single_stage,694.3715386390686,823.0688621997833,128.69732356071472,31.16893253326416,0.9566051661968231,0.05434069205075502,0.0065370964235626165,0.013908643899485469,0.0065370964235626165,73357,0.0009975420543923974,3.9932913780212402
4DGS native-4D (fudan-zvg),4DGS-fudan,hook,target_eval_loss,hook_loss0p006253,False,0,2312,2312,18496,single_stage,724.3815715312958,857.4794526100159,133.0978810787201,31.217352199554444,0.9570405691862106,0.05373532678931951,0.006493818294256925,0.013786940798163418,0.006493818294256925,82698,0.0009354880312457681,3.994128465652466
4DGS native-4D (fudan-zvg),4DGS-fudan,hook,target_eval_loss,hook_loss0p006253,False,0,2428,2428,19424,single_stage,754.5007517337799,891.92254114151,137.4217894077301,31.332604789733885,0.957803237438202,0.05272608511149883,0.0063873128616251055,0.013549202801659695,0.0063873128616251055,87192,0.0007997030625119805,3.974663019180298
4DGS native-4D (fudan-zvg),4DGS-fudan,hook,target_eval_loss,hook_loss0p006253,False,0,2543,2543,20344,single_stage,784.7768528461456,926.5603849887848,141.78353214263916,31.421721744537354,0.9582388579845429,0.05177330784499645,0.0063269373029470445,0.013413778245449058,0.0063269373029470445,91710,0.0007699849084019661,4.023548603057861
4DGS native-4D (fudan-zvg),4DGS-fudan,hook,target_eval_loss,hook_loss0p006253,False,0,2658,2658,21264,single_stage,814.93013048172,961.1087517738342,146.17862129211426,31.452788829803467,0.9584500461816787,0.05119895581156016,0.006299514637794346,0.013349602473899732,0.006299514637794346,96099,0.0007905236561782658,3.976933002471924
4DGS native-4D (fudan-zvg),4DGS-fudan,hook,target_eval_loss,hook_loss0p006253,False,0,2771,2771,22168,single_stage,845.1135730743408,995.653692483902,150.54011940956116,31.516740322113037,0.9588802546262741,0.05056300219148398,0.006255341088399291,0.013228221945464608,0.006255341088399291,100493,0.0006843656301498413,4.001496315002441
4DGS native-4D (fudan-zvg),4DGS-fudan,hook,target_eval_loss,hook_loss0p006253,False,0,2883,2883,23064,single_stage,875.3969252109528,1030.5758447647095,155.1789195537567,31.51965789794922,0.9589796423912048,0.05004305243492126,0.00623737252317369,0.01319396954029799,0.00623737252317369,104829,0.0006472942768596113,4.01795506477356
4DGS native-4D (fudan-zvg),4DGS-fudan,hook,target_eval_loss,hook_loss0p006253,False,0,2994,2994,23952,single_stage,905.5837428569794,1065.206959247589,159.62321639060974,31.566451740264892,0.9592937231063843,0.04964578468352556,0.006198110152035951,0.013099743500351906,0.006198110152035951,109036,0.0006986305234022439,4.004411697387695
4DGS native-4D (fudan-zvg),4DGS-fudan,jumpingjacks,iterations,jumpingjacks_iters30000_partial,True,0,2,2,32,single_stage,8.344650268554688e-06,8.344650268554688e-06,0.0,6.436528897285461,0.04800332169979811,0.17335334196686744,0.46513696312904357,0.5625089061632753,0.46513696312904357,300000,0.035114970058202744,10.169263362884521
4DGS native-4D (fudan-zvg),4DGS-fudan,jumpingjacks,iterations,jumpingjacks_iters30000_partial,True,0,1000,1000,16000,single_stage,729.5460300445557,740.1935980319977,10.647567987442017,28.611103057861328,0.9573775470256806,0.06099121458828449,0.0072231882251799105,0.014303041175007816,0.0072231882251799105,14205,0.000510778627358377,4.062646389007568
4DGS native-4D (fudan-zvg),4DGS-fudan,jumpingjacks,iterations,jumpingjacks_iters30000_partial,True,0,2000,2000,32000,single_stage,1170.9136137962341,1185.7153561115265,14.801742315292358,31.219838905334473,0.9678564935922622,0.04437498692423105,0.005087351379916072,0.010498582385480414,0.005087351379916072,68569,0.0004124519764445722,4.052056074142456
4DGS native-4D (fudan-zvg),4DGS-fudan,jumpingjacks,iterations,jumpingjacks_iters30000_partial,True,0,3000,3000,48000,single_stage,1656.3002388477325,1675.4417929649353,19.14155411720276,32.04547882080078,0.9710309535264969,0.03876479719765484,0.00450826789601706,0.009400423611514263,0.00450826789601706,151183,0.00037698206142522395,4.057068347930908
4DGS native-4D (fudan-zvg),4DGS-fudan,jumpingjacks,iterations,jumpingjacks_iters30000_partial,True,0,4000,4000,64000,single_stage,2202.3901908397675,2226.1907827854156,23.800591945648193,32.22527761459351,0.9716948211193085,0.03562385281547904,0.004390893346862867,0.009173750453628594,0.004390893346862867,228100,0.000323382526403293,4.08320164680481
4DGS native-4D (fudan-zvg),4DGS-fudan,jumpingjacks,iterations,jumpingjacks_iters30000_partial,True,0,5000,5000,80000,single_stage,2809.365578889847,2838.4114356040955,29.045856714248657,32.24644212722778,0.9715548992156983,0.03452076353132725,0.004400328226620331,0.009209282738156611,0.004400328226620331,316172,0.00033560406882315874,4.141037225723267
4DGS native-4D (fudan-zvg),4DGS-fudan,jumpingjacks,iterations,jumpingjacks_iters30000_partial,True,0,6000,6000,96000,single_stage,3481.4094343185425,3525.623708486557,44.214274168014526,32.03139600753784,0.9708002775907516,0.034363276045769456,0.004485705296974629,0.009428508719429383,0.004485705296974629,404357,0.00013103811943437904,4.143972873687744
4DGS native-4D (fudan-zvg),4DGS-fudan,jumpingjacks,iterations,jumpingjacks_iters30000_partial,True,0,7000,7000,112000,single_stage,4202.048895120621,4250.420576810837,48.371681690216064,31.82191753387451,0.970309516787529,0.03383862525224686,0.004587487946264446,0.009608086999505763,0.004587487946264446,461847,0.00021366996224969625,4.202926874160767
4DGS native-4D (fudan-zvg),4DGS-fudan,jumpingjacks,iterations,jumpingjacks_iters30000_partial,True,0,8000,8000,128000,single_stage,4975.190400838852,5027.77913236618,52.58873152732849,31.46759204864502,0.9693593978881836,0.03457064148969948,0.0047941461380105466,0.009963437332771719,0.0047941461380105466,548242,8.187469939002767e-05,4.199098110198975
4DGS native-4D (fudan-zvg),4DGS-fudan,jumpingjacks,iterations,jumpingjacks_iters30000_partial,True,0,9000,9000,144000,single_stage,5801.82426571846,5858.624573707581,56.80030798912048,31.163656806945802,0.9684422880411148,0.03478023470379412,0.0050002825679257516,0.010311768446117649,0.0050002825679257516,633988,5.924152719671838e-05,4.247153997421265
4DGS native-4D (fudan-zvg),4DGS-fudan,jumpingjacks,iterations,jumpingjacks_iters30000_partial,True,0,10000,10000,160000,single_stage,6662.992548704147,6724.053594827652,61.06104612350464,31.037236404418945,0.9679961860179901,0.034695646027103066,0.005074768513441086,0.010460577607154851,0.005074768513441086,663845,7.842661580070853e-05,4.2748048305511475
4DGS native-4D (fudan-zvg),4DGS-fudan,jumpingjacks,iterations,jumpingjacks_iters30000_partial,True,0,11000,11000,176000,single_stage,7572.689965724945,7638.050339221954,65.36037349700928,30.708895015716553,0.9667577296495438,0.03540660715661943,0.0052990007912740115,0.010887654703110457,0.0052990007912740115,745950,8.93638061825186e-05,4.2618114948272705
4DGS native-4D (fudan-zvg),4DGS-fudan,jumpingjacks,iterations,jumpingjacks_iters30000_partial,True,0,12000,12000,192000,single_stage,8532.692286968231,8602.330247879028,69.63796091079712,30.477336978912355,0.96600321829319,0.03603373253718019,0.005463988048722968,0.011170546780340369,0.005463988048722968,826970,7.210295007098466e-05,4.261422872543335
4DGS native-4D (fudan-zvg),4DGS-fudan,jumpingjacks,iterations,jumpingjacks_iters30000_partial,True,0,13000,13000,208000,single_stage,9509.080381631851,9582.992361545563,73.91197991371155,30.462330532073974,0.9659188836812973,0.035929324477910994,0.005520957632688806,0.011232989369891585,0.005520957632688806,830677,0.00010457957250764593,4.2838451862335205
4DGS native-4D (fudan-zvg),4DGS-fudan,jumpingjacks,iterations,jumpingjacks_iters30000_partial,True,0,14000,14000,224000,single_stage,10524.986814260483,10603.196656227112,78.20984196662903,30.223866748809815,0.9648019999265671,0.03691651448607445,0.005690691433846951,0.011592153161764138,0.005690691433846951,904592,0.00012160033656982705,4.319316387176514
4DGS native-4D (fudan-zvg),4DGS-fudan,jumpingjacks,iterations,jumpingjacks_iters30000_partial,True,0,15000,15000,240000,single_stage,11584.134071111679,11666.678380966187,82.54430985450745,30.109956550598145,0.9644627422094345,0.03739812429994345,0.005770574073540047,0.011723910816945137,0.005770574073540047,976051,3.083808405790478e-05,4.331940412521362
4DGS native-4D (fudan-zvg),4DGS-fudan,jumpingjacks,target_eval_loss,jumpingjacks_loss0p00461,False,0,2,2,32,single_stage,7.62939453125e-06,7.62939453125e-06,0.0,6.436528897285461,0.04800332169979811,0.17335334196686744,0.46513696312904357,0.5625089061632753,0.46513696312904357,300000,0.035114970058202744,8.033478498458862
4DGS native-4D (fudan-zvg),4DGS-fudan,jumpingjacks,target_eval_loss,jumpingjacks_loss0p00461,False,0,11,11,176,single_stage,33.58228397369385,42.07877779006958,8.496493816375732,6.617383241653442,0.049286563880741596,0.1763586677610874,0.45487170368433,0.5540400501713156,0.45487170368433,300000,0.03338593989610672,4.643805265426636
4DGS native-4D (fudan-zvg),4DGS-fudan,jumpingjacks,target_eval_loss,jumpingjacks_loss0p00461,False,0,20,20,320,single_stage,65.57088017463684,88.89041686058044,23.319536685943604,7.018438792228698,0.05065425420179963,0.21095898151397705,0.4329938143491745,0.5362642006389797,0.4329938143491745,300000,0.0323757566511631,4.4866838455200195
4DGS native-4D (fudan-zvg),4DGS-fudan,jumpingjacks,target_eval_loss,jumpingjacks_loss0p00461,False,0,31,31,496,single_stage,95.83495759963989,141.1998574733734,45.36489987373352,8.710344934463501,0.05335919326171279,0.40636407881975173,0.35090228766202924,0.4700499914772809,0.35090228766202924,300000,0.030320197343826294,4.678362131118774
4DGS native-4D (fudan-zvg),4DGS-fudan,jumpingjacks,target_eval_loss,jumpingjacks_loss0p00461,False,0,50,50,800,single_stage,126.33963465690613,197.69548964500427,71.35585498809814,18.2920494556427,0.0870717154815793,0.4764705553650856,0.0911033570766449,0.25546834256500006,0.0911033570766449,300000,0.01627804897725582,4.469234943389893
4DGS native-4D (fudan-zvg),4DGS-fudan,jumpingjacks,target_eval_loss,jumpingjacks_loss0p00461,False,0,86,86,1376,single_stage,157.10763812065125,249.50889658927917,92.40125846862793,20.861146068573,0.9232713520526886,0.1050814963877201,0.023118839389644562,0.03384080110117793,0.023118839389644562,300000,0.0014745034277439117,4.287828683853149
4DGS native-4D (fudan-zvg),4DGS-fudan,jumpingjacks,target_eval_loss,jumpingjacks_loss0p00461,False,0,125,125,2000,single_stage,187.457355260849,296.1137821674347,108.6564269065857,21.2746150970459,0.9269289672374725,0.10158649049699306,0.02129795402288437,0.03165256977081299,0.02129795402288437,300000,0.0018295450136065483,4.186846733093262
4DGS native-4D (fudan-zvg),4DGS-fudan,jumpingjacks,target_eval_loss,jumpingjacks_loss0p00461,False,0,164,164,2624,single_stage,217.91599869728088,341.11887311935425,123.20287442207336,21.753227710723877,0.9293492764234543,0.0986466696485877,0.019619960524141788,0.029826113134622568,0.019619960524141788,300000,0.0006260324153117836,4.243983030319214
4DGS native-4D (fudan-zvg),4DGS-fudan,jumpingjacks,target_eval_loss,jumpingjacks_loss0p00461,False,0,203,203,3248,single_stage,248.63489055633545,396.7408094406128,148.10591888427734,22.164444541931154,0.9321534186601639,0.09531507361680269,0.018141468241810798,0.028082490861415864,0.018141468241810798,300000,0.0017673384863883257,4.345853805541992
4DGS native-4D (fudan-zvg),4DGS-fudan,jumpingjacks,target_eval_loss,jumpingjacks_loss0p00461,False,0,242,242,3872,single_stage,278.9402222633362,447.7972571849823,168.85703492164612,22.692640686035155,0.9344404071569443,0.09230728764086962,0.016690010158345103,0.026463926695287222,0.016690010158345103,300000,0.0007768815848976374,4.212562561035156
4DGS native-4D (fudan-zvg),4DGS-fudan,jumpingjacks,target_eval_loss,jumpingjacks_loss0p00461,False,0,281,281,4496,single_stage,308.9682650566101,494.57384181022644,185.60557675361633,23.168591690063476,0.9363892912864685,0.08967488966882228,0.015501122060231864,0.025123039390891787,0.015501122060231864,300000,0.0018323080148547888,4.2494282722473145
4DGS native-4D (fudan-zvg),4DGS-fudan,jumpingjacks,target_eval_loss,jumpingjacks_loss0p00461,False,0,320,320,5120,single_stage,339.0115957260132,543.7955090999603,204.78391337394714,23.58809051513672,0.9378526985645295,0.08738093478605151,0.014540108921937644,0.024061547424644225,0.014540108921937644,300000,0.0015906309708952904,4.210870742797852
4DGS native-4D (fudan-zvg),4DGS-fudan,jumpingjacks,target_eval_loss,jumpingjacks_loss0p00461,False,0,360,360,5760,single_stage,369.57211923599243,587.359591960907,217.78747272491455,23.9916880607605,0.9391686022281647,0.08504308462142944,0.013703058357350528,0.02312872624024749,0.013703058357350528,300000,0.001084854593500495,4.193858623504639
4DGS native-4D (fudan-zvg),4DGS-fudan,jumpingjacks,target_eval_loss,jumpingjacks_loss0p00461,False,0,399,399,6384,single_stage,399.5890793800354,628.2223064899445,228.63322710990906,24.273613739013673,0.940360140800476,0.08312685284763574,0.013078348606359213,0.022390650724992165,0.013078348606359213,300000,0.0011580282589420676,4.207610368728638
4DGS native-4D (fudan-zvg),4DGS-fudan,jumpingjacks,target_eval_loss,jumpingjacks_loss0p00461,False,0,439,439,7024,single_stage,430.33541917800903,670.2741079330444,239.9386887550354,24.519579696655274,0.9411371886730194,0.08176237046718597,0.012614387203939259,0.021864072028547524,0.012614387203939259,300000,0.001391483237966895,4.222982168197632
4DGS native-4D (fudan-zvg),4DGS-fudan,jumpingjacks,target_eval_loss,jumpingjacks_loss0p00461,False,0,479,479,7664,single_stage,460.9390513896942,711.8829276561737,250.9438762664795,24.774990558624268,0.9419294357299804,0.08050025384873152,0.012132138735614717,0.021319823842495686,0.012132138735614717,300000,0.0018540481105446815,4.201444625854492
4DGS native-4D (fudan-zvg),4DGS-fudan,jumpingjacks,target_eval_loss,jumpingjacks_loss0p00461,False,0,519,519,8304,single_stage,491.6328320503235,748.9527630805969,257.31993103027344,24.94547986984253,0.9427967935800552,0.07935133725404739,0.01177662641275674,0.020861942414194354,0.01177662641275674,300000,0.0010573113104328513,4.13774847984314
4DGS native-4D (fudan-zvg),4DGS-fudan,jumpingjacks,target_eval_loss,jumpingjacks_loss0p00461,False,0,558,558,8928,single_stage,521.7373826503754,800.0548076629639,278.3174250125885,25.131273555755616,0.9433825522661209,0.07834177389740944,0.011485174670815468,0.020511629283428198,0.011485174670815468,300000,0.0009505109046585858,4.334202289581299
4DGS native-4D (fudan-zvg),4DGS-fudan,jumpingjacks,target_eval_loss,jumpingjacks_loss0p00461,False,0,598,598,9568,single_stage,552.4332747459412,847.5190281867981,295.08575344085693,25.313590908050536,0.9436684042215348,0.07777419919148088,0.011228520749136805,0.020249135755002496,0.011228520749136805,300000,0.0010578820947557688,4.1805455684661865
4DGS native-4D (fudan-zvg),4DGS-fudan,jumpingjacks,target_eval_loss,jumpingjacks_loss0p00461,False,0,672,672,10752,single_stage,582.7538437843323,894.5382823944092,311.7844386100769,26.060627460479736,0.9469160586595535,0.07385580344125628,0.010088225943036377,0.0186873690225184,0.010088225943036377,7084,0.0010539722861722112,3.986746311187744
4DGS native-4D (fudan-zvg),4DGS-fudan,jumpingjacks,target_eval_loss,jumpingjacks_loss0p00461,False,0,749,749,11984,single_stage,613.0592460632324,928.9622147083282,315.9029686450958,26.787477016448975,0.9498356282711029,0.07035385016351939,0.009129752649459987,0.01733667646534741,0.009129752649459987,8790,0.0013223618734627962,3.859769344329834
4DGS native-4D (fudan-zvg),4DGS-fudan,jumpingjacks,target_eval_loss,jumpingjacks_loss0p00461,False,0,824,824,13184,single_stage,643.3548202514648,963.1696996688843,319.81487941741943,27.35337429046631,0.952238804101944,0.06723332535475493,0.008449614467099308,0.016311930753290658,0.008449614467099308,11155,0.0009316086070612073,3.9227278232574463
4DGS native-4D (fudan-zvg),4DGS-fudan,jumpingjacks,target_eval_loss,jumpingjacks_loss0p00461,False,0,895,895,14320,single_stage,673.3816180229187,997.1812963485718,323.7996783256531,27.979364109039306,0.954548904299736,0.06470672842115163,0.007863859820645303,0.015381306996569033,0.007863859820645303,11155,0.00034625077387318015,3.92508602142334
4DGS native-4D (fudan-zvg),4DGS-fudan,jumpingjacks,target_eval_loss,jumpingjacks_loss0p00461,False,0,966,966,15456,single_stage,703.608015537262,1031.3957765102386,327.7877609729767,28.412589359283448,0.9567145496606827,0.062014760076999666,0.007374515943229199,0.01455670282244682,0.007374515943229199,14184,0.0007953890017233789,3.9706594944000244
4DGS native-4D (fudan-zvg),4DGS-fudan,jumpingjacks,target_eval_loss,jumpingjacks_loss0p00461,False,0,1037,1037,16592,single_stage,733.8895726203918,1065.7561388015747,331.86656618118286,28.825630474090577,0.9584367126226425,0.05959799038246274,0.006998909672256559,0.013911785213276743,0.006998909672256559,17791,0.0005848984001204371,3.9160540103912354
4DGS native-4D (fudan-zvg),4DGS-fudan,jumpingjacks,target_eval_loss,jumpingjacks_loss0p00461,False,0,1108,1108,17728,single_stage,764.0404670238495,1099.9047782421112,335.8643112182617,29.007260513305663,0.9590780973434448,0.05745560321956873,0.006812548020388931,0.013634418947622177,0.006812548020388931,21861,0.0006927500944584608,3.91089129447937
4DGS native-4D (fudan-zvg),4DGS-fudan,jumpingjacks,target_eval_loss,jumpingjacks_loss0p00461,False,0,1179,1179,18864,single_stage,794.3871703147888,1134.2936763763428,339.90650606155396,29.57158479690552,0.9613575786352158,0.05543206138536334,0.006353778537595644,0.012811507103033365,0.006353778537595644,21861,0.0007124632829800248,3.9506375789642334
4DGS native-4D (fudan-zvg),4DGS-fudan,jumpingjacks,target_eval_loss,jumpingjacks_loss0p00461,False,0,1249,1249,19984,single_stage,824.4544866085052,1168.4114017486572,343.956915140152,29.8193190574646,0.9622560113668441,0.053968898672610524,0.0061502518656197935,0.01246899921912701,0.0061502518656197935,26315,0.0005605219630524516,3.9088797569274902
4DGS native-4D (fudan-zvg),4DGS-fudan,jumpingjacks,target_eval_loss,jumpingjacks_loss0p00461,False,0,1319,1319,21104,single_stage,854.703958272934,1202.681025505066,347.97706723213196,29.911321544647215,0.9624622166156769,0.053098320681601766,0.006079759617568925,0.012371364370919766,0.006079759617568925,31197,0.000638046651147306,3.939269781112671
4DGS native-4D (fudan-zvg),4DGS-fudan,jumpingjacks,target_eval_loss,jumpingjacks_loss0p00461,False,0,1389,1389,22224,single_stage,884.7433803081512,1236.7825694084167,352.0391891002655,30.191187953948976,0.9642005234956741,0.051146363466978075,0.005803976586321369,0.011803076569922279,0.005803976586321369,31197,0.00038957525976002216,3.9046361446380615
4DGS native-4D (fudan-zvg),4DGS-fudan,jumpingjacks,target_eval_loss,jumpingjacks_loss0p00461,False,0,1459,1459,23344,single_stage,914.8975422382355,1270.9722611904144,356.07471895217896,30.38984546661377,0.9648099035024643,0.049953746143728495,0.005679090897319839,0.011581292017363009,0.005679090897319839,36528,0.0008231406682170928,3.9364073276519775
4DGS native-4D (fudan-zvg),4DGS-fudan,jumpingjacks,target_eval_loss,jumpingjacks_loss0p00461,False,0,1528,1528,24448,single_stage,944.96506524086,1305.1905658245087,360.2255005836487,30.444751930236816,0.9650397688150406,0.04897053218446672,0.0056370719918049875,0.011501703830435868,0.0056370719918049875,42273,0.00048630329547449946,3.8943769931793213
4DGS native-4D (fudan-zvg),4DGS-fudan,jumpingjacks,target_eval_loss,jumpingjacks_loss0p00461,False,0,1597,1597,25552,single_stage,975.0073854923248,1339.3026299476624,364.2952444553375,30.798148822784423,0.9664067924022675,0.047655188385397194,0.005403944622958079,0.011041797217912971,0.005403944622958079,42273,0.0004193418426439166,3.9184060096740723
4DGS native-4D (fudan-zvg),4DGS-fudan,jumpingjacks,target_eval_loss,jumpingjacks_loss0p00461,False,0,1666,1666,26656,single_stage,1005.441648721695,1373.8987755775452,368.4571268558502,30.810951519012452,0.9666042268276215,0.04703398854471743,0.00536099539604038,0.010967950951308009,0.00536099539604038,48392,0.0003728387237060815,3.9629504680633545
4DGS native-4D (fudan-zvg),4DGS-fudan,jumpingjacks,target_eval_loss,jumpingjacks_loss0p00461,False,0,1735,1735,27760,single_stage,1035.646277666092,1408.266123533249,372.619845867157,30.890252685546876,0.9669055968523026,0.046477953623980287,0.005289791966788471,0.010850714202970258,0.005289791966788471,54788,0.00037120189517736435,3.918123483657837
4DGS native-4D (fudan-zvg),4DGS-fudan,jumpingjacks,target_eval_loss,jumpingjacks_loss0p00461,False,0,1803,1803,28848,single_stage,1065.7702493667603,1442.5436029434204,376.77335357666016,30.709368419647216,0.9661305338144303,0.04602186493575573,0.0053976838651578875,0.01109204032924026,0.0053976838651578875,61500,0.0006009469507262111,3.977238416671753
4DGS native-4D (fudan-zvg),4DGS-fudan,jumpingjacks,target_eval_loss,jumpingjacks_loss0p00461,False,0,1872,1872,29952,single_stage,1096.1550869941711,1476.9228570461273,380.7677700519562,31.181145191192627,0.9680688381195068,0.04503533188253641,0.0050993430602829905,0.010465706824325027,0.0050993430602829905,61500,0.00041641388088464737,3.9284603595733643
4DGS native-4D (fudan-zvg),4DGS-fudan,jumpingjacks,target_eval_loss,jumpingjacks_loss0p00461,False,0,1939,1939,31024,single_stage,1126.1998753547668,1511.144659280777,384.94478392601013,31.142984294891356,0.9678241699934006,0.044827567506581546,0.005117428791709244,0.010529109034687276,0.005117428791709244,68555,0.0004878952750004828,3.9820621013641357
4DGS native-4D (fudan-zvg),4DGS-fudan,jumpingjacks,target_eval_loss,jumpingjacks_loss0p00461,False,0,2006,2006,32096,single_stage,1156.3470530509949,1545.2880680561066,388.9410150051117,30.86230058670044,0.966753625869751,0.04504874208942056,0.005265737540321424,0.01086186485830694,0.005265737540321424,75938,0.0003387930919416249,3.933234453201294
4DGS native-4D (fudan-zvg),4DGS-fudan,jumpingjacks,target_eval_loss,jumpingjacks_loss0p00461,False,0,2073,2073,33168,single_stage,1186.6289749145508,1579.5167226791382,392.8877477645874,31.33921718597412,0.9686938673257828,0.04338876958936453,0.004948435036931187,0.010219974564388395,0.004948435036931187,75938,0.0004051493597216904,3.950094699859619
4DGS native-4D (fudan-zvg),4DGS-fudan,jumpingjacks,target_eval_loss,jumpingjacks_loss0p00461,False,0,2138,2138,34208,single_stage,1216.7735843658447,1614.05202627182,397.27844190597534,31.301568222045898,0.9686556279659271,0.04350765272974968,0.004932710394496098,0.010215042722411463,0.004932710394496098,83493,0.0003570191329345107,3.9140400886535645
4DGS native-4D (fudan-zvg),4DGS-fudan,jumpingjacks,target_eval_loss,jumpingjacks_loss0p00461,False,0,2204,2204,35264,single_stage,1247.1299924850464,1648.3359911441803,401.2059986591339,30.976573085784914,0.9675766319036484,0.04309104327112436,0.005086211167508736,0.01055364255327731,0.005086211167508736,91303,0.0003792860952671617,3.942657709121704
4DGS native-4D (fudan-zvg),4DGS-fudan,jumpingjacks,target_eval_loss,jumpingjacks_loss0p00461,False,0,2269,2269,36304,single_stage,1277.2874133586884,1682.4547772407532,405.1673638820648,31.557068252563475,0.9697482079267502,0.0419068792834878,0.0047543157183099535,0.009853810989297922,0.0047543157183099535,91303,0.0003430499054957181,3.953575372695923
4DGS native-4D (fudan-zvg),4DGS-fudan,jumpingjacks,target_eval_loss,jumpingjacks_loss0p00461,False,0,2334,2334,37344,single_stage,1307.6082453727722,1719.9444398880005,412.33619451522827,31.463375949859618,0.9691181927919388,0.04232501205988228,0.004815402353415266,0.010028683324344458,0.004815402353415266,99392,0.0002800826623570174,3.9709622859954834
4DGS native-4D (fudan-zvg),4DGS-fudan,jumpingjacks,target_eval_loss,jumpingjacks_loss0p00461,False,0,2398,2398,38368,single_stage,1337.9232096672058,1754.2456209659576,416.32241129875183,31.656164169311523,0.9699002206325531,0.041132450476288794,0.004714874632190913,0.009791855579242111,0.004714874632190913,99392,0.00014509103493764997,3.9511258602142334
4DGS native-4D (fudan-zvg),4DGS-fudan,jumpingjacks,target_eval_loss,jumpingjacks_loss0p00461,False,0,2461,2461,39376,single_stage,1368.0436661243439,1788.869636297226,420.8259701728821,31.63366870880127,0.9697763442993164,0.04100542920641601,0.004720211238600313,0.009820900131016979,0.004720211238600313,107625,0.0005930075421929359,3.930873155593872
4DGS native-4D (fudan-zvg),4DGS-fudan,jumpingjacks,target_eval_loss,jumpingjacks_loss0p00461,False,0,2524,2524,40384,single_stage,1398.167940378189,1822.9460136890411,424.77807331085205,31.410191440582274,0.968882605433464,0.04180531529709697,0.004820788913639263,0.0100801100442186,0.004820788913639263,116119,0.00019776183762587607,3.9453835487365723
4DGS native-4D (fudan-zvg),4DGS-fudan,jumpingjacks,target_eval_loss,jumpingjacks_loss0p00461,False,0,2587,2587,41392,single_stage,1428.3475942611694,1857.0839731693268,428.73637890815735,31.66649160385132,0.970037168264389,0.040379857271909715,0.004672992049017921,0.009730959986336534,0.004672992049017921,116119,8.411388262175024e-05,3.9331254959106445
4DGS native-4D (fudan-zvg),4DGS-fudan,jumpingjacks,target_eval_loss,jumpingjacks_loss0p00461,False,0,2649,2649,42384,single_stage,1458.6496934890747,1893.729672908783,435.07997941970825,31.672790908813475,0.9700296193361282,0.04024949404411018,0.004661149455932901,0.009722995697520682,0.004661149455932901,124772,0.00021363262203522027,3.9944331645965576
4DGS native-4D (fudan-zvg),4DGS-fudan,jumpingjacks,target_eval_loss,jumpingjacks_loss0p00461,False,0,2711,2711,43376,single_stage,1488.6532878875732,1928.5676245689392,439.91433668136597,31.296290397644043,0.9686777472496033,0.04149394980631769,0.004846266296226531,0.010141463587060563,0.004846266296226531,133541,0.00046113861026242375,3.947643756866455
4DGS native-4D (fudan-zvg),4DGS-fudan,jumpingjacks,target_eval_loss,jumpingjacks_loss0p00461,False,0,2773,2773,44368,single_stage,1519.1218283176422,1962.9986324310303,443.87680411338806,31.790664768218996,0.9705079078674317,0.03960571447387338,0.004587636241922155,0.009568527420051388,0.004587636241922155,133541,0.0002196508285123855,3.983290195465088
4DGS native-4D (fudan-zvg),4DGS-fudan,jumpingjacks,target_eval_loss,jumpingjacks_loss0p00461,False,0,2834,2834,45344,single_stage,1549.3596498966217,2004.6624825000763,455.3028326034546,31.755555438995362,0.9703658431768417,0.03985655074939132,0.004600487975403666,0.00960722174495459,0.004600487975403666,142482,0.00028666830621659756,4.027483940124512
4DGS native-4D (fudan-zvg),4DGS-fudan,mutant,iterations,mutant_iters30000,False,0,2,2,16,single_stage,2.2411346435546875e-05,2.2411346435546875e-05,0.0,6.516818523406982,0.037206186633557084,0.19076218828558922,0.4608637809753418,0.561249787453562,0.4608637809753418,300000,0.07057252526283264,9.805278301239014
4DGS native-4D (fudan-zvg),4DGS-fudan,mutant,iterations,mutant_iters30000,False,0,1000,1000,8000,single_stage,385.00794506073,395.3734681606293,10.365523099899292,32.017609691619874,0.9613814055919647,0.051149561628699304,0.005421414936427027,0.012060850830748678,0.005421414936427027,15216,0.001041716430336237,4.084798336029053
4DGS native-4D (fudan-zvg),4DGS-fudan,mutant,iterations,mutant_iters30000,False,0,2000,2000,16000,single_stage,627.5822269916534,642.1258702278137,14.543643236160278,34.131439971923825,0.9738731741905212,0.03415875993669033,0.004140373202972114,0.008537663724273448,0.004140373202972114,47700,0.0007180700195021927,4.086589574813843
4DGS native-4D (fudan-zvg),4DGS-fudan,mutant,iterations,mutant_iters30000,False,0,3000,3000,24000,single_stage,885.7932901382446,904.6161508560181,18.822860717773438,35.35770692825317,0.9791695892810821,0.027191434521228075,0.0035079369496088474,0.006972431703470656,0.0035079369496088474,78361,0.00049901835154742,4.122220039367676
4DGS native-4D (fudan-zvg),4DGS-fudan,mutant,iterations,mutant_iters30000,False,0,4000,4000,32000,single_stage,1154.3679685592651,1177.6097617149353,23.241793155670166,36.03962631225586,0.9815176516771317,0.023757199477404355,0.003234863461693749,0.006284360433928665,0.003234863461693749,99550,0.0005677468725480139,4.131396293640137
4DGS native-4D (fudan-zvg),4DGS-fudan,mutant,iterations,mutant_iters30000,False,0,5000,5000,40000,single_stage,1433.6365315914154,1461.4110171794891,27.77448558807373,36.51463928222656,0.9828318804502487,0.021368534164503218,0.0030867011693771927,0.0059029848454520105,0.0030867011693771927,116496,0.0007485032547265291,4.20746636390686
4DGS native-4D (fudan-zvg),4DGS-fudan,mutant,iterations,mutant_iters30000,False,0,6000,6000,48000,single_stage,1727.4939308166504,1760.031243801117,32.53731298446655,36.73087167739868,0.9833921939134598,0.020077598467469215,0.0030235195066779853,0.005740376822650433,0.0030235195066779853,128783,0.0003196513280272484,4.15069842338562
4DGS native-4D (fudan-zvg),4DGS-fudan,mutant,iterations,mutant_iters30000,False,0,7000,7000,56000,single_stage,2025.4261770248413,2062.8063085079193,37.380131483078,36.896754360198976,0.9836761802434921,0.01939661386422813,0.0029864847543649375,0.005653951754793525,0.0029864847543649375,136566,0.00043738086242228746,4.14644718170166
4DGS native-4D (fudan-zvg),4DGS-fudan,mutant,iterations,mutant_iters30000,False,0,8000,8000,64000,single_stage,2324.267591714859,2366.4871277809143,42.2195360660553,36.94520225524902,0.9837661385536194,0.018891342915594578,0.0029789267282467335,0.00562991367187351,0.0029789267282467335,144341,0.00033283483935520053,4.148782014846802
4DGS native-4D (fudan-zvg),4DGS-fudan,mutant,iterations,mutant_iters30000,False,0,9000,9000,72000,single_stage,2625.477489233017,2672.7606711387634,47.28318190574646,36.9666953086853,0.9837603121995926,0.018443202739581464,0.002977971325162798,0.005630314620211721,0.002977971325162798,150823,0.00042519939597696066,4.174387454986572
4DGS native-4D (fudan-zvg),4DGS-fudan,mutant,iterations,mutant_iters30000,False,0,10000,10000,80000,single_stage,2928.168405532837,2980.5858187675476,52.41741323471069,36.96869812011719,0.9837110549211502,0.018230923870578408,0.002974595548585057,0.005637465454638009,0.002974595548585057,154493,0.00022282534337136894,4.174381971359253
4DGS native-4D (fudan-zvg),4DGS-fudan,mutant,iterations,mutant_iters30000,False,0,11000,11000,88000,single_stage,3231.5503923892975,3288.9153246879578,57.36493229866028,37.07371587753296,0.9838180929422379,0.017844568425789475,0.0029577590932603924,0.005602588686160739,0.0029577590932603924,159661,0.00023057805083226413,4.152295827865601
4DGS native-4D (fudan-zvg),4DGS-fudan,mutant,iterations,mutant_iters30000,False,0,12000,12000,96000,single_stage,3534.708878993988,3596.9532425403595,62.24436354637146,37.019070625305176,0.983620673418045,0.01779487021267414,0.002983316360041499,0.00566251840442419,0.002983316360041499,164497,0.0002589644573163241,4.202876567840576
4DGS native-4D (fudan-zvg),4DGS-fudan,mutant,iterations,mutant_iters30000,False,0,13000,13000,104000,single_stage,3841.5190794467926,3907.9792006015778,66.46012115478516,36.98695058822632,0.9836643546819687,0.01768779382109642,0.0029796468210406602,0.0056508465204387955,0.0029796468210406602,166945,0.0004233241779729724,4.1625800132751465
4DGS native-4D (fudan-zvg),4DGS-fudan,mutant,iterations,mutant_iters30000,False,0,14000,14000,112000,single_stage,4148.982025146484,4219.618073225021,70.63604807853699,36.968056201934814,0.9835071712732315,0.017513675196096302,0.002995566389290616,0.005695018856786192,0.002995566389290616,171423,0.00028813688550144434,4.204803705215454
4DGS native-4D (fudan-zvg),4DGS-fudan,mutant,iterations,mutant_iters30000,False,0,15000,15000,120000,single_stage,4457.837050437927,4532.697146177292,74.86009573936462,36.96073865890503,0.9834064543247223,0.01757341716438532,0.003006124711828306,0.005723608904518188,0.003006124711828306,175706,0.00021448398183565587,4.206406116485596
4DGS native-4D (fudan-zvg),4DGS-fudan,mutant,iterations,mutant_iters30000,False,0,16000,16000,128000,single_stage,4765.824100255966,4844.905200958252,79.08110070228577,36.91141710281372,0.9832845538854599,0.01752605549991131,0.0030230743228457867,0.005761548681184654,0.0030230743228457867,175706,0.00022354093380272388,4.165806531906128
4DGS native-4D (fudan-zvg),4DGS-fudan,mutant,iterations,mutant_iters30000,False,0,17000,17000,136000,single_stage,5073.988749504089,5157.250217437744,83.26146793365479,36.88910169601441,0.983167615532875,0.01757629425264895,0.0030345408886205405,0.00579410960432143,0.0030345408886205405,175706,0.00020494057389441878,4.189651727676392
4DGS native-4D (fudan-zvg),4DGS-fudan,mutant,iterations,mutant_iters30000,False,0,18000,18000,144000,single_stage,5380.401742935181,5467.866437196732,87.4646942615509,36.83387041091919,0.9829759806394577,0.017598820361308755,0.003057045250898227,0.005850440072827046,0.003057045250898227,175706,0.0003937821020372212,4.162884712219238
4DGS native-4D (fudan-zvg),4DGS-fudan,mutant,iterations,mutant_iters30000,False,0,19000,19000,152000,single_stage,5688.76238822937,5780.402270555496,91.6398823261261,36.81547164916992,0.9829365283250808,0.017593850521370767,0.003062253026291728,0.005862496756017218,0.003062253026291728,175706,0.000347384309861809,4.1550493240356445
4DGS native-4D (fudan-zvg),4DGS-fudan,mutant,iterations,mutant_iters30000,False,0,20000,20000,160000,single_stage,5995.6706199646,6091.477960109711,95.80734014511108,36.78030729293823,0.982819738984108,0.017558737262152135,0.003076308313757181,0.005897098854184142,0.003076308313757181,175706,0.00020778730686288327,4.167313814163208
4DGS native-4D (fudan-zvg),4DGS-fudan,mutant,iterations,mutant_iters30000,False,0,21000,21000,168000,single_stage,6303.266349554062,6403.25433921814,99.98798966407776,36.73913383483887,0.9826456040143967,0.017625677958130838,0.0030996867339126767,0.0059506285842508,0.0030996867339126767,175706,0.00019972777226939797,4.156548500061035
4DGS native-4D (fudan-zvg),4DGS-fudan,mutant,iterations,mutant_iters30000,False,0,22000,22000,176000,single_stage,6609.4323744773865,6713.591361761093,104.15898728370667,36.676046466827394,0.982464212179184,0.01769219439011067,0.0031193677394185217,0.006002651755698017,0.0031193677394185217,175706,0.0002549022319726646,4.168853044509888
4DGS native-4D (fudan-zvg),4DGS-fudan,mutant,iterations,mutant_iters30000,False,0,23000,23000,184000,single_stage,6914.560990095139,7022.90118432045,108.34019422531128,36.68558120727539,0.9824566066265106,0.017682055034674703,0.003118249645922333,0.006003278391435752,0.003118249645922333,175706,0.0003188112168572843,4.185774326324463
4DGS native-4D (fudan-zvg),4DGS-fudan,mutant,iterations,mutant_iters30000,False,0,24000,24000,192000,single_stage,7218.405516386032,7330.9447112083435,112.5391948223114,36.6315502166748,0.9822640359401703,0.01782229100354016,0.0031419643957633523,0.0060607643285766205,0.0031419643957633523,175706,0.0001895502646220848,4.160132646560669
4DGS native-4D (fudan-zvg),4DGS-fudan,mutant,iterations,mutant_iters30000,False,0,25000,25000,200000,single_stage,7522.834838628769,7639.548624515533,116.71378588676453,36.627418994903564,0.9822096407413483,0.01779924025759101,0.00314935086062178,0.006077552540227762,0.00314935086062178,175706,0.00016953943122643977,4.180453062057495
4DGS native-4D (fudan-zvg),4DGS-fudan,mutant,iterations,mutant_iters30000,False,0,26000,26000,208000,single_stage,7826.720908880234,7947.631661891937,120.91075301170349,36.626692867279054,0.9821960270404816,0.01780362264253199,0.0031518037896603344,0.00608223762363195,0.0031518037896603344,175706,0.00020987505558878183,4.20427393913269
4DGS native-4D (fudan-zvg),4DGS-fudan,mutant,iterations,mutant_iters30000,False,0,27000,27000,216000,single_stage,8130.576266050339,8255.705078601837,125.12881255149841,36.56874732971191,0.9820358902215958,0.017885387409478426,0.0031720556668005883,0.006130466489121318,0.0031720556668005883,175706,0.0002349877031520009,4.172588109970093
4DGS native-4D (fudan-zvg),4DGS-fudan,mutant,iterations,mutant_iters30000,False,0,28000,28000,224000,single_stage,8433.312137365341,8562.62686085701,129.3147234916687,36.56120262145996,0.981996700167656,0.017949067568406463,0.0031771654554177075,0.006142392330802977,0.0031771654554177075,175706,0.0002054929791484028,4.170395374298096
4DGS native-4D (fudan-zvg),4DGS-fudan,mutant,iterations,mutant_iters30000,False,0,29000,29000,232000,single_stage,8735.526738405228,8869.026726961136,133.4999885559082,36.54585132598877,0.9819144576787948,0.01787955316249281,0.0031865585187915713,0.006166355279274295,0.0031865585187915713,175706,0.0002445880672894418,4.172445058822632
4DGS native-4D (fudan-zvg),4DGS-fudan,mutant,iterations,mutant_iters30000,False,0,30000,30000,240000,single_stage,9039.071042060852,9176.756750106812,137.68570804595947,36.50708694458008,0.9818141996860504,0.017947762832045557,0.0032005347718950363,0.006197587880305942,0.0032005347718950363,175706,0.00016948826669249684,4.208265066146851
4DGS native-4D (fudan-zvg),4DGS-fudan,mutant,target_eval_loss,mutant_loss0p003106,False,0,2,2,16,single_stage,7.152557373046875e-06,7.152557373046875e-06,0.0,6.516818523406982,0.037206186633557084,0.19076218828558922,0.4608637809753418,0.561249787453562,0.4608637809753418,300000,0.07057252526283264,12.259286880493164
4DGS native-4D (fudan-zvg),4DGS-fudan,mutant,target_eval_loss,mutant_loss0p003106,False,0,20,20,160,single_stage,30.81518054008484,43.487191677093506,12.672011137008667,7.011746573448181,0.03968440666794777,0.21129110455513,0.4335549399256706,0.538907070606947,0.4335549399256706,300000,0.06752051413059235,4.292564630508423
4DGS native-4D (fudan-zvg),4DGS-fudan,mutant,target_eval_loss,mutant_loss0p003106,False,0,49,49,392,single_stage,61.291237115859985,79.92849087715149,18.637253761291504,17.298346042633057,0.06643862873315812,0.4952140137553215,0.1178225427865982,0.280970308482647,0.1178225427865982,300000,0.036115847527980804,4.247687578201294
4DGS native-4D (fudan-zvg),4DGS-fudan,mutant,target_eval_loss,mutant_loss0p003106,False,0,111,111,888,single_stage,91.30365681648254,124.06981658935547,32.766159772872925,24.7416672706604,0.9170691549777985,0.10872027389705181,0.01358426189981401,0.02745357852429151,0.01358426189981401,300000,0.0027745766565203667,4.186165809631348
4DGS native-4D (fudan-zvg),4DGS-fudan,mutant,target_eval_loss,mutant_loss0p003106,False,0,186,186,1488,single_stage,121.67370247840881,161.29670524597168,39.623002767562866,25.81461544036865,0.92505362033844,0.09513132758438587,0.01192220114171505,0.02452703684568405,0.01192220114171505,300000,0.0023993835784494877,4.220350027084351
4DGS native-4D (fudan-zvg),4DGS-fudan,mutant,target_eval_loss,mutant_loss0p003106,False,0,261,261,2088,single_stage,152.07730984687805,202.34422159194946,50.26691174507141,26.692979526519775,0.9302782863378525,0.08690235912799835,0.010773624409921467,0.022563242260366677,0.010773624409921467,300000,0.002786788856610656,4.203089237213135
4DGS native-4D (fudan-zvg),4DGS-fudan,mutant,target_eval_loss,mutant_loss0p003106,False,0,336,336,2688,single_stage,182.40705680847168,248.0363564491272,65.62929964065552,27.584693050384523,0.9348036468029022,0.08134891204535961,0.009674537740647794,0.0207789008319378,0.009674537740647794,300000,0.002007099101319909,4.2666144371032715
4DGS native-4D (fudan-zvg),4DGS-fudan,mutant,target_eval_loss,mutant_loss0p003106,False,0,411,411,3288,single_stage,212.80225920677185,294.32304859161377,81.52078938484192,28.51505136489868,0.9393427282571792,0.07637159638106823,0.008590841782279313,0.019004127774387605,0.008590841782279313,300000,0.003229706548154354,4.237635135650635
4DGS native-4D (fudan-zvg),4DGS-fudan,mutant,target_eval_loss,mutant_loss0p003106,False,0,485,485,3880,single_stage,242.82422280311584,339.5787477493286,96.75452494621277,29.11198329925537,0.9424894362688064,0.07302647735923529,0.007989943027496338,0.017894067168235786,0.007989943027496338,300000,0.001954646548256278,4.240771770477295
4DGS native-4D (fudan-zvg),4DGS-fudan,mutant,target_eval_loss,mutant_loss0p003106,False,0,559,559,4472,single_stage,272.8775336742401,379.1214256286621,106.243891954422,29.54466323852539,0.9451495677232742,0.07010586354881525,0.007504385500214994,0.01697359485551716,0.007504385500214994,300000,0.0013805703492835164,4.185430288314819
4DGS native-4D (fudan-zvg),4DGS-fudan,mutant,target_eval_loss,mutant_loss0p003106,False,0,663,663,5304,single_stage,303.03247332572937,429.188273191452,126.15579986572266,30.203303050994872,0.9492431521415711,0.06538781970739364,0.006871037790551782,0.015648199804127214,0.006871037790551782,8744,0.0013476433232426643,4.083521127700806
4DGS native-4D (fudan-zvg),4DGS-fudan,mutant,target_eval_loss,mutant_loss0p003106,False,0,796,796,6368,single_stage,333.0802090167999,463.439195394516,130.35898637771606,31.09176902770996,0.9548114866018296,0.05936629250645638,0.006114361900836229,0.01392919220030307,0.006114361900836229,10549,0.0014367306139320135,3.8887956142425537
4DGS native-4D (fudan-zvg),4DGS-fudan,mutant,target_eval_loss,mutant_loss0p003106,False,0,926,926,7408,single_stage,363.26176476478577,497.5685935020447,134.3068287372589,31.658963871002197,0.9589862406253815,0.05397157501429319,0.005676753539592028,0.01274415470659732,0.005676753539592028,15169,0.0014000065857544541,3.924487352371216
4DGS native-4D (fudan-zvg),4DGS-fudan,mutant,target_eval_loss,mutant_loss0p003106,False,0,1054,1054,8432,single_stage,393.33705139160156,531.6559474468231,138.31889605522156,32.15675573348999,0.9623205214738846,0.049722406268119815,0.005301409610547125,0.011777023393660784,0.005301409610547125,17888,0.0011281229089945555,3.960192918777466
4DGS native-4D (fudan-zvg),4DGS-fudan,mutant,target_eval_loss,mutant_loss0p003106,False,0,1183,1183,9464,single_stage,423.52597641944885,565.8848206996918,142.35884428024292,32.579890155792235,0.9648778110742569,0.046045038104057315,0.005011870653834194,0.011033934308215986,0.005011870653834194,20822,0.001040728995576501,3.928316116333008
4DGS native-4D (fudan-zvg),4DGS-fudan,mutant,target_eval_loss,mutant_loss0p003106,False,0,1312,1312,10496,single_stage,453.751273393631,600.1323006153107,146.3810272216797,32.74059743881226,0.9663234144449234,0.043927459977567196,0.004929950647056103,0.010679277628660198,0.004929950647056103,27108,0.001152576762251556,3.927370309829712
4DGS native-4D (fudan-zvg),4DGS-fudan,mutant,target_eval_loss,mutant_loss0p003106,False,0,1440,1440,11520,single_stage,483.8203628063202,634.2427575588226,150.42239475250244,33.151180267333984,0.9682867974042892,0.04129636771976948,0.004685733909718692,0.010091227646917104,0.004685733909718692,30369,0.0010546755511313677,3.911924123764038
4DGS native-4D (fudan-zvg),4DGS-fudan,mutant,target_eval_loss,mutant_loss0p003106,False,0,1569,1569,12552,single_stage,513.9927706718445,668.4427080154419,154.4499373435974,33.36224317550659,0.9698925107717514,0.039212847501039504,0.004522580897901207,0.00963956256397068,0.004522580897901207,33682,0.001177832018584013,3.987961530685425
4DGS native-4D (fudan-zvg),4DGS-fudan,mutant,target_eval_loss,mutant_loss0p003106,False,0,1696,1696,13568,single_stage,544.1968593597412,702.838464975357,158.64160561561584,33.656016159057614,0.9714634448289872,0.037578713800758126,0.004362764721736312,0.009197522811591616,0.004362764721736312,37062,0.0010291830403730273,3.9295730590820312
4DGS native-4D (fudan-zvg),4DGS-fudan,mutant,target_eval_loss,mutant_loss0p003106,False,0,1822,1822,14576,single_stage,574.2874641418457,737.0117099285126,162.72424578666687,33.6966775894165,0.9716965913772583,0.03647533105686307,0.004366354993544519,0.00915376571938396,0.004366354993544519,43815,0.0011682627955451608,3.9296905994415283
4DGS native-4D (fudan-zvg),4DGS-fudan,mutant,target_eval_loss,mutant_loss0p003106,False,0,1946,1946,15568,single_stage,604.5178861618042,771.4001157283783,166.8822295665741,34.008787059783934,0.9732154726982116,0.03490764833986759,0.004192852647975087,0.008711187578737744,0.004192852647975087,47179,0.0007005336228758097,3.9524519443511963
4DGS native-4D (fudan-zvg),4DGS-fudan,mutant,target_eval_loss,mutant_loss0p003106,False,0,2070,2070,16560,single_stage,634.6040823459625,805.6332845687866,171.0292022228241,34.24066514968872,0.9744407624006272,0.03346229549497366,0.004039889469277113,0.00834375909529626,0.004039889469277113,50525,0.0007208898314274848,3.932962417602539
4DGS native-4D (fudan-zvg),4DGS-fudan,mutant,target_eval_loss,mutant_loss0p003106,False,0,2192,2192,17536,single_stage,664.6793580055237,839.8562564849854,175.17689847946167,34.511626434326175,0.9754819005727768,0.03226289441809058,0.003912249789573252,0.008033419717103234,0.003912249789573252,53841,0.0010383374756202102,3.9762911796569824
4DGS native-4D (fudan-zvg),4DGS-fudan,mutant,target_eval_loss,mutant_loss0p003106,False,0,2315,2315,18520,single_stage,694.684730052948,874.0473718643188,179.36264181137085,34.54591732025146,0.9757638275623322,0.031655617989599705,0.003885711880866438,0.00795580399222672,0.003885711880866438,60171,0.0008960164268501103,3.9325804710388184
4DGS native-4D (fudan-zvg),4DGS-fudan,mutant,target_eval_loss,mutant_loss0p003106,False,0,2438,2438,19504,single_stage,724.8514547348022,908.4331154823303,183.58166074752808,34.757694721221924,0.9765958458185195,0.030470208451151847,0.0037853898131288586,0.007709142686799178,0.0037853898131288586,63266,0.0011257401201874018,4.012929201126099
4DGS native-4D (fudan-zvg),4DGS-fudan,mutant,target_eval_loss,mutant_loss0p003106,False,0,2560,2560,20480,single_stage,755.0726048946381,942.9985692501068,187.92596435546875,34.9087908744812,0.9772776246070862,0.029644669219851493,0.0037171178380958738,0.007518169349059454,0.0037171178380958738,66301,0.0008571279468014836,3.924053430557251
4DGS native-4D (fudan-zvg),4DGS-fudan,mutant,target_eval_loss,mutant_loss0p003106,False,0,2681,2681,21448,single_stage,785.2219045162201,977.3702216148376,192.14831709861755,35.05484256744385,0.9779020011425018,0.028745428007096053,0.0036413136986084282,0.007332650730386381,0.0036413136986084282,69200,0.0007476203027181327,3.9567372798919678
4DGS native-4D (fudan-zvg),4DGS-fudan,mutant,target_eval_loss,mutant_loss0p003106,False,0,2799,2799,22392,single_stage,815.2332844734192,1011.7635588645935,196.53027439117432,35.09018697738647,0.9781110376119614,0.02833620049059391,0.0036249808734282853,0.007277777176350351,0.0036249808734282853,72032,0.0008595675462856889,3.933182954788208
4DGS native-4D (fudan-zvg),4DGS-fudan,mutant,target_eval_loss,mutant_loss0p003106,False,0,2917,2917,23336,single_stage,845.23353266716,1046.0119042396545,200.7783715724945,35.128003883361814,0.9784386068582535,0.027826812211424114,0.0035985490772873162,0.007191117890179162,0.0035985490772873162,77540,0.0005125281750224531,3.9531795978546143
4DGS native-4D (fudan-zvg),4DGS-fudan,mutant,target_eval_loss,mutant_loss0p003106,False,0,3034,3034,24272,single_stage,875.4742996692657,1080.5366871356964,205.06238746643066,34.62048425674438,0.9769888907670975,0.0295689913444221,0.003919424174819141,0.007737761186435814,0.003919424174819141,80171,0.0009423489682376385,4.02506947517395
4DGS native-4D (fudan-zvg),4DGS-fudan,mutant,target_eval_loss,mutant_loss0p003106,False,0,3152,3152,25216,single_stage,905.6914074420929,1114.800372838974,209.1089653968811,35.38920440673828,0.9792982339859009,0.02704704673960805,0.0034939356322865934,0.0069355017086491,0.0034939356322865934,80533,0.0008849453879520297,3.937941789627075
4DGS native-4D (fudan-zvg),4DGS-fudan,mutant,target_eval_loss,mutant_loss0p003106,False,0,3270,3270,26160,single_stage,935.8326134681702,1149.2205791473389,213.3879656791687,35.54368896484375,0.9800543993711471,0.02599592125043273,0.0034065054671373217,0.006714324499480431,0.0034065054671373217,83026,0.0004200925468467176,4.012966156005859
4DGS native-4D (fudan-zvg),4DGS-fudan,mutant,target_eval_loss,mutant_loss0p003106,False,0,3388,3388,27104,single_stage,966.0118849277496,1183.91757273674,217.90568780899048,35.68815851211548,0.9803221195936203,0.02547775199636817,0.003369115467648953,0.006630868455395112,0.003369115467648953,85412,0.0008189223008230329,3.940213441848755
4DGS native-4D (fudan-zvg),4DGS-fudan,mutant,target_eval_loss,mutant_loss0p003106,False,0,3504,3504,28032,single_stage,996.0800604820251,1218.3431260585785,222.26306557655334,35.13028469085693,0.9791765630245208,0.02632397720590234,0.003543694643303752,0.006999643109738836,0.003543694643303752,89913,0.0007665879093110561,3.9663174152374268
4DGS native-4D (fudan-zvg),4DGS-fudan,mutant,target_eval_loss,mutant_loss0p003106,False,0,3620,3620,28960,single_stage,1026.2764122486115,1252.5250046253204,226.24859237670898,35.69702701568603,0.980538186430931,0.024771034065634013,0.0033588455873541532,0.006579439183697114,0.0033588455873541532,92081,0.0008018614025786519,3.966632127761841
4DGS native-4D (fudan-zvg),4DGS-fudan,mutant,target_eval_loss,mutant_loss0p003106,False,0,3736,3736,29888,single_stage,1056.2810170650482,1286.9262399673462,230.64522290229797,35.841135597229005,0.9810344606637955,0.024345452338457106,0.003298329783137888,0.006431771693751208,0.003298329783137888,94189,0.0006554730935022235,3.9459941387176514
4DGS native-4D (fudan-zvg),4DGS-fudan,mutant,target_eval_loss,mutant_loss0p003106,False,0,3851,3851,30808,single_stage,1086.4976644515991,1321.5340058803558,235.0363414287567,35.839621257781985,0.981020274758339,0.024146999605000018,0.0033012924483045935,0.006436979006975881,0.0033012924483045935,96226,0.00044549466110765934,3.990650177001953
4DGS native-4D (fudan-zvg),4DGS-fudan,mutant,target_eval_loss,mutant_loss0p003106,False,0,3966,3966,31728,single_stage,1116.5138685703278,1355.553479194641,239.03961062431335,35.91780452728271,0.9813618898391724,0.023684713616967203,0.003255560132674873,0.006332070138305421,0.003255560132674873,98278,0.00041960313683375716,3.9278676509857178
4DGS native-4D (fudan-zvg),4DGS-fudan,mutant,target_eval_loss,mutant_loss0p003106,False,0,4080,4080,32640,single_stage,1146.6466176509857,1390.0869493484497,243.440331697464,36.11591548919678,0.9818605422973633,0.023232750315219163,0.0031949801603332164,0.006183875668793913,0.0031949801603332164,100188,0.0004427526437211782,3.982858896255493
4DGS native-4D (fudan-zvg),4DGS-fudan,mutant,target_eval_loss,mutant_loss0p003106,False,0,4194,4194,33552,single_stage,1176.8254573345184,1426.3563838005066,249.53092646598816,36.15089435577393,0.9820159286260605,0.023049423983320595,0.00318186113727279,0.006142303184606139,0.00318186113727279,102056,0.0004468837578315288,3.9522359371185303
4DGS native-4D (fudan-zvg),4DGS-fudan,mutant,target_eval_loss,mutant_loss0p003106,False,0,4307,4307,34456,single_stage,1206.9200775623322,1460.882264137268,253.9621865749359,36.087170124053955,0.9819030493497849,0.02288381475955248,0.0031966961571015416,0.006176747055724255,0.0031966961571015416,105594,0.00036265552625991404,4.048675060272217
4DGS native-4D (fudan-zvg),4DGS-fudan,mutant,target_eval_loss,mutant_loss0p003106,False,0,4419,4419,35352,single_stage,1236.9335441589355,1494.9629096984863,258.0293655395508,36.195212268829344,0.9821557760238647,0.0226050172932446,0.0031625284056644885,0.006098867519758647,0.0031625284056644885,107303,0.0005974741070531309,3.940981864929199
4DGS native-4D (fudan-zvg),4DGS-fudan,mutant,target_eval_loss,mutant_loss0p003106,False,0,4531,4531,36248,single_stage,1267.0976791381836,1529.5752308368683,262.4775516986847,36.28375959396362,0.9822722285985946,0.022379748802632094,0.003157595853554085,0.00607163096312434,0.003157595853554085,108921,0.00046770396875217557,3.9592370986938477
4DGS native-4D (fudan-zvg),4DGS-fudan,mutant,target_eval_loss,mutant_loss0p003106,False,0,4641,4641,37128,single_stage,1297.1460638046265,1564.213751077652,267.0676872730255,36.393831443786624,0.9825399398803711,0.022115077637135983,0.0031190766603685915,0.005987273352220646,0.0031190766603685915,110462,0.0005422542453743517,3.9679136276245117
4DGS native-4D (fudan-zvg),4DGS-fudan,mutant,target_eval_loss,mutant_loss0p003106,False,0,4752,4752,38016,single_stage,1327.2150526046753,1598.7457580566406,271.53070545196533,36.41212062835693,0.9825941652059555,0.022030278109014034,0.0031198370736092327,0.005977036617696277,0.0031198370736092327,112044,0.0006660796934738755,3.9637725353240967
4DGS native-4D (fudan-zvg),4DGS-fudan,mutant,target_eval_loss,mutant_loss0p003106,False,0,4862,4862,38896,single_stage,1357.2203915119171,1633.377955198288,276.15756368637085,36.38700799942016,0.9826888591051102,0.021655798330903052,0.003109051310457289,0.005949469227343798,0.003109051310457289,113523,0.0003676981432363391,3.9855175018310547
4DGS native-4D (fudan-zvg),4DGS-fudan,mutant,target_eval_loss,mutant_loss0p003106,False,0,4974,4974,39792,single_stage,1387.4440190792084,1667.6078650951385,280.1638460159302,36.41103067398071,0.9825620353221893,0.021698922850191593,0.0031161563005298377,0.005980517975986005,0.0031161563005298377,114967,0.00034814863465726376,3.962671995162964
4DGS native-4D (fudan-zvg),4DGS-fudan,mutant,target_eval_loss,mutant_loss0p003106,False,0,5083,5083,40664,single_stage,1417.6843492984772,1701.8248670101166,284.1405177116394,36.44169969558716,0.9827915906906128,0.021439136238768697,0.0030909855966456236,0.005914470339193931,0.0030909855966456236,116419,0.0004665232263505459,4.024685859680176
4DGS native-4D (fudan-zvg),4DGS-fudan,mutant,target_eval_loss,mutant_loss0p003106,False,0,5191,5191,41528,single_stage,1447.8093192577362,1736.5197594165802,288.710440158844,36.58916454315185,0.983137634396553,0.021076340321451427,0.003056271222885698,0.00581749009899796,0.003056271222885698,117815,0.0004007822135463357,3.9793624877929688
4DGS native-4D (fudan-zvg),4DGS-fudan,standup,iterations,standup_iters30000,False,0,2,2,16,single_stage,8.106231689453125e-06,8.106231689453125e-06,0.0,6.46325192451477,0.052512957528233525,0.1726716861128807,0.4641756474971771,0.5608379264920951,0.4641756474971771,300000,0.07017988711595535,13.31799840927124
4DGS native-4D (fudan-zvg),4DGS-fudan,standup,iterations,standup_iters30000,False,0,1000,1000,8000,single_stage,381.27311086654663,395.2165615558624,13.943450689315796,32.83236103057861,0.9699609130620956,0.04620230738073587,0.004176293825730681,0.009348852448165417,0.004176293825730681,13182,0.0010350652737542987,4.062750577926636
4DGS native-4D (fudan-zvg),4DGS-fudan,standup,iterations,standup_iters30000,False,0,2000,2000,16000,single_stage,616.9190168380737,635.0173871517181,18.09837031364441,35.55236158370972,0.9799608528614044,0.029797367472201585,0.0028758374333847313,0.006308499374426897,0.0028758374333847313,37371,0.0007402751361951232,4.059712648391724
4DGS native-4D (fudan-zvg),4DGS-fudan,standup,iterations,standup_iters30000,False,0,3000,3000,24000,single_stage,859.458991765976,881.8243238925934,22.36533212661743,36.81186466217041,0.983676278591156,0.02385324998758733,0.002403228369075805,0.005187326977029439,0.002403228369075805,62576,0.00038040452636778355,4.0904271602630615
4DGS native-4D (fudan-zvg),4DGS-fudan,standup,iterations,standup_iters30000,False,0,4000,4000,32000,single_stage,1109.375602722168,1136.1005268096924,26.724924087524414,37.33803262710571,0.9850361734628678,0.02088767825625837,0.0022380128619261088,0.0047831755969673356,0.0022380128619261088,83362,0.0003623932134360075,4.066612482070923
4DGS native-4D (fudan-zvg),4DGS-fudan,standup,iterations,standup_iters30000,False,0,5000,5000,40000,single_stage,1368.4397039413452,1399.5713987350464,31.131694793701172,37.924276733398436,0.9859835922718048,0.0187930166721344,0.0021173022571019827,0.004497123351320634,0.0021173022571019827,103984,0.00037757866084575653,4.0712549686431885
4DGS native-4D (fudan-zvg),4DGS-fudan,standup,iterations,standup_iters30000,False,0,6000,6000,48000,single_stage,1634.9736840724945,1670.6108248233795,35.63714075088501,38.145199394226076,0.9862615972757339,0.017695100465789437,0.0020866739738266914,0.004417019723914568,0.0020866739738266914,122290,0.00017583230510354042,4.070613145828247
4DGS native-4D (fudan-zvg),4DGS-fudan,standup,iterations,standup_iters30000,False,0,7000,7000,56000,single_stage,1911.8381502628326,1952.0511145591736,40.21296429634094,38.32320003509521,0.9863893657922744,0.01703754938207567,0.002066246879985556,0.004375124345533559,0.002066246879985556,135098,0.00013269780902191997,4.112331390380859
4DGS native-4D (fudan-zvg),4DGS-fudan,standup,iterations,standup_iters30000,False,0,8000,8000,64000,single_stage,2195.4662294387817,2240.584153175354,45.117923736572266,38.17534761428833,0.9860845029354095,0.01670961924828589,0.0020957040833309293,0.004459662679582843,0.0020957040833309293,150286,0.00026727543445304036,4.0866618156433105
4DGS native-4D (fudan-zvg),4DGS-fudan,standup,iterations,standup_iters30000,False,0,9000,9000,72000,single_stage,2483.373519182205,2532.5904331207275,49.21691393852234,38.325132083892825,0.9862312048673629,0.016280845948494972,0.0020789107627933847,0.004416887636762122,0.0020789107627933847,164059,0.0001160918254754506,4.089026689529419
4DGS native-4D (fudan-zvg),4DGS-fudan,standup,iterations,standup_iters30000,False,0,10000,10000,80000,single_stage,2777.4851763248444,2831.5237119197845,54.038535594940186,38.46521148681641,0.9863104164600373,0.01602934489492327,0.0020651724655181168,0.004390054680407043,0.0020651724655181168,171695,0.00014805304817855358,4.080605745315552
4DGS native-4D (fudan-zvg),4DGS-fudan,standup,iterations,standup_iters30000,False,0,11000,11000,88000,single_stage,3077.0904824733734,3136.3923189640045,59.3018364906311,38.40203046798706,0.9861299216747283,0.015865131840109827,0.0020832486625295132,0.004440614595077941,0.0020832486625295132,183889,0.0001043036681949161,4.098548412322998
4DGS native-4D (fudan-zvg),4DGS-fudan,standup,iterations,standup_iters30000,False,0,12000,12000,96000,single_stage,3379.802970647812,3443.2264795303345,63.42350888252258,38.322950172424314,0.9859910130500793,0.015899538970552386,0.002094794178265147,0.004477632732596258,0.002094794178265147,195410,0.0002289111289428547,4.100198030471802
4DGS native-4D (fudan-zvg),4DGS-fudan,standup,iterations,standup_iters30000,False,0,13000,13000,104000,single_stage,3685.914892435074,3753.452026605606,67.53713417053223,38.33051156997681,0.9860000103712082,0.015629248577170074,0.0020954887790139765,0.004476388948969539,0.0020954887790139765,198942,0.00017836785991676152,4.150265455245972
4DGS native-4D (fudan-zvg),4DGS-fudan,standup,iterations,standup_iters30000,False,0,14000,14000,112000,single_stage,3996.97460436821,4068.676119327545,71.70151495933533,38.26264505386352,0.9858780026435852,0.015616204217076301,0.002105561544885859,0.004508848707191655,0.002105561544885859,209328,9.418788249604404e-05,4.119774103164673
4DGS native-4D (fudan-zvg),4DGS-fudan,standup,iterations,standup_iters30000,False,0,15000,15000,120000,single_stage,4308.961819410324,4384.796271562576,75.8344521522522,38.12936859130859,0.985633784532547,0.0156874866457656,0.002128040307434276,0.004575675339438017,0.002128040307434276,219169,0.00014992308570072055,4.161194801330566
4DGS native-4D (fudan-zvg),4DGS-fudan,standup,iterations,standup_iters30000,False,0,16000,16000,128000,single_stage,4621.17765378952,4701.196044445038,80.01839065551758,38.09287700653076,0.9856003940105438,0.015642320667393506,0.002131309005199,0.004584968402050445,0.002131309005199,219169,0.00016986913396976888,4.100844383239746
4DGS native-4D (fudan-zvg),4DGS-fudan,standup,iterations,standup_iters30000,False,0,17000,17000,136000,single_stage,4933.301952362061,5017.435460805893,84.1335084438324,38.072767066955564,0.9854427665472031,0.0156744250562042,0.002144469931954518,0.004627022636122998,0.002144469931954518,219169,8.635970880277455e-05,4.10518479347229
4DGS native-4D (fudan-zvg),4DGS-fudan,standup,iterations,standup_iters30000,False,0,18000,18000,144000,single_stage,5243.03364610672,5331.285696029663,88.25204992294312,37.96588869094849,0.9852348685264587,0.01578631727024913,0.0021656678232830017,0.004685560553334663,0.0021656678232830017,219169,5.7928638852899894e-05,4.089186429977417
4DGS native-4D (fudan-zvg),4DGS-fudan,standup,iterations,standup_iters30000,False,0,19000,19000,152000,single_stage,5551.531368017197,5643.885587215424,92.35421919822693,37.926905918121335,0.9851242452859879,0.01584971558768302,0.002173960060463287,0.004714318991173059,0.002173960060463287,219169,0.00015459689893759787,4.115698575973511
4DGS native-4D (fudan-zvg),4DGS-fudan,standup,iterations,standup_iters30000,False,0,20000,20000,160000,single_stage,5857.604936599731,5954.090010404587,96.48507380485535,37.902250099182126,0.9849793314933777,0.01597573352046311,0.0021865329443244265,0.0047533600567840045,0.0021865329443244265,219169,0.00012269336730241776,4.073326587677002
4DGS native-4D (fudan-zvg),4DGS-fudan,standup,iterations,standup_iters30000,False,0,21000,21000,168000,single_stage,6163.050194978714,6263.621225833893,100.57103085517883,37.814179515838624,0.9848669558763504,0.01609458865132183,0.0021996097610099243,0.004786296633537855,0.0021996097610099243,219169,0.00012342495028860867,4.087191104888916
4DGS native-4D (fudan-zvg),4DGS-fudan,standup,iterations,standup_iters30000,False,0,22000,22000,176000,single_stage,6468.471166849136,6573.142627954483,104.67146110534668,37.803680419921875,0.9847767949104309,0.016019842168316246,0.002204035629983991,0.004807869521901011,0.002204035629983991,219169,0.00012924651673529297,4.11079478263855
4DGS native-4D (fudan-zvg),4DGS-fudan,standup,iterations,standup_iters30000,False,0,23000,23000,184000,single_stage,6774.242879629135,6883.045759439468,108.80287981033325,37.85047845840454,0.98466377556324,0.016107186721637846,0.002211470392649062,0.004836421201471244,0.002211470392649062,219169,0.0001787580840755254,4.09347939491272
4DGS native-4D (fudan-zvg),4DGS-fudan,standup,iterations,standup_iters30000,False,0,24000,24000,192000,single_stage,7078.606785774231,7191.524113416672,112.9173276424408,37.84825639724731,0.9845578283071518,0.016206763172522187,0.002218739615636878,0.004863426031079148,0.002218739615636878,219169,0.0001698024570941925,4.10107159614563
4DGS native-4D (fudan-zvg),4DGS-fudan,standup,iterations,standup_iters30000,False,0,25000,25000,200000,single_stage,7383.0579426288605,7500.090137958527,117.03219532966614,37.79934253692627,0.9844371140003204,0.016217429749667646,0.0022318844450637696,0.004898084755986933,0.0022318844450637696,219169,0.00014579217531718314,4.09641170501709
4DGS native-4D (fudan-zvg),4DGS-fudan,standup,iterations,standup_iters30000,False,0,26000,26000,208000,single_stage,7686.313417673111,7807.460510969162,121.14709329605103,37.812723064422606,0.9843737185001373,0.016305794194340705,0.0022346769605064765,0.004912997868377716,0.0022346769605064765,219169,0.00012023377348668873,4.098367691040039
4DGS native-4D (fudan-zvg),4DGS-fudan,standup,iterations,standup_iters30000,False,0,27000,27000,216000,single_stage,7988.798659324646,8114.062449455261,125.26379013061523,37.695656871795656,0.9842560678720474,0.016345845302566886,0.00224698006932158,0.004946370481047775,0.00224698006932158,219169,0.00015025433094706386,4.082858562469482
4DGS native-4D (fudan-zvg),4DGS-fudan,standup,iterations,standup_iters30000,False,0,28000,28000,224000,single_stage,8290.978025436401,8420.337780475616,129.3597550392151,37.665548706054686,0.9841264575719834,0.016429234715178608,0.002260766050312668,0.004983321325853463,0.002260766050312668,219169,0.00014091460616327822,4.067995071411133
4DGS native-4D (fudan-zvg),4DGS-fudan,standup,iterations,standup_iters30000,False,0,29000,29000,232000,single_stage,8592.434034585953,8725.876160144806,133.44212555885315,37.62596664428711,0.9840756446123123,0.016491109784692527,0.0022677246714010836,0.0049990508146583994,0.0022677246714010836,219169,9.241627412848175e-05,4.103929042816162
4DGS native-4D (fudan-zvg),4DGS-fudan,standup,iterations,standup_iters30000,False,0,30000,30000,240000,single_stage,8895.630875110626,9033.190517425537,137.5596423149109,37.61511039733887,0.9839942395687103,0.016511994297616184,0.002274265344021842,0.005020564361475403,0.002274265344021842,219169,0.00011371177970431745,4.1317291259765625
4DGS native-4D (fudan-zvg),4DGS-fudan,standup,target_eval_loss,standup_loss0p002168,False,0,2,2,16,single_stage,6.67572021484375e-06,6.67572021484375e-06,0.0,6.46325192451477,0.052512957528233525,0.1726716861128807,0.4641756474971771,0.5608379264920951,0.4641756474971771,300000,0.07017988711595535,8.219131231307983
4DGS native-4D (fudan-zvg),4DGS-fudan,standup,target_eval_loss,standup_loss0p002168,False,0,18,18,144,single_stage,30.16134285926819,38.848554849624634,8.687211990356445,6.872455191612244,0.055785574950277805,0.18759971857070923,0.44120582938194275,0.5418075485154987,0.44120582938194275,300000,0.06739794462919235,4.612557888031006
4DGS native-4D (fudan-zvg),4DGS-fudan,standup,target_eval_loss,standup_loss0p002168,False,0,42,42,336,single_stage,60.29734802246094,75.60177540779114,15.3044273853302,12.927942371368408,0.06921734809875488,0.500822001695633,0.2085836686193943,0.3530234652757645,0.2085836686193943,300000,0.04055580124258995,4.4194676876068115
4DGS native-4D (fudan-zvg),4DGS-fudan,standup,target_eval_loss,standup_loss0p002168,False,0,106,106,848,single_stage,90.65798735618591,117.15412998199463,26.496142625808716,23.726599788665773,0.9339298844337464,0.09777637086808681,0.014865417219698428,0.025106356889009473,0.014865417219698428,300000,0.003097116481512785,4.289425611495972
4DGS native-4D (fudan-zvg),4DGS-fudan,standup,target_eval_loss,standup_loss0p002168,False,0,180,180,1440,single_stage,121.03712010383606,154.56405305862427,33.52693295478821,25.472464656829835,0.9421089500188827,0.08870721533894539,0.012197200022637845,0.02133597001433373,0.012197200022637845,300000,0.0027395752258598804,4.17961573600769
4DGS native-4D (fudan-zvg),4DGS-fudan,standup,target_eval_loss,standup_loss0p002168,False,0,253,253,2024,single_stage,151.06624460220337,190.8274209499359,39.761176347732544,26.755448627471925,0.9470710635185242,0.0810273626819253,0.010451192501932383,0.018946741297841064,0.010451192501932383,300000,0.0017896083882078528,4.226133823394775
4DGS native-4D (fudan-zvg),4DGS-fudan,standup,target_eval_loss,standup_loss0p002168,False,0,327,327,2616,single_stage,181.39338850975037,227.39309906959534,45.99971055984497,27.681940460205077,0.9503542244434356,0.075336723215878,0.00916830156929791,0.017263796366751197,0.00916830156929791,300000,0.0030958643183112144,4.206433534622192
4DGS native-4D (fudan-zvg),4DGS-fudan,standup,target_eval_loss,standup_loss0p002168,False,0,401,401,3208,single_stage,211.50789070129395,268.87802267074585,57.370131969451904,28.34905891418457,0.9526716411113739,0.07146331574767828,0.00831962216179818,0.01612136950716376,0.00831962216179818,300000,0.0010942985536530614,4.22050929069519
4DGS native-4D (fudan-zvg),4DGS-fudan,standup,target_eval_loss,standup_loss0p002168,False,0,475,475,3800,single_stage,241.80424213409424,305.44097924232483,63.63673710823059,28.91743173599243,0.9544293999671936,0.06850976124405861,0.007637100270949304,0.01522380022332073,0.007637100270949304,300000,0.002177041955292225,4.23214054107666
4DGS native-4D (fudan-zvg),4DGS-fudan,standup,target_eval_loss,standup_loss0p002168,False,0,549,549,4392,single_stage,271.8601748943329,341.7296998500824,69.86952495574951,29.39489221572876,0.9560042172670364,0.06596189755946398,0.007008062768727541,0.014405606761574746,0.007008062768727541,300000,0.0016482926439493895,4.207361936569214
4DGS native-4D (fudan-zvg),4DGS-fudan,standup,target_eval_loss,standup_loss0p002168,False,0,644,644,5152,single_stage,302.0266766548157,387.73915672302246,85.71248006820679,30.249625968933106,0.9592562526464462,0.06148577779531479,0.006155916978605092,0.013073483053594834,0.006155916978605092,8412,0.0016912056598812342,4.0477025508880615
4DGS native-4D (fudan-zvg),4DGS-fudan,standup,target_eval_loss,standup_loss0p002168,False,0,786,786,6288,single_stage,332.1165726184845,422.06214141845703,89.94556879997253,31.554037666320802,0.9644898802042008,0.05443977564573288,0.005029178841505199,0.011125367032364001,0.005029178841505199,9745,0.0013732610968872905,3.915804624557495
4DGS native-4D (fudan-zvg),4DGS-fudan,standup,target_eval_loss,standup_loss0p002168,False,0,918,918,7344,single_stage,362.29482555389404,456.2149381637573,93.92011260986328,32.39244546890259,0.9680879950523377,0.04879074096679688,0.004472391225863248,0.009960313970223065,0.004472391225863248,13217,0.0011346843093633652,3.9408671855926514
4DGS native-4D (fudan-zvg),4DGS-fudan,standup,target_eval_loss,standup_loss0p002168,False,0,1047,1047,8376,single_stage,392.5035376548767,490.4546551704407,97.95111751556396,33.26931896209717,0.9714064806699753,0.044414971955120564,0.0039514704258181155,0.008879880206659441,0.0039514704258181155,15297,0.0007092466112226248,3.9833157062530518
4DGS native-4D (fudan-zvg),4DGS-fudan,standup,target_eval_loss,standup_loss0p002168,False,0,1175,1175,9400,single_stage,422.5480525493622,524.5555577278137,102.00750517845154,33.720634651184085,0.9733084082603455,0.04093357473611832,0.003686679876409471,0.008287662249058482,0.003686679876409471,17499,0.0010451582493260503,3.94281268119812
4DGS native-4D (fudan-zvg),4DGS-fudan,standup,target_eval_loss,standup_loss0p002168,False,0,1303,1303,10424,single_stage,452.76774501800537,558.8013517856598,106.03360676765442,33.71900959014893,0.9742276281118393,0.03858431270346045,0.003675694519188255,0.00809502999298275,0.003675694519188255,22251,0.0011010877788066864,3.937187910079956
4DGS native-4D (fudan-zvg),4DGS-fudan,standup,target_eval_loss,standup_loss0p002168,False,0,1431,1431,11448,single_stage,483.02287554740906,593.0118253231049,109.9889497756958,34.5296088218689,0.976152989268303,0.03629650287330151,0.003324057417921722,0.007428648080676786,0.003324057417921722,24665,0.0007766340859234333,3.994267702102661
4DGS native-4D (fudan-zvg),4DGS-fudan,standup,target_eval_loss,standup_loss0p002168,False,0,1558,1558,12464,single_stage,513.0692348480225,627.16756772995,114.09833288192749,34.944471740722655,0.9774862110614777,0.03428757358342409,0.0031604988034814596,0.007031156830489627,0.0031604988034814596,27147,0.0008877383079379797,3.9358882904052734
4DGS native-4D (fudan-zvg),4DGS-fudan,standup,target_eval_loss,standup_loss0p002168,False,0,1683,1683,13464,single_stage,543.1633236408234,661.3130676746368,118.14974403381348,35.228671836853025,0.9784315139055252,0.03257664665579796,0.0030436576809734104,0.0067486233636736915,0.0030436576809734104,29717,0.0007580569945275784,3.9696457386016846
4DGS native-4D (fudan-zvg),4DGS-fudan,standup,target_eval_loss,standup_loss0p002168,False,0,1807,1807,14456,single_stage,573.177670955658,695.4819757938385,122.30430483818054,34.942618179321286,0.9784449815750123,0.03171087512746453,0.003090345929376781,0.006783280428498975,0.003090345929376781,34774,0.0007282955339178443,3.9866511821746826
4DGS native-4D (fudan-zvg),4DGS-fudan,standup,target_eval_loss,standup_loss0p002168,False,0,1932,1932,15456,single_stage,603.3663876056671,729.6729831695557,126.30659556388855,35.54312791824341,0.9795766204595566,0.03035301249474287,0.0029198707547038794,0.006420572511851779,0.0029198707547038794,37304,0.0005298772593960166,3.9422309398651123
4DGS native-4D (fudan-zvg),4DGS-fudan,standup,target_eval_loss,standup_loss0p002168,False,0,2058,2058,16464,single_stage,633.5638542175293,763.976105928421,130.41225171089172,35.71999921798706,0.9803964376449585,0.02922671623528004,0.0027890923840459434,0.006151986378245046,0.0027890923840459434,39891,0.00034578610211610794,3.987114906311035
4DGS native-4D (fudan-zvg),4DGS-fudan,standup,target_eval_loss,standup_loss0p002168,False,0,2182,2182,17456,single_stage,663.8593490123749,798.4870693683624,134.62772035598755,36.076376056671144,0.9810696423053742,0.02810904532670975,0.0026864252460654823,0.0059352117357775475,0.0026864252460654823,42462,0.0006419903947971761,3.9763925075531006
4DGS native-4D (fudan-zvg),4DGS-fudan,standup,target_eval_loss,standup_loss0p002168,False,0,2307,2307,18456,single_stage,693.900279045105,832.692732334137,138.79245328903198,35.77220859527588,0.9808962285518646,0.02785731740295887,0.002722743060439825,0.005998948737978931,0.002722743060439825,47488,0.00047060963697731495,3.948906898498535
4DGS native-4D (fudan-zvg),4DGS-fudan,standup,target_eval_loss,standup_loss0p002168,False,0,2431,2431,19448,single_stage,723.9363312721252,866.6934669017792,142.75713562965393,36.40018253326416,0.9820751488208771,0.02652167184278369,0.0025728032866027205,0.005643212865106757,0.0025728032866027205,50009,0.0006294865743257105,4.012560129165649
4DGS native-4D (fudan-zvg),4DGS-fudan,standup,target_eval_loss,standup_loss0p002168,False,0,2555,2555,20440,single_stage,754.084210395813,901.1184825897217,147.0342721939087,36.50487442016602,0.9826023429632187,0.025675242766737938,0.002516460628248751,0.005492699909955264,0.002516460628248751,52495,0.000579040264710784,3.9446229934692383
4DGS native-4D (fudan-zvg),4DGS-fudan,standup,target_eval_loss,standup_loss0p002168,False,0,2678,2678,21424,single_stage,784.1006603240967,935.3152194023132,151.21455907821655,36.42608470916748,0.9825681358575821,0.025372933596372604,0.0025256302556954323,0.005506877033039932,0.0025256302556954323,54975,0.0004897445905953646,3.9582905769348145
4DGS native-4D (fudan-zvg),4DGS-fudan,standup,target_eval_loss,standup_loss0p002168,False,0,2800,2800,22400,single_stage,814.1861028671265,969.3917529582977,155.20565009117126,36.77713422775268,0.9831733942031861,0.02458337666466832,0.0024503299617208542,0.005325585128739472,0.0024503299617208542,57459,0.0004419031902216375,4.004263401031494
4DGS native-4D (fudan-zvg),4DGS-fudan,standup,target_eval_loss,standup_loss0p002168,False,0,2921,2921,23368,single_stage,844.2665631771088,1003.7193601131439,159.45279693603516,36.67791118621826,0.9831609219312668,0.02420404558070004,0.0024545595631934704,0.005331463264301416,0.0024545595631934704,62298,0.0004023135988973081,3.956623077392578
4DGS native-4D (fudan-zvg),4DGS-fudan,standup,target_eval_loss,standup_loss0p002168,False,0,3039,3039,24312,single_stage,874.3350200653076,1037.761430978775,163.4264109134674,36.028883171081546,0.982482087612152,0.025161872478201987,0.002667382633080706,0.005637488584034154,0.002667382633080706,64697,0.00046416561235673726,3.9635682106018066
4DGS native-4D (fudan-zvg),4DGS-fudan,standup,target_eval_loss,standup_loss0p002168,False,0,3155,3155,25240,single_stage,904.4235699176788,1071.832508802414,167.4089388847351,36.82930192947388,0.9838782668113708,0.023443186469376088,0.002392527833580971,0.005138368904590616,0.002392527833580971,64737,0.0003395466774236411,3.984896421432495
4DGS native-4D (fudan-zvg),4DGS-fudan,standup,target_eval_loss,standup_loss0p002168,False,0,3274,3274,26192,single_stage,934.4751727581024,1106.1327846050262,171.65761184692383,36.99131002426147,0.9842053949832916,0.02298279949463904,0.0023452084220480173,0.005035087740980089,0.0023452084220480173,67101,0.0003939596936106682,3.9403324127197266
4DGS native-4D (fudan-zvg),4DGS-fudan,standup,target_eval_loss,standup_loss0p002168,False,0,3394,3394,27152,single_stage,964.495100736618,1140.3608865737915,175.86578583717346,37.08637657165527,0.9843662351369857,0.02258168361149728,0.0023197245376650245,0.004982532602734873,0.0023197245376650245,69437,0.0005641269963234663,3.9853286743164062
4DGS native-4D (fudan-zvg),4DGS-fudan,standup,target_eval_loss,standup_loss0p002168,False,0,3514,3514,28112,single_stage,994.6957275867462,1174.974030971527,180.27830338478088,36.93712663650513,0.9841813325881958,0.02255205702967942,0.002340474718948826,0.005036113257519893,0.002340474718948826,74075,0.00039422520785592496,3.948345422744751
4DGS native-4D (fudan-zvg),4DGS-fudan,standup,target_eval_loss,standup_loss0p002168,False,0,3634,3634,29072,single_stage,1024.835569858551,1209.0769395828247,184.24136972427368,37.14987487792969,0.9846270352602005,0.021868474222719668,0.0022912873362656684,0.004907622816972444,0.0022912873362656684,76379,0.00037994864396750927,3.9512088298797607
4DGS native-4D (fudan-zvg),4DGS-fudan,standup,target_eval_loss,standup_loss0p002168,False,0,3753,3753,30024,single_stage,1054.8482022285461,1243.3807570934296,188.53255486488342,37.39895925521851,0.9849057674407959,0.02148947846144438,0.0022550647263415158,0.004822898292914024,0.0022550647263415158,78673,0.0003365543088875711,4.017428636550903
4DGS native-4D (fudan-zvg),4DGS-fudan,standup,target_eval_loss,standup_loss0p002168,False,0,3872,3872,30976,single_stage,1084.9235906600952,1277.8243117332458,192.90072107315063,37.35177803039551,0.984908151626587,0.02121889335103333,0.002250919223297387,0.004819105053320518,0.002250919223297387,80930,0.00044034922029823065,3.9467034339904785
4DGS native-4D (fudan-zvg),4DGS-fudan,standup,target_eval_loss,standup_loss0p002168,False,0,3992,3992,31936,single_stage,1115.0418148040771,1311.9429700374603,196.90115523338318,37.58387680053711,0.9852615773677826,0.020867991726845503,0.00220731160370633,0.004713533809408537,0.00220731160370633,83101,0.0003696198982652277,3.960989475250244
4DGS native-4D (fudan-zvg),4DGS-fudan,standup,target_eval_loss,standup_loss0p002168,False,0,4106,4106,32848,single_stage,1145.1269874572754,1346.5623934268951,201.43540596961975,37.097167587280275,0.9848035216331482,0.02094045258127153,0.0022709025419317187,0.0048560177069157315,0.0022709025419317187,87397,0.0003427951014600694,3.9837095737457275
4DGS native-4D (fudan-zvg),4DGS-fudan,standup,target_eval_loss,standup_loss0p002168,False,0,4223,4223,33784,single_stage,1175.16202044487,1380.5958774089813,205.43385696411133,37.40683517456055,0.9852048128843307,0.02036296441219747,0.00221820660517551,0.004733602707274267,0.00221820660517551,89506,0.00031463432242162526,3.953542947769165
4DGS native-4D (fudan-zvg),4DGS-fudan,standup,target_eval_loss,standup_loss0p002168,False,0,4341,4341,34728,single_stage,1205.3835725784302,1414.78591132164,209.40233874320984,37.59657230377197,0.9854560375213623,0.020053975796326996,0.0021868927287869155,0.004658306678757063,0.0021868927287869155,91582,0.00036747410194948316,4.005094051361084
4DGS native-4D (fudan-zvg),4DGS-fudan,standup,target_eval_loss,standup_loss0p002168,False,0,4457,4457,35656,single_stage,1235.5618512630463,1449.482473373413,213.92062211036682,37.648246955871585,0.985486376285553,0.019857254810631275,0.0021822614187840374,0.0046485338779166255,0.0021822614187840374,93651,0.0003269081353209913,3.9636001586914062
4DGS native-4D (fudan-zvg),4DGS-fudan,standup,target_eval_loss,standup_loss0p002168,False,0,4574,4574,36592,single_stage,1265.7917494773865,1484.1224811077118,218.33073163032532,37.76605033874512,0.9857092797756195,0.019513252098113297,0.0021526758733671158,0.004580284743569791,0.0021526758733671158,95685,0.0003125788061879575,3.964648723602295
4DGS native-4D (fudan-zvg),4DGS-fudan,standup,target_eval_loss,standup_loss0p002168,False,0,4690,4690,37520,single_stage,1296.0473341941833,1518.7996337413788,222.75229954719543,37.94307231903076,0.9858632296323776,0.01926171253435314,0.0021366308676078914,0.004536658767610793,0.0021366308676078914,97702,0.00016605725977569818,3.9913110733032227
4DGS native-4D (fudan-zvg),4DGS-fudan,trex,iterations,trex_iters30000_partial,True,0,2,2,48,single_stage,6.9141387939453125e-06,6.9141387939453125e-06,0.0,6.588924789428711,0.056218283344060184,0.18754466101527215,0.4509334027767181,0.5495030655525625,0.4509334027767181,300000,0.02372526191174984,12.550013303756714
4DGS native-4D (fudan-zvg),4DGS-fudan,trex,iterations,trex_iters30000_partial,True,0,1000,1000,24000,single_stage,1127.481611251831,1140.6507058143616,13.169094562530518,26.940469455718993,0.9621315270662307,0.04642628952860832,0.008802806166931987,0.014615939520299444,0.008802806166931987,22042,0.00035702981404028833,4.055684804916382
4DGS native-4D (fudan-zvg),4DGS-fudan,trex,iterations,trex_iters30000_partial,True,0,2000,2000,48000,single_stage,1839.3882040977478,1856.7330901622772,17.34488606452942,29.44677143096924,0.9738591015338898,0.031340087205171584,0.006478887854609638,0.010411289976909757,0.006478887854609638,132163,0.00030358374351635575,4.1698830127716064
4DGS native-4D (fudan-zvg),4DGS-fudan,trex,iterations,trex_iters30000_partial,True,0,3000,3000,72000,single_stage,2705.6660063266754,2730.130419254303,24.464412927627563,29.96735897064209,0.976473280787468,0.027746684895828367,0.005897110572550446,0.009423032300546762,0.005897110572550446,336560,0.00014471402391791344,4.174574851989746
4DGS native-4D (fudan-zvg),4DGS-fudan,trex,iterations,trex_iters30000_partial,True,0,4000,4000,96000,single_stage,3752.826339483261,3785.561740875244,32.73540139198303,30.39183301925659,0.9776804178953171,0.02568371775560081,0.005516828433610499,0.008877379167824974,0.005516828433610499,502073,0.00021428025502245873,4.269686222076416
4DGS native-4D (fudan-zvg),4DGS-fudan,trex,iterations,trex_iters30000_partial,True,0,5000,5000,120000,single_stage,4974.880120754242,5024.228271722794,49.348150968551636,30.08653621673584,0.9771566092967987,0.02564655849710107,0.00568138281814754,0.009113784395158291,0.00568138281814754,680514,0.0001387909142067656,4.329993486404419
4DGS native-4D (fudan-zvg),4DGS-fudan,trex,iterations,trex_iters30000_partial,True,0,6000,6000,144000,single_stage,6369.5396292209625,6423.234152793884,53.69452357292175,29.929743385314943,0.9764355599880219,0.025985975144430996,0.005816559318918735,0.009366135457530608,0.005816559318918735,844039,8.307785901706666e-05,4.39642333984375
4DGS native-4D (fudan-zvg),4DGS-fudan,trex,target_eval_loss,trex_loss0p005793,False,0,2,2,48,single_stage,6.198883056640625e-06,6.198883056640625e-06,0.0,6.588924789428711,0.056218283344060184,0.18754466101527215,0.4509334027767181,0.5495030655525625,0.4509334027767181,300000,0.02372526191174984,14.019595623016357
4DGS native-4D (fudan-zvg),4DGS-fudan,trex,target_eval_loss,trex_loss0p005793,False,0,9,9,216,single_stage,34.51021885871887,48.96027183532715,14.450052976608276,6.727708768844605,0.05736556090414524,0.18949030339717865,0.4432347774505615,0.5431147097796202,0.4432347774505615,300000,0.02094024047255516,4.137054681777954
4DGS native-4D (fudan-zvg),4DGS-fudan,trex,target_eval_loss,trex_loss0p005793,False,0,15,15,360,single_stage,65.44604682922363,87.59498524665833,22.148938417434692,6.920129776000977,0.05838992390781641,0.19930246472358704,0.43282567262649535,0.534582553319633,0.43282567262649535,300000,0.021190974861383438,4.2631378173828125
4DGS native-4D (fudan-zvg),4DGS-fudan,trex,target_eval_loss,trex_loss0p005793,False,0,22,22,528,single_stage,98.20421195030212,128.4174885749817,30.213276624679565,7.393584108352661,0.05990477930754423,0.2482604578137398,0.4081352174282074,0.5145272180810571,0.4081352174282074,300000,0.02214905247092247,4.288648843765259
4DGS native-4D (fudan-zvg),4DGS-fudan,trex,target_eval_loss,trex_loss0p005793,False,0,30,30,720,single_stage,128.32989716529846,178.91664123535156,50.5867440700531,8.784170436859132,0.06295684929937125,0.4020134910941124,0.34318547546863554,0.4619570105150342,0.34318547546863554,300000,0.020789941772818565,4.242505311965942
4DGS native-4D (fudan-zvg),4DGS-fudan,trex,target_eval_loss,trex_loss0p005793,False,0,41,41,984,single_stage,158.5248987674713,218.83331537246704,60.30841660499573,13.723812150955201,0.07115253247320652,0.5124778017401695,0.18591521084308624,0.3345016621798277,0.18591521084308624,300000,0.014699752442538738,4.238253116607666
4DGS native-4D (fudan-zvg),4DGS-fudan,trex,target_eval_loss,trex_loss0p005793,False,0,59,59,1416,single_stage,188.77607917785645,265.09838342666626,76.32230424880981,21.32191696166992,0.4667776510119438,0.283423338085413,0.03424567449837923,0.13404100939631464,0.03424567449837923,300000,0.004422259517014027,4.198474407196045
4DGS native-4D (fudan-zvg),4DGS-fudan,trex,target_eval_loss,trex_loss0p005793,False,0,83,83,1992,single_stage,219.02120089530945,306.05597949028015,87.0347785949707,21.812755393981934,0.9118975281715394,0.10891040042042732,0.01969301817007363,0.03337490890175103,0.01969301817007363,300000,0.0014188321074470878,4.029186487197876
4DGS native-4D (fudan-zvg),4DGS-fudan,trex,target_eval_loss,trex_loss0p005793,False,0,108,108,2592,single_stage,249.1011619567871,357.07406210899353,107.97290015220642,22.135461711883544,0.9204242497682571,0.10099481716752053,0.0181786073371768,0.03045803591609002,0.0181786073371768,300000,0.0008277820306830108,4.035038471221924
4DGS native-4D (fudan-zvg),4DGS-fudan,trex,target_eval_loss,trex_loss0p005793,False,0,134,134,3216,single_stage,280.14361095428467,409.29606771469116,129.1524567604065,22.511979007720946,0.924785602092743,0.09569519646465778,0.017131566442549227,0.02874813273549079,0.017131566442549227,300000,0.00118915899656713,4.0275373458862305
4DGS native-4D (fudan-zvg),4DGS-fudan,trex,target_eval_loss,trex_loss0p005793,False,0,160,160,3840,single_stage,311.1700048446655,458.00576305389404,146.83575820922852,22.796954917907716,0.9288094997406006,0.09053414426743984,0.016323156654834747,0.027296625375747688,0.016323156654834747,300000,0.0013215772341936827,4.056349277496338
4DGS native-4D (fudan-zvg),4DGS-fudan,trex,target_eval_loss,trex_loss0p005793,False,0,186,186,4464,single_stage,342.0462965965271,503.24268341064453,161.19638681411743,23.0280912399292,0.932214829325676,0.08637572657316923,0.015644088480621578,0.026072304919362063,0.015644088480621578,300000,0.0012772086774930358,4.071028232574463
4DGS native-4D (fudan-zvg),4DGS-fudan,trex,target_eval_loss,trex_loss0p005793,False,0,212,212,5088,single_stage,372.96546030044556,546.3352057933807,173.36974549293518,23.23373947143555,0.9347701340913772,0.08324962351471185,0.015107951406389476,0.02513233430683614,0.015107951406389476,300000,0.0008499175310134888,4.088547229766846
4DGS native-4D (fudan-zvg),4DGS-fudan,trex,target_eval_loss,trex_loss0p005793,False,0,238,238,5712,single_stage,403.76463556289673,593.2890989780426,189.52446341514587,23.432199954986572,0.936771759390831,0.08071705400943756,0.014668576186522841,0.02438050907105207,0.014668576186522841,300000,0.0009574729483574629,4.058901786804199
4DGS native-4D (fudan-zvg),4DGS-fudan,trex,target_eval_loss,trex_loss0p005793,False,0,264,264,6336,single_stage,434.55958366394043,639.0500841140747,204.49050045013428,23.631703567504882,0.9387005180120468,0.07815909776836634,0.014235145412385464,0.023648012727499015,0.014235145412385464,300000,0.0006042252061888576,4.058671951293945
4DGS native-4D (fudan-zvg),4DGS-fudan,trex,target_eval_loss,trex_loss0p005793,False,0,290,290,6960,single_stage,465.26766419410706,685.421571969986,220.1539077758789,23.798828411102296,0.9402171909809113,0.07612298596650362,0.013884106557816267,0.02306384705007076,0.013884106557816267,300000,0.0008097292738966644,4.094583749771118
4DGS native-4D (fudan-zvg),4DGS-fudan,trex,target_eval_loss,trex_loss0p005793,False,0,316,316,7584,single_stage,496.1684937477112,730.6963315010071,234.5278377532959,23.944895839691164,0.941375783085823,0.07449024319648742,0.013585601188242435,0.022593324333429345,0.013585601188242435,300000,0.0007762775640003383,4.046816825866699
4DGS native-4D (fudan-zvg),4DGS-fudan,trex,target_eval_loss,trex_loss0p005793,False,0,342,342,8208,single_stage,526.8510420322418,768.1270368099213,241.27599477767944,24.067671680450438,0.9422195196151734,0.07329442892223596,0.013333824812434614,0.02222315592691302,0.013333824812434614,300000,0.0011253017000854015,4.092935562133789
4DGS native-4D (fudan-zvg),4DGS-fudan,trex,target_eval_loss,trex_loss0p005793,False,0,368,368,8832,single_stage,557.6362435817719,805.5510737895966,247.9148302078247,24.1828950881958,0.9433977484703064,0.07182808872312307,0.0130689668469131,0.021775623783469193,0.0130689668469131,300000,0.000851808930747211,4.0548765659332275
4DGS native-4D (fudan-zvg),4DGS-fudan,trex,target_eval_loss,trex_loss0p005793,False,0,394,394,9456,single_stage,588.1409261226654,849.0150270462036,260.8741009235382,24.27377395629883,0.944082236289978,0.0709747739136219,0.0128769715083763,0.02148512994870544,0.0128769715083763,300000,0.0007309466018341482,4.060606002807617
4DGS native-4D (fudan-zvg),4DGS-fudan,trex,target_eval_loss,trex_loss0p005793,False,0,420,420,10080,single_stage,618.8565447330475,886.1010022163391,267.2444574832916,24.361794090270998,0.9447638005018234,0.07003595028072596,0.01271129040978849,0.02121627222746611,0.01271129040978849,300000,0.0005237723235040903,4.109660625457764
4DGS native-4D (fudan-zvg),4DGS-fudan,trex,target_eval_loss,trex_loss0p005793,False,0,446,446,10704,single_stage,649.6912064552307,923.0950467586517,273.403840303421,24.450063037872315,0.9454430550336838,0.06903611477464437,0.01251881632488221,0.02092644205316902,0.01251881632488221,300000,0.0008352537406608462,4.1718409061431885
4DGS native-4D (fudan-zvg),4DGS-fudan,trex,target_eval_loss,trex_loss0p005793,False,0,472,472,11328,single_stage,680.3304781913757,969.1509442329407,288.82046604156494,24.533753204345704,0.9461827635765075,0.06801722534000873,0.012354222685098648,0.02064682543277741,0.012354222685098648,300000,0.000750431208871305,4.103909969329834
4DGS native-4D (fudan-zvg),4DGS-fudan,trex,target_eval_loss,trex_loss0p005793,False,0,498,498,11952,single_stage,710.7700932025909,1015.197958946228,304.4278657436371,24.628398609161376,0.9466563791036606,0.06714770589023829,0.01220272546634078,0.0204309045523405,0.01220272546634078,300000,0.0007012199494056404,4.049552917480469
4DGS native-4D (fudan-zvg),4DGS-fudan,trex,target_eval_loss,trex_loss0p005793,False,0,524,524,12576,single_stage,741.1286091804504,1058.8350694179535,317.70646023750305,24.702439880371095,0.9470807045698166,0.0665450630709529,0.012035105121321976,0.020211943183094255,0.012035105121321976,300000,0.0010495114838704467,4.057708978652954
4DGS native-4D (fudan-zvg),4DGS-fudan,trex,target_eval_loss,trex_loss0p005793,False,0,550,550,13200,single_stage,771.4764564037323,1100.6927199363708,329.21626353263855,24.755837440490723,0.9477435231208802,0.06576230637729168,0.011929685226641595,0.019995043557137243,0.011929685226641595,300000,0.0009335638023912907,4.0458738803863525
4DGS native-4D (fudan-zvg),4DGS-fudan,trex,target_eval_loss,trex_loss0p005793,False,0,576,576,13824,single_stage,801.8576829433441,1147.5607163906097,345.7030334472656,24.823002910614015,0.9481680631637573,0.06515873949974775,0.011802797415293753,0.019808625299483535,0.011802797415293753,300000,0.0008113665389828384,4.081355571746826
4DGS native-4D (fudan-zvg),4DGS-fudan,trex,target_eval_loss,trex_loss0p005793,False,0,604,604,14496,single_stage,832.4337902069092,1199.2309699058533,366.7971796989441,24.663749313354494,0.9457407236099243,0.06575921848416329,0.01218913218472153,0.020603161025792356,0.01218913218472153,11383,0.0009344142745248973,3.8101561069488525
4DGS native-4D (fudan-zvg),4DGS-fudan,trex,target_eval_loss,trex_loss0p005793,False,0,651,651,15624,single_stage,862.5616474151611,1233.1870312690735,370.62538385391235,25.213684940338133,0.9512824773788452,0.06090897675603628,0.011110526346601545,0.018631925601512198,0.011110526346601545,11383,0.0007990309968590736,3.850785732269287
4DGS native-4D (fudan-zvg),4DGS-fudan,trex,target_eval_loss,trex_loss0p005793,False,0,698,698,16752,single_stage,893.0197525024414,1267.6440987586975,374.6243462562561,25.408979892730713,0.9525628030300141,0.05924961622804403,0.010832316195592284,0.018153292350471015,0.010832316195592284,11383,0.000640755461063236,3.8640761375427246
4DGS native-4D (fudan-zvg),4DGS-fudan,trex,target_eval_loss,trex_loss0p005793,False,0,744,744,17856,single_stage,923.0889711380005,1301.6421523094177,378.55318117141724,25.686215782165526,0.9546152472496032,0.05617806296795606,0.010368117014877498,0.017371444161981355,0.010368117014877498,14078,0.00063785893144086,3.9261090755462646
4DGS native-4D (fudan-zvg),4DGS-fudan,trex,target_eval_loss,trex_loss0p005793,False,0,791,791,18984,single_stage,953.6080050468445,1336.2307171821594,382.62271213531494,25.944002056121825,0.9561242043972016,0.05423054415732622,0.010033629019744694,0.01680206233635544,0.010033629019744694,14078,0.0008488912135362625,3.880657911300659
4DGS native-4D (fudan-zvg),4DGS-fudan,trex,target_eval_loss,trex_loss0p005793,False,0,837,837,20088,single_stage,983.7578325271606,1370.3357870578766,386.57795453071594,26.181540870666502,0.9577542781829834,0.051973422057926655,0.009709514095447958,0.016216755639761684,0.009709514095447958,17598,0.0007580651436001062,3.8782708644866943
4DGS native-4D (fudan-zvg),4DGS-fudan,trex,target_eval_loss,trex_loss0p005793,False,0,884,884,21216,single_stage,1014.3779737949371,1404.929517030716,390.5515432357788,26.40112085342407,0.9591653913259506,0.0499740737490356,0.009431718848645687,0.015712296813726434,0.009431718848645687,17598,0.000547923322301358,3.9184489250183105
4DGS native-4D (fudan-zvg),4DGS-fudan,trex,target_eval_loss,trex_loss0p005793,False,0,930,930,22320,single_stage,1044.4101672172546,1438.9587438106537,394.54857659339905,26.583155155181885,0.9603428840637207,0.04837437141686678,0.009196160594001412,0.01528835166245699,0.009196160594001412,22107,0.00055693433387205,3.8908140659332275
4DGS native-4D (fudan-zvg),4DGS-fudan,trex,target_eval_loss,trex_loss0p005793,False,0,977,977,23448,single_stage,1074.9666936397552,1473.5114090442657,398.5447154045105,26.836160469055176,0.9618180930614472,0.04663415784016252,0.008897484373301267,0.014754368886351581,0.008897484373301267,22107,0.00035648385528475046,3.915282964706421
4DGS native-4D (fudan-zvg),4DGS-fudan,trex,target_eval_loss,trex_loss0p005793,False,0,1023,1023,24552,single_stage,1105.1875693798065,1507.7940835952759,402.60651421546936,26.938592624664306,0.9622866630554199,0.04551944453269243,0.008770968415774405,0.014559442121535548,0.008770968415774405,27642,0.000500568188726902,3.904569387435913
4DGS native-4D (fudan-zvg),4DGS-fudan,trex,target_eval_loss,trex_loss0p005793,False,0,1069,1069,25656,single_stage,1135.4339544773102,1542.0669045448303,406.63295006752014,27.225870609283447,0.9638624757528305,0.04400684097781778,0.008462737523950636,0.013997694868594417,0.008462737523950636,27642,0.0004654644872061908,3.87640643119812
4DGS native-4D (fudan-zvg),4DGS-fudan,trex,target_eval_loss,trex_loss0p005793,False,0,1115,1115,26760,single_stage,1165.5399594306946,1576.1580262184143,410.6180667877197,27.203350925445555,0.9638164639472961,0.04346751719713211,0.008475256990641356,0.014016912803053855,0.008475256990641356,34285,0.0006806669989600778,3.9374592304229736
4DGS native-4D (fudan-zvg),4DGS-fudan,trex,target_eval_loss,trex_loss0p005793,False,0,1160,1160,27840,single_stage,1195.59210562706,1610.166087627411,414.57398200035095,27.517145538330077,0.9655592858791351,0.04201418273150921,0.00813977220095694,0.013399960584938536,0.00813977220095694,34285,0.0005308086983859539,3.9118759632110596
4DGS native-4D (fudan-zvg),4DGS-fudan,trex,target_eval_loss,trex_loss0p005793,False,0,1205,1205,28920,single_stage,1225.9175684452057,1644.5629341602325,418.64536571502686,27.247446632385255,0.9639728158712387,0.04261390473693609,0.00845219511538744,0.013967192918062206,0.00845219511538744,42243,0.0006288403528742492,3.9141814708709717
4DGS native-4D (fudan-zvg),4DGS-fudan,trex,target_eval_loss,trex_loss0p005793,False,0,1250,1250,30000,single_stage,1256.2269849777222,1678.807336807251,422.5803518295288,27.8430908203125,0.9670438677072525,0.040148790646344426,0.007830165210179985,0.012855358626693493,0.007830165210179985,42243,0.00023931490432005376,3.9171223640441895
4DGS native-4D (fudan-zvg),4DGS-fudan,trex,target_eval_loss,trex_loss0p005793,False,0,1295,1295,31080,single_stage,1286.3302931785583,1713.0232644081116,426.6929712295532,27.988422679901124,0.9675527095794678,0.03943606773391366,0.007722253038082272,0.012667260514572256,0.007722253038082272,42243,0.0005368834245018661,3.890462875366211
4DGS native-4D (fudan-zvg),4DGS-fudan,trex,target_eval_loss,trex_loss0p005793,False,0,1340,1340,32160,single_stage,1316.735784292221,1747.4859011173248,430.75011682510376,28.132909202575682,0.9681457221508026,0.038671681005507705,0.007604943832848221,0.01245481063611805,0.007604943832848221,51451,0.0005460047977976501,3.960387706756592
4DGS native-4D (fudan-zvg),4DGS-fudan,trex,target_eval_loss,trex_loss0p005793,False,0,1385,1385,33240,single_stage,1347.3312945365906,1782.2504947185516,434.91920018196106,28.31370964050293,0.9690428167581558,0.03777052070945501,0.007407083758153021,0.01211710365489125,0.007407083758153021,51451,0.0002657013537827879,3.8925068378448486
4DGS native-4D (fudan-zvg),4DGS-fudan,trex,target_eval_loss,trex_loss0p005793,False,0,1429,1429,34296,single_stage,1377.5297701358795,1816.547830581665,439.0180604457855,28.34601745605469,0.9690040558576584,0.03745829490944743,0.007414922141470015,0.01213112654164434,0.007414922141470015,62110,0.00041436724131926894,3.916144609451294
4DGS native-4D (fudan-zvg),4DGS-fudan,trex,target_eval_loss,trex_loss0p005793,False,0,1473,1473,35352,single_stage,1408.0456593036652,1851.4443573951721,443.39869809150696,28.56542901992798,0.9699806243181228,0.036615056451410055,0.007250178814865648,0.011804018188267956,0.007250178814865648,62110,0.0006119183381088078,3.9004669189453125
4DGS native-4D (fudan-zvg),4DGS-fudan,trex,target_eval_loss,trex_loss0p005793,False,0,1517,1517,36408,single_stage,1438.4592547416687,1886.1697146892548,447.71045994758606,28.426315593719483,0.9693085521459579,0.036704085767269135,0.007359596318565309,0.012025966625660668,0.007359596318565309,74258,0.00035670772194862366,3.901125431060791
4DGS native-4D (fudan-zvg),4DGS-fudan,trex,target_eval_loss,trex_loss0p005793,False,0,1560,1560,37440,single_stage,1468.5532824993134,1920.1793105602264,451.6260280609131,28.760557556152342,0.9708212077617645,0.03547707786783576,0.007064037048257888,0.01148698808625341,0.007064037048257888,74258,0.0003279646043665707,3.9788267612457275
4DGS native-4D (fudan-zvg),4DGS-fudan,trex,target_eval_loss,trex_loss0p005793,False,0,1604,1604,38496,single_stage,1499.1949779987335,1955.226329088211,456.03135108947754,28.268636894226074,0.9689923971891403,0.03623088635504246,0.007492599613033235,0.012195600252598525,0.007492599613033235,87753,0.00036598843871615827,3.894500494003296
4DGS native-4D (fudan-zvg),4DGS-fudan,trex,target_eval_loss,trex_loss0p005793,False,0,1647,1647,39528,single_stage,1529.7451803684235,1989.687085866928,459.94190549850464,28.9227463722229,0.9715931296348572,0.03455203883349896,0.006939078611321747,0.011232636962085953,0.006939078611321747,87753,0.0003357508103363216,3.9356162548065186
4DGS native-4D (fudan-zvg),4DGS-fudan,trex,target_eval_loss,trex_loss0p005793,False,0,1689,1689,40536,single_stage,1559.74924659729,2024.2522766590118,464.5030300617218,29.06765213012695,0.9722030371427536,0.03385441172868013,0.006811947422102093,0.01100895050913096,0.006811947422102093,87753,0.00026122111012227833,3.8949434757232666
4DGS native-4D (fudan-zvg),4DGS-fudan,trex,target_eval_loss,trex_loss0p005793,False,0,1731,1731,41544,single_stage,1590.270468711853,2059.8371329307556,469.5666642189026,29.053299236297608,0.971993687748909,0.03410678766667843,0.006838244828395545,0.011071858312934628,0.006838244828395545,102633,0.00027705507818609476,3.943575859069824
4DGS native-4D (fudan-zvg),4DGS-fudan,trex,target_eval_loss,trex_loss0p005793,False,0,1773,1773,42552,single_stage,1620.8608150482178,2094.4026329517365,473.5418179035187,29.20585432052612,0.9727450042963028,0.033230720274150374,0.006698032328858972,0.01080942500382661,0.006698032328858972,102633,0.00043140791240148246,3.9325296878814697
4DGS native-4D (fudan-zvg),4DGS-fudan,trex,target_eval_loss,trex_loss0p005793,False,0,1814,1814,43536,single_stage,1651.0168900489807,2129.0015518665314,477.98466181755066,28.94052324295044,0.9717607498168945,0.033786841295659543,0.0068964168662205335,0.011164983529597522,0.0068964168662205335,118951,0.0003167040413245559,3.9312028884887695
4DGS native-4D (fudan-zvg),4DGS-fudan,trex,target_eval_loss,trex_loss0p005793,False,0,1854,1854,44496,single_stage,1681.0214593410492,2162.9525430202484,481.9310836791992,29.256511306762697,0.9730386674404145,0.03281601956114173,0.006639980408363044,0.010704250838607546,0.006639980408363044,118951,0.000315379467792809,3.9649133682250977
4DGS native-4D (fudan-zvg),4DGS-fudan,trex,target_eval_loss,trex_loss0p005793,False,0,1895,1895,45480,single_stage,1711.4479756355286,2198.0236365795135,486.575660943985,29.325681114196776,0.9733704000711441,0.032230278570204975,0.006578949512913823,0.010589079596102249,0.006578949512913823,118951,0.0002889084571506828,3.913234233856201
4DGS native-4D (fudan-zvg),4DGS-fudan,trex,target_eval_loss,trex_loss0p005793,False,0,1935,1935,46440,single_stage,1741.809641122818,2232.978878259659,491.1692371368408,29.360110473632812,0.9733745694160462,0.032584732118994,0.006572968943510204,0.010583461271598931,0.006572968943510204,136554,0.0003274505434092134,3.955434799194336
4DGS native-4D (fudan-zvg),4DGS-fudan,trex,target_eval_loss,trex_loss0p005793,False,0,1975,1975,47400,single_stage,1772.1833701133728,2268.22909617424,496.0457260608673,29.41070690155029,0.9738772004842758,0.031798080448061226,0.006499263318255543,0.010423970557749268,0.006499263318255543,136554,0.00016922135546337813,3.9237754344940186
4DGS native-4D (fudan-zvg),4DGS-fudan,trex,target_eval_loss,trex_loss0p005793,False,0,2015,2015,48360,single_stage,1802.6276655197144,2303.324183702469,500.6965181827545,29.166256618499755,0.9727421313524246,0.03279108190909028,0.00670693680876866,0.010817123176530009,0.00670693680876866,155300,0.00028274572105146945,3.9448750019073486
4DGS native-4D (fudan-zvg),4DGS-fudan,trex,target_eval_loss,trex_loss0p005793,False,0,2054,2054,49296,single_stage,1832.99165558815,2337.6492393016815,504.6575837135315,29.54648094177246,0.9743448704481125,0.031199728418141604,0.006330446840729564,0.010195383382961158,0.006330446840729564,155300,0.00017153470253106207,3.9323346614837646
4DGS native-4D (fudan-zvg),4DGS-fudan,trex,target_eval_loss,trex_loss0p005793,False,0,2093,2093,50232,single_stage,1863.194022655487,2372.5844888687134,509.3904662132263,29.64730749130249,0.9748877614736557,0.030651535373181105,0.006243309355340898,0.01001709518954157,0.006243309355340898,155300,0.00024334299087058753,3.9267401695251465
4DGS native-4D (fudan-zvg),4DGS-fudan,trex,target_eval_loss,trex_loss0p005793,False,0,2131,2131,51144,single_stage,1893.318890094757,2407.5387511253357,514.2198610305786,29.572232818603517,0.9746980488300323,0.030863880086690186,0.006280406657606363,0.01008471556007863,0.006280406657606363,174856,0.00024418282555416226,3.9719839096069336
4DGS native-4D (fudan-zvg),4DGS-fudan,trex,target_eval_loss,trex_loss0p005793,False,0,2169,2169,52056,single_stage,1923.409942150116,2441.616430044174,518.2064878940582,29.70189733505249,0.9752459108829499,0.030117297917604445,0.00616450043162331,0.009882418168708674,0.00616450043162331,174856,0.0003979236353188753,3.928985834121704
4DGS native-4D (fudan-zvg),4DGS-fudan,trex,target_eval_loss,trex_loss0p005793,False,0,2207,2207,52968,single_stage,1953.7494797706604,2481.4103960990906,527.6609163284302,29.24613313674927,0.9736358851194382,0.03125851666554809,0.006513468036428094,0.010483597405254834,0.006513468036428094,195122,0.000179247377673164,3.940490245819092
4DGS native-4D (fudan-zvg),4DGS-fudan,trex,target_eval_loss,trex_loss0p005793,False,0,2245,2245,53880,single_stage,1984.4710216522217,2516.0876359939575,531.6166143417358,29.715939712524413,0.9751154392957687,0.03017869861796498,0.00615550788352266,0.009901318447664386,0.00615550788352266,195122,0.0001665321469772607,3.958956718444824
4DGS native-4D (fudan-zvg),4DGS-fudan,trex,target_eval_loss,trex_loss0p005793,False,0,2283,2283,54792,single_stage,2015.1970233917236,2558.9070563316345,543.7100329399109,29.820030307769777,0.9756185322999954,0.029578722827136517,0.006084075209219009,0.009743553707376128,0.006084075209219009,195122,0.00021936482517048717,3.9707894325256348
4DGS native-4D (fudan-zvg),4DGS-fudan,trex,target_eval_loss,trex_loss0p005793,False,0,2320,2320,55680,single_stage,2045.6439373493195,2601.654626607895,556.0106892585754,29.644463062286377,0.9748619139194489,0.03034137496724725,0.00621527578914538,0.00999983784742653,0.00621527578914538,215928,0.00016412005061283708,3.9513583183288574
4DGS native-4D (fudan-zvg),4DGS-fudan,trex,target_eval_loss,trex_loss0p005793,False,0,2357,2357,56568,single_stage,2076.454347848892,2636.4341447353363,559.9797968864441,29.80045566558838,0.9758171826601029,0.02928891177289188,0.006059004028793424,0.009683766691014166,0.006059004028793424,215928,0.00018912824452854693,3.918562412261963
4DGS native-4D (fudan-zvg),4DGS-fudan,trex,target_eval_loss,trex_loss0p005793,False,0,2394,2394,57456,single_stage,2107.0515480041504,2670.967740058899,563.9161920547485,29.875374126434327,0.9760330468416214,0.029080350464209915,0.006028235680423677,0.009615979176014661,0.006028235680423677,215928,0.00013786141062155366,3.9414477348327637
4DGS native-4D (fudan-zvg),4DGS-fudan,trex,target_eval_loss,trex_loss0p005793,False,0,2430,2430,58320,single_stage,2137.7410757541656,2707.1584362983704,569.4173605442047,29.79498920440674,0.9756975591182708,0.029404781572520734,0.006071015633642674,0.009717300683259975,0.006071015633642674,237231,0.0001786757493391633,3.9780988693237305
4DGS native-4D (fudan-zvg),4DGS-fudan,trex,target_eval_loss,trex_loss0p005793,False,0,2466,2466,59184,single_stage,2168.4090056419373,2741.822649240494,573.4136435985565,29.905297183990477,0.9761507630348205,0.028854162711650134,0.005987670971080661,0.009559984169900428,0.005987670971080661,237231,0.00018086761701852083,3.9359805583953857
4DGS native-4D (fudan-zvg),4DGS-fudan,trex,target_eval_loss,trex_loss0p005793,False,0,2501,2501,60024,single_stage,2198.420863866806,2777.2436118125916,578.8227479457855,29.353808784484862,0.9747311383485794,0.02906718896701932,0.006366152921691537,0.010146694667637353,0.006366152921691537,258491,0.0002569746575318277,3.982405424118042
4DGS native-4D (fudan-zvg),4DGS-fudan,trex,target_eval_loss,trex_loss0p005793,False,0,2536,2536,60864,single_stage,2228.740863084793,2811.564138650894,582.8232755661011,29.858740043640136,0.9759394645690918,0.029189173504710196,0.006016912183258683,0.009625636832788597,0.006016912183258683,258491,0.0002517053799238056,3.9531073570251465
4DGS native-4D (fudan-zvg),4DGS-fudan,trex,target_eval_loss,trex_loss0p005793,False,0,2571,2571,61704,single_stage,2259.3317761421204,2846.123405456543,586.7916293144226,29.932416343688963,0.9762771308422089,0.02859627865254879,0.005960851872805506,0.009513255329802624,0.005960851872805506,258491,0.00017514079809188843,4.01736307144165
4DGS native-4D (fudan-zvg),4DGS-fudan,trex,target_eval_loss,trex_loss0p005793,False,0,2606,2606,62544,single_stage,2290.0646393299103,2882.646644115448,592.5820047855377,29.463069343566893,0.9749587535858154,0.02935647703707218,0.006278669543098659,0.010031184917315847,0.006278669543098659,280086,0.0001544511178508401,3.9750475883483887
4DGS native-4D (fudan-zvg),4DGS-fudan,trex,target_eval_loss,trex_loss0p005793,False,0,2640,2640,63360,single_stage,2320.174665927887,2916.7481446266174,596.5734786987305,29.86848020553589,0.9759128004312515,0.02898241630755365,0.006010548584163189,0.009625878781080252,0.006010548584163189,280086,0.00032480625668540597,3.9826173782348633
4DGS native-4D (fudan-zvg),4DGS-fudan,trex,target_eval_loss,trex_loss0p005793,False,0,2674,2674,64176,single_stage,2350.2137784957886,2950.786242723465,600.5724642276764,29.919208145141603,0.9763572722673416,0.028405338525772095,0.005949923791922629,0.009488484580069786,0.005949923791922629,280086,0.00022443424677476287,3.9579358100891113
4DGS native-4D (fudan-zvg),4DGS-fudan,trex,target_eval_loss,trex_loss0p005793,False,0,2708,2708,64992,single_stage,2380.607910633087,2985.1569130420685,604.5490024089813,29.585696029663087,0.9751733303070068,0.029361267387866975,0.0061739477445371446,0.009904492134228355,0.0061739477445371446,301781,0.00014941695553716272,3.950392961502075
4DGS native-4D (fudan-zvg),4DGS-fudan,trex,target_eval_loss,trex_loss0p005793,False,0,2742,2742,65808,single_stage,2411.548628807068,3020.0676534175873,608.5190246105194,29.921484565734865,0.9761870384216309,0.028733911458402872,0.005955610529053956,0.009527080738916985,0.005955610529053956,301781,0.00012239930219948292,4.020258188247681
4DGS native-4D (fudan-zvg),4DGS-fudan,trex,target_eval_loss,trex_loss0p005793,False,0,2775,2775,66600,single_stage,2441.57399225235,3054.129999399185,612.5560071468353,29.951329708099365,0.9764363288879394,0.028192824590951203,0.0059333303943276405,0.009459398537874232,0.0059333303943276405,301781,0.00028260372346267104,3.9748566150665283
4DGS native-4D (fudan-zvg),4DGS-fudan,trex,target_eval_loss,trex_loss0p005793,False,0,2808,2808,67392,single_stage,2472.0078344345093,3096.302825450897,624.2949910163879,29.597497940063477,0.9752109736204148,0.029173255292698742,0.006169977167155593,0.009893787009641525,0.006169977167155593,323533,0.0002041966945398599,3.995039224624634
4DGS native-4D (fudan-zvg),4DGS-fudan,trex,target_eval_loss,trex_loss0p005793,False,0,2841,2841,68184,single_stage,2502.6578121185303,3130.9630229473114,628.3052108287811,29.891791534423827,0.9761116594076157,0.02872569295577705,0.005977375281509012,0.009559568343684073,0.005977375281509012,323533,0.00021511103841476142,4.015989303588867
4DGS native-4D (fudan-zvg),4DGS-fudan,trex,target_eval_loss,trex_loss0p005793,False,0,2874,2874,68976,single_stage,2533.2444162368774,3165.5823543071747,632.3379380702972,29.964450740814208,0.9765510946512223,0.028066342789679767,0.005900883604772389,0.009410487953573462,0.005900883604772389,323533,0.0001596823858562857,3.9657366275787354
4DGS native-4D (fudan-zvg),4DGS-fudan,trex,target_eval_loss,trex_loss0p005793,False,0,2907,2907,69768,single_stage,2563.89111495018,3215.186905145645,651.2957901954651,29.565641117095947,0.9751581370830535,0.02905182642862201,0.006185432511847467,0.009916718592867264,0.006185432511847467,345340,0.00041728990618139505,3.9985318183898926
4DGS native-4D (fudan-zvg),4DGS-fudan,trex,target_eval_loss,trex_loss0p005793,False,0,2939,2939,70536,single_stage,2594.084688425064,3249.3968665599823,655.3121781349182,29.89630889892578,0.9763472944498062,0.02822912959381938,0.0059492478962056335,0.009489939427003274,0.0059492478962056335,345340,0.00013005128130316734,3.967064142227173
4DGS native-4D (fudan-zvg),4DGS-fudan,trex,target_eval_loss,trex_loss0p005793,False,0,2971,2971,71304,single_stage,2624.324771642685,3283.6201260089874,659.2953543663025,29.93128881454468,0.9764866381883621,0.028011289797723292,0.005926666036248207,0.00944400519132614,0.005926666036248207,345340,0.00010918229236267507,3.993584632873535
4DGS native-4D (fudan-zvg),4DGS-fudan,trex,target_eval_loss,trex_loss0p005793,False,0,3003,3003,72072,single_stage,2654.5536439418793,3317.8635609149933,663.309916973114,16.531167650222777,0.892651829123497,0.08487567808479071,0.04712488828226924,0.059169544801115984,0.04712488828226924,367336,0.0030204588547348976,4.044431209564209
4DGS native-4D (fudan-zvg),4DGS-fudan,trex,target_eval_loss,trex_loss0p005793,False,0,3034,3034,72816,single_stage,2685.370403766632,3352.7409250736237,667.3705213069916,29.72584238052368,0.973971825838089,0.031341993063688275,0.006373974110465497,0.01030481412075461,0.006373974110465497,367336,0.0003091123071499169,3.9756412506103516
4DGS native-4D (fudan-zvg),4DGS-fudan,trex,target_eval_loss,trex_loss0p005793,False,0,3065,3065,73560,single_stage,2716.1795608997345,3387.5430994033813,671.3635385036469,30.292769718170167,0.9766714036464691,0.028224657569080592,0.005736992973834276,0.009255313649773602,0.005736992973834276,367336,0.0002137866395059973,4.0230207443237305
4DGS native-4D (fudan-zvg),4DGS-fudan,trex,target_eval_loss,trex_loss0p005793,False,0,3096,3096,74304,single_stage,2746.7139959335327,3434.5593044757843,687.8453085422516,30.359226608276366,0.9770933777093888,0.027656340412795542,0.005622362811118364,0.00907921470701694,0.005622362811118364,367336,0.0001385683281114325,3.960367202758789
Deformable-3DGS (Yang et al.),Deformable-3DGS,bouncingballs,iterations,bouncingballs_iters30000,False,0,1,1,1,single_stage,7.152557373046875e-06,7.152557373046875e-06,0.0,6.737917876243591,0.24955624118447303,0.25865606144070624,0.4472062483429909,0.5078537504374981,0.4472062483429909,100000,0.5080974102020264,16.112780570983887
Deformable-3DGS (Yang et al.),Deformable-3DGS,bouncingballs,iterations,bouncingballs_iters30000,False,0,1000,1000,1000,single_stage,35.154767990112305,51.26754856109619,16.112780570983887,10.33454875946045,0.7535011976957321,0.25914296731352804,0.13994373045861722,0.16125474482774735,0.13994373045861722,12665,0.02166896127164364,3.8140242099761963
Deformable-3DGS (Yang et al.),Deformable-3DGS,bouncingballs,iterations,bouncingballs_iters30000,False,0,2000,2000,2000,single_stage,59.47973656654358,79.40654134750366,19.926804780960083,9.648579549789428,0.7412439197301864,0.26446491703391073,0.15272246450185775,0.1739291876554489,0.15272246450185775,19497,0.020328480750322342,4.051948308944702
Deformable-3DGS (Yang et al.),Deformable-3DGS,bouncingballs,iterations,bouncingballs_iters30000,False,0,3000,3000,3000,single_stage,85.44503116607666,109.42378425598145,23.978753089904785,9.404287767410278,0.7361475646495819,0.26812927722930907,0.1571609780192375,0.17849926948547365,0.1571609780192375,24391,0.17626389861106873,4.2895896434783936
Deformable-3DGS (Yang et al.),Deformable-3DGS,bouncingballs,iterations,bouncingballs_iters30000,False,0,4000,4000,4000,single_stage,146.38849353790283,174.656836271286,28.26834273338318,27.155040168762206,0.9705242335796356,0.051639199629426,0.008708489197306334,0.012861944641917953,0.008708489197306334,26050,0.011013408191502094,4.09012246131897
Deformable-3DGS (Yang et al.),Deformable-3DGS,bouncingballs,iterations,bouncingballs_iters30000,False,0,5000,5000,5000,single_stage,215.6239879131317,247.98245310783386,32.35846519470215,28.74664888381958,0.976328045129776,0.04157571997493505,0.006700389739125967,0.010094702765345576,0.006700389739125967,35936,0.008313476108014584,4.18593692779541
Deformable-3DGS (Yang et al.),Deformable-3DGS,bouncingballs,iterations,bouncingballs_iters30000,False,0,6000,6000,6000,single_stage,295.6453356742859,332.18973779678345,36.54440212249756,29.866626739501953,0.9798451513051987,0.033912711404263975,0.0057211773004382845,0.008607911579310894,0.0057211773004382845,44310,0.008559120818972588,4.307781934738159
Deformable-3DGS (Yang et al.),Deformable-3DGS,bouncingballs,iterations,bouncingballs_iters30000,False,0,7000,7000,7000,single_stage,386.9606947898865,427.8128788471222,40.85218405723572,29.985965538024903,0.9803096741437912,0.03175837909802794,0.005462159123271704,0.008307792469859118,0.005462159123271704,48481,0.008183189667761326,4.351083517074585
Deformable-3DGS (Yang et al.),Deformable-3DGS,bouncingballs,iterations,bouncingballs_iters30000,False,0,8000,8000,8000,single_stage,483.75910115242004,528.9623687267303,45.2032675743103,32.42617769241333,0.9865924119949341,0.025111132487654685,0.004288326052483171,0.0061121784429997205,0.004288326052483171,54386,0.005133935250341892,4.42225456237793
Deformable-3DGS (Yang et al.),Deformable-3DGS,bouncingballs,iterations,bouncingballs_iters30000,False,0,9000,9000,9000,single_stage,587.2060058116913,636.8315279483795,49.62552213668823,33.23129444122314,0.9889973521232605,0.020925871888175608,0.0036816011532209815,0.005145810497924695,0.0036816011532209815,58826,0.00553987268358469,4.48272180557251
Deformable-3DGS (Yang et al.),Deformable-3DGS,bouncingballs,iterations,bouncingballs_iters30000,False,0,10000,10000,10000,single_stage,698.1410880088806,752.2493319511414,54.10824394226074,33.62949438095093,0.9889622360467911,0.019721263414248826,0.003670699882786721,0.005144112696871152,0.003670699882786721,60104,0.005706189200282097,4.5033628940582275
Deformable-3DGS (Yang et al.),Deformable-3DGS,bouncingballs,iterations,bouncingballs_iters30000,False,0,11000,11000,11000,single_stage,811.6706864833832,870.2822933197021,58.61160683631897,33.69491567611694,0.9902997583150863,0.01781484130769968,0.0033892018487676977,0.004651409815996895,0.0033892018487676977,63066,0.004628955852240324,4.513193368911743
Deformable-3DGS (Yang et al.),Deformable-3DGS,bouncingballs,iterations,bouncingballs_iters30000,False,0,12000,12000,12000,single_stage,928.0659823417664,991.1907825469971,63.12480020523071,35.219588088989255,0.9922401607036591,0.01511356895789504,0.0030307980719953775,0.003976606316864491,0.0030307980719953775,65152,0.0031919549219310284,4.556783437728882
Deformable-3DGS (Yang et al.),Deformable-3DGS,bouncingballs,iterations,bouncingballs_iters30000,False,0,13000,13000,13000,single_stage,1048.1320962905884,1115.813679933548,67.6815836429596,35.76432361602783,0.9922214657068252,0.01404147301800549,0.0029620588407851755,0.003925353931263094,0.0029620588407851755,64485,0.0032428987324237823,4.559695243835449
Deformable-3DGS (Yang et al.),Deformable-3DGS,bouncingballs,iterations,bouncingballs_iters30000,False,0,14000,14000,14000,single_stage,1168.6092431545258,1240.8505220413208,72.24127888679504,36.41763315200806,0.9925887137651443,0.012945631192997098,0.002853589114965871,0.0037651285389438275,0.002853589114965871,65968,0.0038485187105834484,4.551723480224609
Deformable-3DGS (Yang et al.),Deformable-3DGS,bouncingballs,iterations,bouncingballs_iters30000,False,0,15000,15000,15000,single_stage,1290.3724837303162,1367.1654860973358,76.79300236701965,36.587965965270996,0.9936979234218597,0.011589235183782876,0.002635961939813569,0.003369184867478916,0.002635961939813569,67011,0.002827369375154376,4.58440375328064
Deformable-3DGS (Yang et al.),Deformable-3DGS,bouncingballs,iterations,bouncingballs_iters30000,False,0,16000,16000,16000,single_stage,1411.4493734836578,1492.8267796039581,81.3774061203003,37.95147190093994,0.9943415433168411,0.01096227376256138,0.0025022026326041668,0.0031334534427151124,0.0025022026326041668,67011,0.0024101617746055126,4.568928956985474
Deformable-3DGS (Yang et al.),Deformable-3DGS,bouncingballs,iterations,bouncingballs_iters30000,False,0,17000,17000,17000,single_stage,1531.9868652820587,1617.9332003593445,85.94633507728577,38.698655891418454,0.9947334438562393,0.01047235878650099,0.0023985460691619666,0.002972148084081714,0.0023985460691619666,67011,0.002240055473521352,4.564671993255615
Deformable-3DGS (Yang et al.),Deformable-3DGS,bouncingballs,iterations,bouncingballs_iters30000,False,0,18000,18000,18000,single_stage,1651.7672400474548,1742.2782471179962,90.51100707054138,38.841914367675784,0.9948206603527069,0.010223895264789461,0.0023631514399312437,0.002926389081403618,0.0023631514399312437,67011,0.0018549903761595488,4.572102785110474
Deformable-3DGS (Yang et al.),Deformable-3DGS,bouncingballs,iterations,bouncingballs_iters30000,False,0,19000,19000,19000,single_stage,1770.868510723114,1865.9516205787659,95.08310985565186,39.097815704345706,0.9948537617921829,0.010050003184005618,0.0023061084502842277,0.0028741344017908068,0.0023061084502842277,67011,0.0019889716058969498,4.562419891357422
Deformable-3DGS (Yang et al.),Deformable-3DGS,bouncingballs,iterations,bouncingballs_iters30000,False,0,20000,20000,20000,single_stage,1889.6344316005707,1989.27996134758,99.64552974700928,39.66943759918213,0.9953230142593383,0.009744164207950235,0.0022077877598349004,0.0027016273560002534,0.0022077877598349004,67011,0.0024128155782818794,4.592108726501465
Deformable-3DGS (Yang et al.),Deformable-3DGS,bouncingballs,iterations,bouncingballs_iters30000,False,0,21000,21000,21000,single_stage,2008.3468687534332,2112.584507226944,104.23763847351074,40.06166362762451,0.9954824119806289,0.009562299097888171,0.0021636710735037923,0.0026344544626772494,0.0021636710735037923,67011,0.0019950703717768192,4.567819833755493
Deformable-3DGS (Yang et al.),Deformable-3DGS,bouncingballs,iterations,bouncingballs_iters30000,False,0,22000,22000,22000,single_stage,2125.95449590683,2234.759954214096,108.80545830726624,39.88375282287598,0.9954941004514695,0.009451170987449586,0.0021695527073461564,0.002636822075583032,0.0021695527073461564,67011,0.001827506348490715,4.563993215560913
Deformable-3DGS (Yang et al.),Deformable-3DGS,bouncingballs,iterations,bouncingballs_iters30000,False,0,23000,23000,23000,single_stage,2243.1676416397095,2356.5370931625366,113.36945152282715,40.18099403381348,0.995541101694107,0.009490159736014903,0.0021543862123508005,0.002615288631059234,0.0021543862123508005,67011,0.001750395749695599,4.565672159194946
Deformable-3DGS (Yang et al.),Deformable-3DGS,bouncingballs,iterations,bouncingballs_iters30000,False,0,24000,24000,24000,single_stage,2360.109245300293,2478.044368982315,117.9351236820221,40.43876132965088,0.9956541329622268,0.009372116951271891,0.002112931676674634,0.0025595187488943426,0.002112931676674634,67011,0.0011948987375944853,4.566043138504028
Deformable-3DGS (Yang et al.),Deformable-3DGS,bouncingballs,iterations,bouncingballs_iters30000,False,0,25000,25000,25000,single_stage,2476.702511072159,2599.203677892685,122.50116682052612,40.235412406921384,0.995601338148117,0.00928524227347225,0.002148399775614962,0.0025984521908685655,0.002148399775614962,67011,0.0022309203632175922,4.567884683609009
Deformable-3DGS (Yang et al.),Deformable-3DGS,bouncingballs,iterations,bouncingballs_iters30000,False,0,26000,26000,26000,single_stage,2592.864698410034,2719.9337499141693,127.06905150413513,40.21637191772461,0.9955490708351136,0.009376300335861742,0.0021223538380581884,0.002588068903423837,0.0021223538380581884,67011,0.002769275102764368,4.536690950393677
Deformable-3DGS (Yang et al.),Deformable-3DGS,bouncingballs,iterations,bouncingballs_iters30000,False,0,27000,27000,27000,single_stage,2708.7402386665344,2840.3459811210632,131.6057424545288,40.57273540496826,0.9956500738859176,0.009222441888414323,0.0021149431588128207,0.0025619397498667282,0.0021149431588128207,67011,0.0015919385477900505,4.558421850204468
Deformable-3DGS (Yang et al.),Deformable-3DGS,bouncingballs,iterations,bouncingballs_iters30000,False,0,28000,28000,28000,single_stage,2824.310201883316,2960.4743661880493,136.16416430473328,40.65760498046875,0.9957077860832214,0.009116647462360562,0.002103211428038776,0.002541011925786738,0.002103211428038776,67011,0.002134842798113823,4.555398464202881
Deformable-3DGS (Yang et al.),Deformable-3DGS,bouncingballs,iterations,bouncingballs_iters30000,False,0,29000,29000,29000,single_stage,2939.813441991806,3080.533004760742,140.71956276893616,40.64630527496338,0.9957667112350463,0.009051463194191455,0.0020631009130738674,0.0024971384834498256,0.0020631009130738674,67011,0.001196468947455287,4.582370281219482
Deformable-3DGS (Yang et al.),Deformable-3DGS,bouncingballs,iterations,bouncingballs_iters30000,False,0,30000,30000,30000,single_stage,3055.3847041130066,3200.6866371631622,145.30193305015564,40.6409517288208,0.9957213282585144,0.008993759844452142,0.0020696708001196385,0.002511470988392821,0.0020696708001196385,67011,0.0014572074869647622,4.538240909576416
Deformable-3DGS (Yang et al.),Deformable-3DGS,bouncingballs,target_eval_loss,bouncingballs_loss0p005083,False,0,1,1,1,single_stage,7.152557373046875e-06,7.152557373046875e-06,0.0,6.737917876243591,0.24955624118447303,0.25865606144070624,0.4472062483429909,0.5078537504374981,0.4472062483429909,100000,0.5080974102020264,13.598036050796509
Deformable-3DGS (Yang et al.),Deformable-3DGS,bouncingballs,target_eval_loss,bouncingballs_loss0p005083,False,0,804,804,804,single_stage,30.002639770507812,43.61068558692932,13.608045816421509,10.359698629379272,0.7515119642019272,0.2701655201613903,0.1395923610776663,0.16137149602174758,0.1395923610776663,11572,0.0329129621386528,3.787111759185791
Deformable-3DGS (Yang et al.),Deformable-3DGS,bouncingballs,target_eval_loss,bouncingballs_loss0p005083,False,0,2037,2037,2037,single_stage,60.02019762992859,77.42886805534363,17.40867042541504,9.611348581314086,0.7405429899692535,0.2664149090647697,0.15332448706030846,0.17455099165439608,0.15332448706030846,20001,0.03451507166028023,4.133786201477051
Deformable-3DGS (Yang et al.),Deformable-3DGS,bouncingballs,target_eval_loss,bouncingballs_loss0p005083,False,0,3043,3043,3043,single_stage,90.05112481117249,111.60509610176086,21.55397129058838,21.867163848876952,0.930000951886177,0.10550074242055416,0.02332273437641561,0.03265799712389708,0.02332273437641561,24987,0.025967270135879517,4.364683151245117
Deformable-3DGS (Yang et al.),Deformable-3DGS,bouncingballs,target_eval_loss,bouncingballs_loss0p005083,False,0,3541,3541,3541,single_stage,120.09807896614075,146.07544469833374,25.977365732192993,24.40231809616089,0.9594242542982101,0.06920439451932907,0.013103149132803082,0.01859766844660045,0.013103149132803082,21938,0.017548520117998123,4.133857488632202
Deformable-3DGS (Yang et al.),Deformable-3DGS,bouncingballs,target_eval_loss,bouncingballs_loss0p005083,False,0,4026,4026,4026,single_stage,150.12332701683044,180.2494866847992,30.12615966796875,27.606763935089113,0.9711438924074173,0.05354525316506624,0.008424790599383414,0.012511053998023276,0.008424790599383414,26838,0.0112990727648139,4.23499059677124
Deformable-3DGS (Yang et al.),Deformable-3DGS,bouncingballs,target_eval_loss,bouncingballs_loss0p005083,False,0,4469,4469,4469,single_stage,180.15512037277222,214.5278835296631,34.37276315689087,28.764309310913085,0.9758918642997741,0.04314145185053349,0.007033287594094872,0.010448257215321069,0.007033287594094872,30660,0.010007684119045734,4.257997751235962
Deformable-3DGS (Yang et al.),Deformable-3DGS,bouncingballs,target_eval_loss,bouncingballs_loss0p005083,False,0,4882,4882,4882,single_stage,210.18252897262573,248.8278579711914,38.645328998565674,29.92958402633667,0.9796528905630112,0.03879488846287131,0.006038706796243787,0.008900387324392793,0.006038706796243787,34351,0.007344339974224567,4.29950213432312
Deformable-3DGS (Yang et al.),Deformable-3DGS,bouncingballs,target_eval_loss,bouncingballs_loss0p005083,False,0,5268,5268,5268,single_stage,240.2385892868042,283.20046734809875,42.961878061294556,31.255002307891846,0.9823105901479721,0.0340065561234951,0.005417698901146651,0.007872041091322909,0.005417698901146651,37942,0.006163487676531076,4.359062433242798
Deformable-3DGS (Yang et al.),Deformable-3DGS,bouncingballs,target_eval_loss,bouncingballs_loss0p005083,False,0,5636,5636,5636,single_stage,270.238783121109,317.5725190639496,47.333735942840576,32.14067888259888,0.9846430271863937,0.030790695734322072,0.0047785414848476645,0.006894227750599384,0.0047785414848476645,41239,0.005445144139230251,4.392487049102783
Deformable-3DGS (Yang et al.),Deformable-3DGS,bouncingballs,target_eval_loss,bouncingballs_loss0p005083,False,0,5991,5991,5991,single_stage,300.2661392688751,352.00610637664795,51.73996710777283,31.42466297149658,0.9844507604837418,0.027333145961165428,0.0047838018042966725,0.006936889346688978,0.0047838018042966725,43521,0.005034193396568298,4.4144721031188965
Deformable-3DGS (Yang et al.),Deformable-3DGS,hellwarrior,iterations,hellwarrior_iters30000,False,0,1,1,1,single_stage,6.67572021484375e-06,6.67572021484375e-06,0.0,6.411832928657532,0.04948490997776389,0.1934765674173832,0.4719103381037712,0.5676312884874641,0.4719103381037712,100000,0.5589163899421692,6.560815095901489
Deformable-3DGS (Yang et al.),Deformable-3DGS,hellwarrior,iterations,hellwarrior_iters30000,False,0,1000,1000,1000,single_stage,26.96124291419983,33.532060623168945,6.570817708969116,26.117716312408447,0.8909879744052887,0.1212722271680832,0.01647835043258965,0.03498508546501399,0.01647835043258965,2290,0.027802307158708572,3.5094568729400635
Deformable-3DGS (Yang et al.),Deformable-3DGS,hellwarrior,iterations,hellwarrior_iters30000,False,0,2000,2000,2000,single_stage,43.76393222808838,53.85676383972168,10.0928316116333,24.714314460754395,0.883105781674385,0.12502610199153424,0.020214520767331122,0.0395504602789879,0.020214520767331122,4740,0.019719984382390976,3.6788783073425293
Deformable-3DGS (Yang et al.),Deformable-3DGS,hellwarrior,iterations,hellwarrior_iters30000,False,0,3000,3000,3000,single_stage,61.50534796714783,75.29921197891235,13.793864011764526,25.211755657196044,0.8819811701774597,0.12769808769226074,0.019425770547240973,0.039144382402300844,0.019425770547240973,6499,0.03798065707087517,3.8757829666137695
Deformable-3DGS (Yang et al.),Deformable-3DGS,hellwarrior,iterations,hellwarrior_iters30000,False,0,4000,4000,4000,single_stage,88.45870351791382,106.1402428150177,17.681539297103882,32.49964590072632,0.9459122061729431,0.09885070510208607,0.00566684624645859,0.015351035762578246,0.00566684624645859,6311,0.018589727580547333,3.9982378482818604
Deformable-3DGS (Yang et al.),Deformable-3DGS,hellwarrior,iterations,hellwarrior_iters30000,False,0,5000,5000,5000,single_stage,119.22195243835449,140.91524815559387,21.69329571723938,34.23507642745972,0.9564084619283676,0.0832710662856698,0.004479903634637595,0.012302230522036557,0.004479903634637595,9848,0.01349194347858429,3.864638328552246
Deformable-3DGS (Yang et al.),Deformable-3DGS,hellwarrior,iterations,hellwarrior_iters30000,False,0,6000,6000,6000,single_stage,154.36540913581848,179.93594026565552,25.570531129837036,35.96154384613037,0.9653917372226715,0.0713257409632206,0.0035836789407767355,0.009788595708087097,0.0035836789407767355,12882,0.007317173294723034,3.9779672622680664
Deformable-3DGS (Yang et al.),Deformable-3DGS,hellwarrior,iterations,hellwarrior_iters30000,False,0,7000,7000,7000,single_stage,191.63478565216064,221.19781637191772,29.56303071975708,36.48670349121094,0.9682607024908065,0.0636229207739234,0.0032906831125728785,0.008980405991896995,0.0032906831125728785,13891,0.01030273362994194,3.9865665435791016
Deformable-3DGS (Yang et al.),Deformable-3DGS,hellwarrior,iterations,hellwarrior_iters30000,False,0,8000,8000,8000,single_stage,231.05829668045044,264.6223211288452,33.564024448394775,37.19952335357666,0.9717391222715378,0.05679784510284662,0.002976914111059159,0.008033706834539767,0.002976914111059159,15427,0.006598719395697117,4.005330562591553
Deformable-3DGS (Yang et al.),Deformable-3DGS,hellwarrior,iterations,hellwarrior_iters30000,False,0,9000,9000,9000,single_stage,271.7099826335907,309.2942545413971,37.5842719078064,37.1302131652832,0.9721197724342346,0.053655635379254815,0.002933245769236237,0.007922642128542061,0.002933245769236237,16445,0.007234544493257999,3.9903359413146973
Deformable-3DGS (Yang et al.),Deformable-3DGS,hellwarrior,iterations,hellwarrior_iters30000,False,0,10000,10000,10000,single_stage,312.43491291999817,354.02215576171875,41.58724284172058,38.221886444091794,0.9766648024320602,0.0482683839276433,0.002609940979164094,0.006754992296919232,0.002609940979164094,16543,0.006948851048946381,3.999671220779419
Deformable-3DGS (Yang et al.),Deformable-3DGS,hellwarrior,iterations,hellwarrior_iters30000,False,0,11000,11000,11000,single_stage,353.4128580093384,399.0241894721985,45.61133146286011,38.77690315246582,0.97914859354496,0.0435984062962234,0.0024256522767245768,0.006110803112387667,0.0024256522767245768,17120,0.005010662134736776,4.019769906997681
Deformable-3DGS (Yang et al.),Deformable-3DGS,hellwarrior,iterations,hellwarrior_iters30000,False,0,12000,12000,12000,single_stage,394.7692279815674,444.4134376049042,49.64420962333679,38.88389339447021,0.9793474018573761,0.04212184865027666,0.0024143758811987935,0.0060620203334838104,0.0024143758811987935,17524,0.005444689653813839,3.9978692531585693
Deformable-3DGS (Yang et al.),Deformable-3DGS,hellwarrior,iterations,hellwarrior_iters30000,False,0,13000,13000,13000,single_stage,436.0077805519104,489.66294050216675,53.65515995025635,39.46264362335205,0.9813726782798767,0.03887756802141666,0.0022565180261153728,0.005530678764916952,0.0022565180261153728,17423,0.004307992290705442,4.019582748413086
Deformable-3DGS (Yang et al.),Deformable-3DGS,hellwarrior,iterations,hellwarrior_iters30000,False,0,14000,14000,14000,single_stage,477.2985129356384,534.9856173992157,57.68710446357727,39.86797122955322,0.9829152911901474,0.036622654926031825,0.0021669880370609462,0.005150532191619273,0.0021669880370609462,17605,0.0027133426629006863,4.0169689655303955
Deformable-3DGS (Yang et al.),Deformable-3DGS,hellwarrior,iterations,hellwarrior_iters30000,False,0,15000,15000,15000,single_stage,518.9539823532104,580.6726830005646,61.718700647354126,39.92760524749756,0.9832789689302445,0.035093897767364976,0.0021431254863273352,0.005058706603012975,0.0021431254863273352,17723,0.00290933670476079,4.0153820514678955
Deformable-3DGS (Yang et al.),Deformable-3DGS,hellwarrior,iterations,hellwarrior_iters30000,False,0,16000,16000,16000,single_stage,560.3413164615631,626.0891118049622,65.74779534339905,40.2279972076416,0.9839510768651962,0.033559925947338344,0.002068633248563856,0.004864691225811839,0.002068633248563856,17723,0.0029096719808876514,4.007498502731323
Deformable-3DGS (Yang et al.),Deformable-3DGS,hellwarrior,iterations,hellwarrior_iters30000,False,0,17000,17000,17000,single_stage,601.4885396957397,671.2582731246948,69.76973342895508,40.37938537597656,0.984309634566307,0.03236829144880175,0.0020445556670892983,0.00477371762041003,0.0020445556670892983,17723,0.002351924544200301,4.0001890659332275
Deformable-3DGS (Yang et al.),Deformable-3DGS,hellwarrior,iterations,hellwarrior_iters30000,False,0,18000,18000,18000,single_stage,642.4121901988983,716.2046349048615,73.79244470596313,40.451680755615236,0.9849385380744934,0.03144401097670198,0.0020114356360863895,0.004621440893970435,0.0020114356360863895,17723,0.0026541254483163357,3.982067823410034
Deformable-3DGS (Yang et al.),Deformable-3DGS,hellwarrior,iterations,hellwarrior_iters30000,False,0,19000,19000,19000,single_stage,683.2286987304688,761.0159265995026,77.78722786903381,40.64922523498535,0.9853388577699661,0.030607701931148767,0.001973188994452357,0.004510779641568666,0.001973188994452357,17723,0.0023491259198635817,3.97707200050354
Deformable-3DGS (Yang et al.),Deformable-3DGS,hellwarrior,iterations,hellwarrior_iters30000,False,0,20000,20000,20000,single_stage,724.1046895980835,805.8859062194824,81.78121662139893,40.64930191040039,0.9854032129049302,0.029942739475518464,0.001968062506057322,0.004493807423859826,0.001968062506057322,17723,0.0014705725479871035,3.996119737625122
Deformable-3DGS (Yang et al.),Deformable-3DGS,hellwarrior,iterations,hellwarrior_iters30000,False,0,21000,21000,21000,single_stage,765.0532691478729,850.8439722061157,85.7907030582428,40.7636100769043,0.9857965648174286,0.02937721135094762,0.001965951605234295,0.004413448320701714,0.001965951605234295,17723,0.0022805044427514076,3.998800277709961
Deformable-3DGS (Yang et al.),Deformable-3DGS,hellwarrior,iterations,hellwarrior_iters30000,False,0,22000,22000,22000,single_stage,806.0473711490631,895.8505628108978,89.80319166183472,40.817282104492186,0.9858492404222489,0.028896767925471068,0.001935782446525991,0.004378777872771021,0.001935782446525991,17723,0.0023324035573750734,3.999912977218628
Deformable-3DGS (Yang et al.),Deformable-3DGS,hellwarrior,iterations,hellwarrior_iters30000,False,0,23000,23000,23000,single_stage,846.9112229347229,940.7300477027893,93.8188247680664,40.87876720428467,0.9859010368585587,0.028552696527913212,0.0019290717726107686,0.00436305004637688,0.0019290717726107686,17723,0.001652480335906148,3.997426748275757
Deformable-3DGS (Yang et al.),Deformable-3DGS,hellwarrior,iterations,hellwarrior_iters30000,False,0,24000,24000,24000,single_stage,887.7364904880524,985.5698039531708,97.83331346511841,40.8890604019165,0.9860051512718201,0.02811450595036149,0.0019242947688326239,0.004338405560702081,0.0019242947688326239,17723,0.00229058600962162,3.9957711696624756
Deformable-3DGS (Yang et al.),Deformable-3DGS,hellwarrior,iterations,hellwarrior_iters30000,False,0,25000,25000,25000,single_stage,928.4796209335327,1030.328087568283,101.84846663475037,40.93561611175537,0.9861474305391311,0.02794110928662121,0.0019141347846016287,0.004301821719855079,0.0019141347846016287,17723,0.002772525418549776,3.982790946960449
Deformable-3DGS (Yang et al.),Deformable-3DGS,hellwarrior,iterations,hellwarrior_iters30000,False,0,26000,26000,26000,single_stage,969.3365063667297,1075.1826961040497,105.84618973731995,40.99497814178467,0.9862128138542176,0.02771104550920427,0.0019003608904313296,0.004277725941501553,0.0019003608904313296,17723,0.002221113769337535,3.979039192199707
Deformable-3DGS (Yang et al.),Deformable-3DGS,hellwarrior,iterations,hellwarrior_iters30000,False,0,27000,27000,27000,single_stage,1010.096476316452,1119.9359769821167,109.83950066566467,40.97426338195801,0.9862314134836196,0.027562197297811508,0.001909333746880293,0.0042811843007803056,0.001909333746880293,17723,0.0012479701545089483,3.9773495197296143
Deformable-3DGS (Yang et al.),Deformable-3DGS,hellwarrior,iterations,hellwarrior_iters30000,False,0,28000,28000,28000,single_stage,1050.8654115200043,1164.6956615447998,113.83025002479553,41.01391544342041,0.9863335460424423,0.02732632658444345,0.001901252323295921,0.004254292650148282,0.001901252323295921,17723,0.00179438223131001,3.979729413986206
Deformable-3DGS (Yang et al.),Deformable-3DGS,hellwarrior,iterations,hellwarrior_iters30000,False,0,29000,29000,29000,single_stage,1091.7201035022736,1209.546886920929,117.8267834186554,41.06780471801758,0.9863709717988968,0.027146460860967635,0.0018942582595627756,0.004241212247870867,0.0018942582595627756,17723,0.0020049794111400843,4.006053924560547
Deformable-3DGS (Yang et al.),Deformable-3DGS,hellwarrior,iterations,hellwarrior_iters30000,False,0,30000,30000,30000,single_stage,1132.601886510849,1254.448972940445,121.84708642959595,41.03799552917481,0.9863467425107956,0.027048795437440275,0.0018999871448613704,0.004250641213729983,0.0018999871448613704,17723,0.0022894516587257385,4.013397216796875
Deformable-3DGS (Yang et al.),Deformable-3DGS,hellwarrior,target_eval_loss,hellwarrior_loss0p005358,False,0,1,1,1,single_stage,5.7220458984375e-06,5.7220458984375e-06,0.0,6.411832928657532,0.04948490997776389,0.1934765674173832,0.4719103381037712,0.5676312884874641,0.4719103381037712,100000,0.5589163899421692,7.099393844604492
Deformable-3DGS (Yang et al.),Deformable-3DGS,hellwarrior,target_eval_loss,hellwarrior_loss0p005358,False,0,1000,1000,1000,single_stage,30.010955572128296,37.120500326156616,7.10954475402832,25.99230823516846,0.8900955349206925,0.12166133671998977,0.016834511794149874,0.035448502451181405,0.016834511794149874,2264,0.028180431574583054,3.966442108154297
Deformable-3DGS (Yang et al.),Deformable-3DGS,hellwarrior,target_eval_loss,hellwarrior_loss0p005358,False,0,2684,2684,2684,single_stage,60.01121664047241,71.10005116462708,11.088834524154663,25.032160472869872,0.8811048418283463,0.12698001228272915,0.019770546024665235,0.039595468454062935,0.019770546024665235,5927,0.019019313156604767,3.9207944869995117
Deformable-3DGS (Yang et al.),Deformable-3DGS,hellwarrior,target_eval_loss,hellwarrior_loss0p005358,False,0,3909,3909,3909,single_stage,90.01536011695862,105.03618264198303,15.020822525024414,32.36929368972778,0.9454751253128052,0.09982176311314106,0.005757736042141914,0.015511163771152494,0.005757736042141914,6267,0.013893483206629753,3.956059217453003
Deformable-3DGS (Yang et al.),Deformable-3DGS,hellwarrior,target_eval_loss,hellwarrior_loss0p005358,False,0,4887,4887,4887,single_stage,120.01931071281433,139.009024143219,18.989713430404663,34.423896408081056,0.9579458683729172,0.08507145345211028,0.004350359051022679,0.011891113566234708,0.004350359051022679,9454,0.012611531652510166,3.975529193878174
Deformable-3DGS (Yang et al.),Deformable-3DGS,hellwarrior,target_eval_loss,hellwarrior_loss0p005358,False,0,5753,5753,5753,single_stage,150.0553605556488,173.0327591896057,22.97739863395691,35.054840660095216,0.9607116341590881,0.07710561007261277,0.00401893318630755,0.011072819717228418,0.00401893318630755,12246,0.009222562424838543,3.988846778869629
Deformable-3DGS (Yang et al.),Deformable-3DGS,hook,iterations,hook_iters30000,False,0,1,1,1,single_stage,4.5299530029296875e-06,4.5299530029296875e-06,0.0,6.55848262310028,0.048919669538736346,0.19729868993163108,0.4575162544846535,0.5562290696799755,0.4575162544846535,100000,0.5328293442726135,6.963499546051025
Deformable-3DGS (Yang et al.),Deformable-3DGS,hook,iterations,hook_iters30000,False,0,1000,1000,1000,single_stage,32.41089463233948,39.38463616371155,6.97374153137207,18.882826805114746,0.8244227737188339,0.15630992799997329,0.04154942035675049,0.06835498154163361,0.04154942035675049,6219,0.05440114811062813,4.060000896453857
Deformable-3DGS (Yang et al.),Deformable-3DGS,hook,iterations,hook_iters30000,False,0,2000,2000,2000,single_stage,53.29838848114014,64.3452935218811,11.046905040740967,18.178778553009032,0.8081290155649186,0.1648290805518627,0.04623149801045656,0.07535939529538155,0.04623149801045656,12019,0.054971203207969666,3.936309576034546
Deformable-3DGS (Yang et al.),Deformable-3DGS,hook,iterations,hook_iters30000,False,0,3000,3000,3000,single_stage,74.7550802230835,89.79768896102905,15.042608737945557,17.83095359802246,0.7955709844827652,0.17090613320469855,0.04949990753084421,0.08048572912812234,0.04949990753084421,16947,0.084437794983387,4.019155502319336
Deformable-3DGS (Yang et al.),Deformable-3DGS,hook,iterations,hook_iters30000,False,0,4000,4000,4000,single_stage,116.232830286026,135.30783796310425,19.075007677078247,25.730244827270507,0.9228644847869873,0.08800181224942208,0.013205823674798011,0.02599176198244094,0.013205823674798011,20397,0.01485595852136612,4.067109107971191
Deformable-3DGS (Yang et al.),Deformable-3DGS,hook,iterations,hook_iters30000,False,0,5000,5000,5000,single_stage,170.27724623680115,193.43239545822144,23.155149221420288,27.97659044265747,0.938197460770607,0.07264617327600717,0.00923661219421774,0.019749797601252804,0.00923661219421774,30824,0.021352672949433327,4.124150276184082
Deformable-3DGS (Yang et al.),Deformable-3DGS,hook,iterations,hook_iters30000,False,0,6000,6000,6000,single_stage,236.06071877479553,263.35843110084534,27.297712326049805,28.56918869018555,0.9438351452350616,0.06377819906920194,0.00849998921621591,0.018032962325960404,0.00849998921621591,39765,0.01770242303609848,4.217562675476074
Deformable-3DGS (Yang et al.),Deformable-3DGS,hook,iterations,hook_iters30000,False,0,7000,7000,7000,single_stage,310.3978581428528,341.9265367984772,31.52867865562439,29.166939449310302,0.9511623948812484,0.05385311972349882,0.007875635381788015,0.01606802932918073,0.007875635381788015,45273,0.026083432137966156,4.322244644165039
Deformable-3DGS (Yang et al.),Deformable-3DGS,hook,iterations,hook_iters30000,False,0,8000,8000,8000,single_stage,392.83022022247314,428.6991431713104,35.86892294883728,31.51783971786499,0.9637472748756408,0.04358897050842643,0.005789561092387885,0.011882193898782143,0.005789561092387885,51711,0.012539228424429893,4.356169700622559
Deformable-3DGS (Yang et al.),Deformable-3DGS,hook,iterations,hook_iters30000,False,0,9000,9000,9000,single_stage,482.1564679145813,522.3953042030334,40.23883628845215,28.337076950073243,0.9438904374837875,0.0483109638094902,0.009058135026134551,0.018468420524150136,0.009058135026134551,56552,0.005333460867404938,4.41551399230957
Deformable-3DGS (Yang et al.),Deformable-3DGS,hook,iterations,hook_iters30000,False,0,10000,10000,10000,single_stage,573.4645245075226,618.1333539485931,44.66882944107056,31.737938690185548,0.9663836419582367,0.03778187669813633,0.00542663965607062,0.011064583333209163,0.00542663965607062,56402,0.013770569115877151,4.434217929840088
Deformable-3DGS (Yang et al.),Deformable-3DGS,hook,iterations,hook_iters30000,False,0,11000,11000,11000,single_stage,668.2137589454651,717.3319802284241,49.118221282958984,32.16525220870972,0.9691652834415436,0.03445834424346685,0.0052057765075005594,0.010331564517691724,0.0052057765075005594,58967,0.012113627046346664,4.4800865650177
Deformable-3DGS (Yang et al.),Deformable-3DGS,hook,iterations,hook_iters30000,False,0,12000,12000,12000,single_stage,765.7907836437225,819.4026544094086,53.611870765686035,32.02213306427002,0.9672552615404129,0.03186253570020199,0.005308680678717792,0.010795892234891663,0.005308680678717792,60709,0.013330671936273575,4.492763042449951
Deformable-3DGS (Yang et al.),Deformable-3DGS,hook,iterations,hook_iters30000,False,0,13000,13000,13000,single_stage,862.936336517334,921.054233789444,58.117897272109985,32.48935165405273,0.9699043989181518,0.029642885085195303,0.005047744396142662,0.010057315733283764,0.005047744396142662,59464,0.006278009153902531,4.476064682006836
Deformable-3DGS (Yang et al.),Deformable-3DGS,hook,iterations,hook_iters30000,False,0,14000,14000,14000,single_stage,961.086412191391,1023.695574760437,62.60916256904602,34.24928178787231,0.9776116192340851,0.025986133981496094,0.004115138831548393,0.007769787218421689,0.004115138831548393,60506,0.006921608932316303,4.462058782577515
Deformable-3DGS (Yang et al.),Deformable-3DGS,hook,iterations,hook_iters30000,False,0,15000,15000,15000,single_stage,1060.2945506572723,1127.3791706562042,67.08461999893188,34.31326551437378,0.977999997138977,0.024842806905508042,0.004073529213201255,0.007658823942765603,0.004073529213201255,61053,0.0034355532843619585,4.470229625701904
Deformable-3DGS (Yang et al.),Deformable-3DGS,hook,iterations,hook_iters30000,False,0,16000,16000,16000,single_stage,1159.212023973465,1230.7809553146362,71.56893134117126,35.1422981262207,0.9810519456863404,0.02282672612927854,0.003714286966715008,0.006761040436103936,0.003714286966715008,61053,0.003978244960308075,4.476932525634766
Deformable-3DGS (Yang et al.),Deformable-3DGS,hook,iterations,hook_iters30000,False,0,17000,17000,17000,single_stage,1258.4513025283813,1334.5178859233856,76.06658339500427,34.86583633422852,0.9799942195415496,0.02213585781864822,0.003859525977168232,0.007088776873424659,0.003859525977168232,61053,0.006121546030044556,4.4875593185424805
Deformable-3DGS (Yang et al.),Deformable-3DGS,hook,iterations,hook_iters30000,False,0,18000,18000,18000,single_stage,1357.8688254356384,1438.4381890296936,80.56936359405518,35.491147136688234,0.9820718199014664,0.021027400670573116,0.00357566480524838,0.006446167863905421,0.00357566480524838,61053,0.00842769630253315,4.478213787078857
Deformable-3DGS (Yang et al.),Deformable-3DGS,hook,iterations,hook_iters30000,False,0,19000,19000,19000,single_stage,1457.2279539108276,1542.2902002334595,85.06224632263184,35.622787952423096,0.9821334183216095,0.02046447484754026,0.003539162711240351,0.006404646504670382,0.003539162711240351,61053,0.002925158478319645,4.49554443359375
Deformable-3DGS (Yang et al.),Deformable-3DGS,hook,iterations,hook_iters30000,False,0,20000,20000,20000,single_stage,1556.2848498821259,1645.85768866539,89.57283878326416,35.949565982818605,0.983481764793396,0.01959430370479822,0.0033765184809453784,0.006004861826077104,0.0033765184809453784,61053,0.004483826458454132,4.488626480102539
Deformable-3DGS (Yang et al.),Deformable-3DGS,hook,iterations,hook_iters30000,False,0,21000,21000,21000,single_stage,1654.9007019996643,1748.9757981300354,94.0750961303711,35.76849803924561,0.9828069657087326,0.019428984122350813,0.0034731326333712785,0.006217112964950502,0.0034731326333712785,61053,0.0053813764825463295,4.4627721309661865
Deformable-3DGS (Yang et al.),Deformable-3DGS,hook,iterations,hook_iters30000,False,0,22000,22000,22000,single_stage,1753.5540001392365,1852.1093487739563,98.55534863471985,36.25620088577271,0.9841091632843018,0.018819940090179444,0.0032960079901386053,0.005814973735250533,0.0032960079901386053,61053,0.0031169303692877293,4.471146583557129
Deformable-3DGS (Yang et al.),Deformable-3DGS,hook,iterations,hook_iters30000,False,0,23000,23000,23000,single_stage,1852.1673448085785,1955.209645986557,103.04230117797852,35.75742616653442,0.982796648144722,0.018771538976579905,0.0034787564538419245,0.006223675534129138,0.0034787564538419245,61053,0.0029552525375038385,4.474457740783691
Deformable-3DGS (Yang et al.),Deformable-3DGS,hook,iterations,hook_iters30000,False,0,24000,24000,24000,single_stage,1951.4652571678162,2058.9961156845093,107.53085851669312,36.415510940551755,0.9845141798257828,0.018201151676476002,0.0032343504542950543,0.00568464439827948,0.0032343504542950543,61053,0.002785254502668977,4.458258628845215
Deformable-3DGS (Yang et al.),Deformable-3DGS,hook,iterations,hook_iters30000,False,0,25000,25000,25000,single_stage,2050.485179901123,2162.4879047870636,112.00272488594055,36.54532089233398,0.9846769213676453,0.017866955045610665,0.003200888505671173,0.005625326531007882,0.003200888505671173,61053,0.0036266630049794912,4.468618631362915
Deformable-3DGS (Yang et al.),Deformable-3DGS,hook,iterations,hook_iters30000,False,0,26000,26000,26000,single_stage,2149.7627420425415,2266.249894618988,116.48715257644653,36.439389610290526,0.9845564007759094,0.01787381446920335,0.003215088223805651,0.005660790423862632,0.003215088223805651,61053,0.0029012730810791254,4.488281965255737
Deformable-3DGS (Yang et al.),Deformable-3DGS,hook,iterations,hook_iters30000,False,0,27000,27000,27000,single_stage,2248.7321257591248,2369.730293035507,120.99816727638245,36.49200649261475,0.9844350636005401,0.017714435467496514,0.0032142684562131763,0.005684402044862518,0.0032142684562131763,61053,0.002845544833689928,4.466449022293091
Deformable-3DGS (Yang et al.),Deformable-3DGS,hook,iterations,hook_iters30000,False,0,28000,28000,28000,single_stage,2347.359231233597,2472.8368957042694,125.47766447067261,36.76893892288208,0.9851716995239258,0.01740764775313437,0.0031197622301988304,0.005461469879373904,0.0031197622301988304,61053,0.00227625435218215,4.474999666213989
Deformable-3DGS (Yang et al.),Deformable-3DGS,hook,iterations,hook_iters30000,False,0,29000,29000,29000,single_stage,2445.9260470867157,2575.89284491539,129.96679782867432,36.76173963546753,0.9851732403039932,0.017273588106036186,0.0031255949870683253,0.005465827928856016,0.0031255949870683253,61053,0.0020310869440436363,4.4713053703308105
Deformable-3DGS (Yang et al.),Deformable-3DGS,hook,iterations,hook_iters30000,False,0,30000,30000,30000,single_stage,2544.635057449341,2679.0876145362854,134.45255708694458,36.7601357460022,0.985181137919426,0.017201113887131213,0.003136735799489543,0.005473161055706442,0.003136735799489543,61053,0.0023709237575531006,4.498114109039307
Deformable-3DGS (Yang et al.),Deformable-3DGS,hook,target_eval_loss,hook_loss0p006253,False,0,1,1,1,single_stage,6.67572021484375e-06,6.67572021484375e-06,0.0,6.55848262310028,0.048919669538736346,0.19729868993163108,0.4575162544846535,0.5562290696799755,0.4575162544846535,100000,0.5328293442726135,6.883698225021362
Deformable-3DGS (Yang et al.),Deformable-3DGS,hook,target_eval_loss,hook_loss0p006253,False,0,881,881,881,single_stage,30.003053188323975,36.89676642417908,6.8937132358551025,18.9582670211792,0.827630665898323,0.15427368134260178,0.04069834230467677,0.06703254066407681,0.04069834230467677,5546,0.040880464017391205,4.041285991668701
Deformable-3DGS (Yang et al.),Deformable-3DGS,hook,target_eval_loss,hook_loss0p006253,False,0,2317,2317,2317,single_stage,60.009034633636475,70.95694303512573,10.947908401489258,17.967056465148925,0.8022814780473709,0.16798340082168578,0.047982148826122284,0.07792942345142365,0.047982148826122284,13937,0.039607349783182144,4.04511284828186
Deformable-3DGS (Yang et al.),Deformable-3DGS,hook,target_eval_loss,hook_loss0p006253,False,0,3369,3369,3369,single_stage,90.0189790725708,105.02566361427307,15.00668454170227,24.466620349884032,0.9162956893444061,0.10004794336855412,0.014947596471756697,0.028698939308524143,0.014947596471756697,13700,0.035569384694099426,4.036367416381836
Deformable-3DGS (Yang et al.),Deformable-3DGS,hook,target_eval_loss,hook_loss0p006253,False,0,4065,4065,4065,single_stage,120.05291843414307,139.10815858840942,19.055240154266357,26.431095600128174,0.9272191435098648,0.08408930636942387,0.011754300771281123,0.023959611915051943,0.011754300771281123,21440,0.017731649801135063,4.099172830581665
Deformable-3DGS (Yang et al.),Deformable-3DGS,hook,target_eval_loss,hook_loss0p006253,False,0,4644,4644,4644,single_stage,150.0630009174347,173.23571157455444,23.17271065711975,26.783502292633056,0.9292806684970856,0.07797826193273068,0.011057545384392142,0.0229899026080966,0.011057545384392142,27682,0.028966009616851807,4.156661748886108
Deformable-3DGS (Yang et al.),Deformable-3DGS,hook,target_eval_loss,hook_loss0p006253,False,0,5153,5153,5153,single_stage,180.0868535041809,207.42820167541504,27.34134817123413,27.396699810028075,0.9381795406341553,0.07001282554119825,0.009880511299706995,0.020268500912934535,0.009880511299706995,32719,0.0221647247672081,4.226016998291016
Deformable-3DGS (Yang et al.),Deformable-3DGS,hook,target_eval_loss,hook_loss0p006253,False,0,5618,5618,5618,single_stage,210.13176679611206,241.7127285003662,31.58096170425415,28.47386589050293,0.9427676022052764,0.06548411007970571,0.008502851752564312,0.01824876096099616,0.008502851752564312,37305,0.013071352615952492,4.279636859893799
Deformable-3DGS (Yang et al.),Deformable-3DGS,hook,target_eval_loss,hook_loss0p006253,False,0,6046,6046,6046,single_stage,240.20128297805786,276.07500553131104,35.873722553253174,29.264158916473388,0.9478174686431885,0.06522723343223333,0.007883505243808032,0.01674331046640873,0.007883505243808032,40761,0.01487911120057106,4.3182055950164795
Deformable-3DGS (Yang et al.),Deformable-3DGS,hook,target_eval_loss,hook_loss0p006253,False,0,6456,6456,6456,single_stage,270.24289655685425,310.44851422309875,40.20561766624451,29.35505313873291,0.9497743725776673,0.058594190329313275,0.007713296660222113,0.016215762812644235,0.007713296660222113,41930,0.010257410816848278,4.355834007263184
Deformable-3DGS (Yang et al.),Deformable-3DGS,hook,target_eval_loss,hook_loss0p006253,False,0,6848,6848,6848,single_stage,300.2903678417206,344.876051902771,44.585684061050415,29.921741104125978,0.954745563864708,0.05392763260751963,0.007201746420469135,0.01481228436343371,0.007201746420469135,44960,0.01199710089713335,4.3696794509887695
Deformable-3DGS (Yang et al.),Deformable-3DGS,hook,target_eval_loss,hook_loss0p006253,False,0,7223,7223,7223,single_stage,330.3292398452759,379.2994737625122,48.97023391723633,29.807445907592772,0.9537361770868301,0.05266383066773415,0.007128377340268344,0.014955466454848652,0.007128377340268344,47723,0.012715812772512436,4.411196947097778
Deformable-3DGS (Yang et al.),Deformable-3DGS,hook,target_eval_loss,hook_loss0p006253,False,0,7588,7588,7588,single_stage,360.39574909210205,413.79137778282166,53.395628690719604,29.736347198486328,0.9538933098316192,0.05119803547859192,0.007258611102588475,0.015028226915746934,0.007258611102588475,49669,0.017131472006440163,4.422558307647705
Deformable-3DGS (Yang et al.),Deformable-3DGS,hook,target_eval_loss,hook_loss0p006253,False,0,7941,7941,7941,single_stage,390.39779710769653,448.23792338371277,57.840126276016235,31.415509510040284,0.964695593714714,0.04447998115792871,0.005723971442785114,0.011640058411285285,0.005723971442785114,52186,0.0095223942771554,4.4376490116119385
Deformable-3DGS (Yang et al.),Deformable-3DGS,hook,target_eval_loss,hook_loss0p006253,False,0,8285,8285,8285,single_stage,420.4821038246155,482.7730793952942,62.29097557067871,29.23671407699585,0.9517026782035828,0.04868809636682272,0.008091335964854807,0.01613253313116729,0.008091335964854807,53936,0.03434024006128311,4.4599244594573975
Deformable-3DGS (Yang et al.),Deformable-3DGS,hook,target_eval_loss,hook_loss0p006253,False,0,8619,8619,8619,single_stage,450.5129795074463,517.2774996757507,66.76452016830444,30.60982656478882,0.9609847575426101,0.04309536572545767,0.006549971329513937,0.01304302555508912,0.006549971329513937,55937,0.005818427540361881,4.483466386795044
Deformable-3DGS (Yang et al.),Deformable-3DGS,hook,target_eval_loss,hook_loss0p006253,False,0,8946,8946,8946,single_stage,480.59550642967224,551.8576953411102,71.26218891143799,30.42734956741333,0.9576108127832412,0.04456869345158339,0.006585424381773919,0.01374617694877089,0.006585424381773919,57365,0.010146762244403362,4.503124475479126
Deformable-3DGS (Yang et al.),Deformable-3DGS,hook,target_eval_loss,hook_loss0p006253,False,0,9269,9269,9269,single_stage,510.6235466003418,586.4018337726593,75.7782871723175,31.33856372833252,0.9639374166727066,0.04100615400820971,0.005972585699055344,0.011990585224702956,0.005972585699055344,55068,0.009497691877186298,4.483372449874878
Deformable-3DGS (Yang et al.),Deformable-3DGS,hook,target_eval_loss,hook_loss0p006253,False,0,9595,9595,9595,single_stage,540.6536478996277,620.9286696910858,80.27502179145813,30.903350925445558,0.9615158051252365,0.040665567573159936,0.006179517565760762,0.012640453027561314,0.006179517565760762,56317,0.021648285910487175,4.494402170181274
Deformable-3DGS (Yang et al.),Deformable-3DGS,jumpingjacks,iterations,jumpingjacks_iters30000,False,0,1,1,1,single_stage,8.344650268554688e-06,8.344650268554688e-06,0.0,6.4517484426498415,0.04669749778695405,0.17758606150746345,0.46429277807474134,0.5620947229024023,0.46429277807474134,100000,0.5753487348556519,15.146517276763916
Deformable-3DGS (Yang et al.),Deformable-3DGS,jumpingjacks,iterations,jumpingjacks_iters30000,False,0,1000,1000,1000,single_stage,29.31389307975769,44.47520709037781,15.161314010620117,19.610432720184328,0.8870939612388611,0.11583017595112324,0.029923121072351934,0.04651970461010933,0.029923121072351934,3305,0.03046707808971405,3.557288885116577
Deformable-3DGS (Yang et al.),Deformable-3DGS,jumpingjacks,iterations,jumpingjacks_iters30000,False,0,2000,2000,2000,single_stage,48.521976947784424,67.30371332168579,18.781736373901367,18.971121406555177,0.8772631973028183,0.12278683315962553,0.033751495834439996,0.05154855720698834,0.033751495834439996,5721,0.026901155710220337,3.6635942459106445
Deformable-3DGS (Yang et al.),Deformable-3DGS,jumpingjacks,iterations,jumpingjacks_iters30000,False,0,3000,3000,3000,single_stage,67.87162208557129,90.3321144580841,22.460492372512817,18.602065992355346,0.8688262522220611,0.12782245874404907,0.03644734686240554,0.05539262704551221,0.03644734686240554,7300,0.06353409588336945,3.792433738708496
Deformable-3DGS (Yang et al.),Deformable-3DGS,jumpingjacks,iterations,jumpingjacks_iters30000,False,0,4000,4000,4000,single_stage,97.70897626876831,123.97566175460815,26.266685485839844,25.343888664245604,0.951386171579361,0.06662976993247867,0.009935160295572131,0.017670893920585504,0.009935160295572131,10200,0.013242513872683048,3.935598850250244
Deformable-3DGS (Yang et al.),Deformable-3DGS,jumpingjacks,iterations,jumpingjacks_iters30000,False,0,5000,5000,5000,single_stage,133.6552436351776,163.8733685016632,30.218124866485596,26.244640159606934,0.9564826786518097,0.05638520941138268,0.008511647849809378,0.015512782549485564,0.008511647849809378,15572,0.014211642555892467,3.9531800746917725
Deformable-3DGS (Yang et al.),Deformable-3DGS,jumpingjacks,iterations,jumpingjacks_iters30000,False,0,6000,6000,6000,single_stage,174.70567846298218,208.88913989067078,34.1834614276886,27.083843517303468,0.9602013140916824,0.04981627301312983,0.007389460038393736,0.013871305212378506,0.007389460038393736,19578,0.009018871001899242,4.018402814865112
Deformable-3DGS (Yang et al.),Deformable-3DGS,jumpingjacks,iterations,jumpingjacks_iters30000,False,0,7000,7000,7000,single_stage,220.67583560943604,258.89864206314087,38.222806453704834,30.047732162475587,0.9693545162677765,0.03952257074415684,0.005165859067346901,0.010261784000322228,0.005165859067346901,22553,0.017205599695444107,4.041607856750488
Deformable-3DGS (Yang et al.),Deformable-3DGS,jumpingjacks,iterations,jumpingjacks_iters30000,False,0,8000,8000,8000,single_stage,270.42588353157043,312.70360350608826,42.27771997451782,28.340382385253907,0.9661003619432449,0.04007772938348353,0.0059980529709719125,0.011578369988128553,0.0059980529709719125,25272,0.012452187016606331,4.058569669723511
Deformable-3DGS (Yang et al.),Deformable-3DGS,jumpingjacks,iterations,jumpingjacks_iters30000,False,0,9000,9000,9000,single_stage,323.0911729335785,369.4424936771393,46.35132074356079,29.671543979644774,0.9702090382575989,0.03407255755737424,0.005082185234641656,0.010023940536193553,0.005082185234641656,27296,0.006300394423305988,4.07725977897644
Deformable-3DGS (Yang et al.),Deformable-3DGS,jumpingjacks,iterations,jumpingjacks_iters30000,False,0,10000,10000,10000,single_stage,378.2898459434509,428.731493473053,50.44164752960205,30.14603090286255,0.972493776679039,0.032135038054548204,0.004752577355247922,0.009303306548390533,0.004752577355247922,28423,0.003542525228112936,4.08138370513916
Deformable-3DGS (Yang et al.),Deformable-3DGS,jumpingjacks,iterations,jumpingjacks_iters30000,False,0,11000,11000,11000,single_stage,434.9968023300171,489.5504183769226,54.55361604690552,32.007366466522214,0.9777357697486877,0.02716723959892988,0.0037885805184487255,0.007483710465021441,0.0037885805184487255,29601,0.004587913863360882,4.1042890548706055
Deformable-3DGS (Yang et al.),Deformable-3DGS,jumpingjacks,iterations,jumpingjacks_iters30000,False,0,12000,12000,12000,single_stage,493.08420395851135,551.7553720474243,58.671168088912964,33.12702808380127,0.9801063776016236,0.024911440210416913,0.0033654605504125357,0.006671092920005317,0.0033654605504125357,30516,0.008589503355324268,4.109258413314819
Deformable-3DGS (Yang et al.),Deformable-3DGS,jumpingjacks,iterations,jumpingjacks_iters30000,False,0,13000,13000,13000,single_stage,552.4064395427704,615.1994473934174,62.79300785064697,32.8711332321167,0.9801734387874603,0.023514029919169843,0.0034183143841801213,0.006699963749852033,0.0034183143841801213,30722,0.00533351581543684,4.121860027313232
Deformable-3DGS (Yang et al.),Deformable-3DGS,jumpingjacks,iterations,jumpingjacks_iters30000,False,0,14000,14000,14000,single_stage,612.2332520484924,679.1611206531525,66.92786860466003,33.42266054153443,0.9814582169055939,0.022228505415841936,0.0031834410794544963,0.006255109482444823,0.0031834410794544963,31177,0.004977555945515633,4.1143529415130615
Deformable-3DGS (Yang et al.),Deformable-3DGS,jumpingjacks,iterations,jumpingjacks_iters30000,False,0,15000,15000,15000,single_stage,672.5458388328552,743.6011693477631,71.05533051490784,34.26005401611328,0.9836854189634323,0.02035471664275974,0.002890808676602319,0.005575563148595393,0.002890808676602319,31467,0.0030739684589207172,4.106133937835693
Deformable-3DGS (Yang et al.),Deformable-3DGS,jumpingjacks,iterations,jumpingjacks_iters30000,False,0,16000,16000,16000,single_stage,732.2791523933411,807.4572923183441,75.17813992500305,34.66767959594726,0.9841859251260757,0.019486263464204966,0.0027934408310102297,0.005397567639593039,0.0027934408310102297,31467,0.0054789697751402855,4.107605457305908
Deformable-3DGS (Yang et al.),Deformable-3DGS,jumpingjacks,iterations,jumpingjacks_iters30000,False,0,17000,17000,17000,single_stage,792.2748351097107,871.5736634731293,79.29882836341858,35.428561496734616,0.9858836114406586,0.01823024502955377,0.002574267445015721,0.0048826916678808546,0.002574267445015721,31467,0.0018216490279883146,4.125468015670776
Deformable-3DGS (Yang et al.),Deformable-3DGS,jumpingjacks,iterations,jumpingjacks_iters30000,False,0,18000,18000,18000,single_stage,852.3611481189728,935.8069438934326,83.44579577445984,35.43383083343506,0.9861043840646744,0.017781164997722955,0.0025403168343473225,0.004811376654542983,0.0025403168343473225,31467,0.0045294733718037605,4.108956575393677
Deformable-3DGS (Yang et al.),Deformable-3DGS,jumpingjacks,iterations,jumpingjacks_iters30000,False,0,19000,19000,19000,single_stage,912.7115497589111,1000.279643535614,87.56809377670288,36.002010345458984,0.9870136708021164,0.017005352373234927,0.0024246476765256374,0.004536983980797223,0.0024246476765256374,31467,0.0030950293876230717,4.126637935638428
Deformable-3DGS (Yang et al.),Deformable-3DGS,jumpingjacks,iterations,jumpingjacks_iters30000,False,0,20000,20000,20000,single_stage,973.0039625167847,1064.7122123241425,91.70824980735779,36.3020824432373,0.9873291164636612,0.016711212496738882,0.0023749018902890382,0.004434098219498996,0.0023749018902890382,31467,0.0017666183412075043,4.125876426696777
Deformable-3DGS (Yang et al.),Deformable-3DGS,jumpingjacks,iterations,jumpingjacks_iters30000,False,0,21000,21000,21000,single_stage,1033.4195561408997,1129.266108751297,95.84655261039734,36.43337917327881,0.9875710844993592,0.016135274642147125,0.002342892000160646,0.004360096700256687,0.002342892000160646,31467,0.003214403986930847,4.121695041656494
Deformable-3DGS (Yang et al.),Deformable-3DGS,jumpingjacks,iterations,jumpingjacks_iters30000,False,0,22000,22000,22000,single_stage,1093.5184297561646,1193.5002901554108,99.98186039924622,36.444130420684814,0.9876924932003022,0.015959998802281918,0.0023397561453748494,0.0043333062762394466,0.0023397561453748494,31467,0.00304999016225338,4.121445417404175
Deformable-3DGS (Yang et al.),Deformable-3DGS,jumpingjacks,iterations,jumpingjacks_iters30000,False,0,23000,23000,23000,single_stage,1153.4165160655975,1257.5362815856934,104.11976552009583,36.63988075256348,0.988178938627243,0.015563208132516593,0.0022731736447894947,0.004182751190382987,0.0022731736447894947,31467,0.00294109177775681,4.112114906311035
Deformable-3DGS (Yang et al.),Deformable-3DGS,jumpingjacks,iterations,jumpingjacks_iters30000,False,0,24000,24000,24000,single_stage,1213.1289520263672,1321.3777000904083,108.24874806404114,36.75358018875122,0.988237738609314,0.015369729697704315,0.0022677606611978263,0.0041666608070954686,0.0022677606611978263,31467,0.0025308949407190084,4.11671257019043
Deformable-3DGS (Yang et al.),Deformable-3DGS,jumpingjacks,iterations,jumpingjacks_iters30000,False,0,25000,25000,25000,single_stage,1273.2019863128662,1385.5864326953888,112.38444638252258,36.85498199462891,0.9885066092014313,0.01508598735090345,0.0022296778581221586,0.004082420446211468,0.0022296778581221586,31467,0.002804730786010623,4.115142345428467
Deformable-3DGS (Yang et al.),Deformable-3DGS,jumpingjacks,iterations,jumpingjacks_iters30000,False,0,26000,26000,26000,single_stage,1333.487689256668,1450.0083780288696,116.52068877220154,36.97256116867065,0.9885814398527145,0.014917578478343786,0.002210258053673897,0.004051918472396214,0.002210258053673897,31467,0.004107268527150154,4.119668960571289
Deformable-3DGS (Yang et al.),Deformable-3DGS,jumpingjacks,iterations,jumpingjacks_iters30000,False,0,27000,27000,27000,single_stage,1393.6576397418976,1514.3190295696259,120.66138982772827,36.95669651031494,0.9887599527835846,0.01472022463567555,0.002196884824661538,0.004005517303012303,0.002196884824661538,31467,0.0015834481455385685,4.124663352966309
Deformable-3DGS (Yang et al.),Deformable-3DGS,jumpingjacks,iterations,jumpingjacks_iters30000,False,0,28000,28000,28000,single_stage,1453.784052848816,1578.5823640823364,124.79831123352051,37.13012886047363,0.9888170719146728,0.01466500258538872,0.002175442707084585,0.003976939782733102,0.002175442707084585,31467,0.00433218153193593,4.122758150100708
Deformable-3DGS (Yang et al.),Deformable-3DGS,jumpingjacks,iterations,jumpingjacks_iters30000,False,0,29000,29000,29000,single_stage,1513.9741325378418,1642.9081454277039,128.93401288986206,37.12819776535034,0.9888712227344513,0.014585879747755826,0.002171338135667611,0.0039628259616438346,0.002171338135667611,31467,0.001335094915702939,4.116434574127197
Deformable-3DGS (Yang et al.),Deformable-3DGS,jumpingjacks,iterations,jumpingjacks_iters30000,False,0,30000,30000,30000,single_stage,1574.3018901348114,1707.365903377533,133.06401324272156,37.21092548370361,0.9889954626560211,0.014513738558162004,0.002151604164100718,0.0039221908000763505,0.002151604164100718,31467,0.0017966979648917913,4.133682489395142
Deformable-3DGS (Yang et al.),Deformable-3DGS,jumpingjacks,target_eval_loss,jumpingjacks_loss0p00461,False,0,1,1,1,single_stage,7.867813110351562e-06,7.867813110351562e-06,0.0,6.4517484426498415,0.04669749778695405,0.17758606150746345,0.46429277807474134,0.5620947229024023,0.46429277807474134,100000,0.5753487348556519,8.13542127609253
Deformable-3DGS (Yang et al.),Deformable-3DGS,jumpingjacks,target_eval_loss,jumpingjacks_loss0p00461,False,0,915,915,915,single_stage,30.0191388130188,38.16531753540039,8.146178722381592,19.569329738616943,0.887275242805481,0.11603623554110527,0.030115899723023178,0.046637671217322346,0.030115899723023178,3300,0.02779688686132431,3.967442274093628
Deformable-3DGS (Yang et al.),Deformable-3DGS,jumpingjacks,target_eval_loss,jumpingjacks_loss0p00461,False,0,2436,2436,2436,single_stage,60.03157663345337,72.15916085243225,12.127584218978882,18.714851140975952,0.8735750645399094,0.12515573836863042,0.03518681740388274,0.05343444101512432,0.03518681740388274,6438,0.030018337070941925,3.914332151412964
Deformable-3DGS (Yang et al.),Deformable-3DGS,jumpingjacks,target_eval_loss,jumpingjacks_loss0p00461,False,0,3633,3633,3633,single_stage,90.05528450012207,106.10991787910461,16.054633378982544,23.374725246429442,0.9415131419897079,0.07729955539107322,0.013619957328774034,0.02259333746507764,0.013619957328774034,8329,0.0166170634329319,3.949139356613159
Deformable-3DGS (Yang et al.),Deformable-3DGS,jumpingjacks,target_eval_loss,jumpingjacks_loss0p00461,False,0,4533,4533,4533,single_stage,120.08612871170044,140.10353589057922,20.017407178878784,23.715905570983885,0.943249124288559,0.0686075622215867,0.012505955994129181,0.021354939937591542,0.012505955994129181,13547,0.02237663045525551,4.002797603607178
Deformable-3DGS (Yang et al.),Deformable-3DGS,jumpingjacks,target_eval_loss,jumpingjacks_loss0p00461,False,0,5308,5308,5308,single_stage,150.09185695648193,174.12680888175964,24.03495192527771,26.520595741271972,0.9586946129798889,0.05447673108428717,0.007882254896685481,0.014566881321370607,0.007882254896685481,17189,0.014161854982376099,4.04766058921814
Deformable-3DGS (Yang et al.),Deformable-3DGS,jumpingjacks,target_eval_loss,jumpingjacks_loss0p00461,False,0,6021,6021,6021,single_stage,180.11232471466064,208.210107088089,28.097782373428345,27.10261821746826,0.9519274860620499,0.06463415790349245,0.00853514946065843,0.01644262235611676,0.00853514946065843,19873,0.011801999062299728,4.06486964225769
Deformable-3DGS (Yang et al.),Deformable-3DGS,jumpingjacks,target_eval_loss,jumpingjacks_loss0p00461,False,0,6681,6681,6681,single_stage,210.14547157287598,242.32268047332764,32.17720890045166,28.179907703399657,0.9643855065107345,0.04373312713578344,0.006225868209730834,0.012103593265637765,0.006225868209730834,21501,0.012492207810282707,4.060366868972778
Deformable-3DGS (Yang et al.),Deformable-3DGS,jumpingjacks,target_eval_loss,jumpingjacks_loss0p00461,False,0,7305,7305,7305,single_stage,240.19133877754211,276.4469006061554,36.25556182861328,28.827955055236817,0.9657005667686462,0.04039961639791727,0.0058481770218349995,0.011538428263738753,0.0058481770218349995,23683,0.01122436486184597,4.061015605926514
Deformable-3DGS (Yang et al.),Deformable-3DGS,jumpingjacks,target_eval_loss,jumpingjacks_loss0p00461,False,0,7900,7900,7900,single_stage,270.20004391670227,310.5293560028076,40.32931208610535,29.800298500061036,0.971254113316536,0.03659354103729129,0.004817007074598223,0.00960278299637138,0.004817007074598223,25078,0.009097635746002197,4.111407279968262
Deformable-3DGS (Yang et al.),Deformable-3DGS,jumpingjacks,target_eval_loss,jumpingjacks_loss0p00461,False,0,8474,8474,8474,single_stage,300.2103383541107,344.66406178474426,44.453723430633545,29.59841594696045,0.9688156723976136,0.03554918335285038,0.005357414783793502,0.010522797347512089,0.005357414783793502,26508,0.011524420231580734,4.136468887329102
Deformable-3DGS (Yang et al.),Deformable-3DGS,jumpingjacks,target_eval_loss,jumpingjacks_loss0p00461,False,0,9027,9027,9027,single_stage,330.2513425350189,378.8568232059479,48.605480670928955,30.80836887359619,0.9720570087432862,0.03848819513805211,0.0048415831581223754,0.00946186477784067,0.0048415831581223754,27722,0.009518385864794254,4.152740240097046
Deformable-3DGS (Yang et al.),Deformable-3DGS,jumpingjacks,target_eval_loss,jumpingjacks_loss0p00461,False,0,9567,9567,9567,single_stage,360.26488733291626,413.0358290672302,52.770941734313965,30.349819660186768,0.9743810325860978,0.031053513614460827,0.004554809030378237,0.008767640707083038,0.004554809030378237,28124,0.003495963755995035,4.170278072357178
Deformable-3DGS (Yang et al.),Deformable-3DGS,jumpingjacks,target_eval_loss,jumpingjacks_loss0p00461,False,0,10098,10098,10098,single_stage,390.2987174987793,447.25750613212585,56.95878863334656,32.12286186218262,0.9774862706661225,0.02869368437677622,0.0037638307287124915,0.007513810449745497,0.0037638307287124915,28870,0.007892134599387646,4.172067642211914
Deformable-3DGS (Yang et al.),Deformable-3DGS,lego,iterations,lego_iters30000,False,0,1,1,1,single_stage,5.4836273193359375e-06,5.4836273193359375e-06,0.0,7.097455930709839,0.08408387955278158,0.3043915078043938,0.41799797117710114,0.5175816010311246,0.41799797117710114,100000,0.5046700835227966,7.1435627937316895
Deformable-3DGS (Yang et al.),Deformable-3DGS,lego,iterations,lego_iters30000,False,0,1000,1000,1000,single_stage,35.410542011260986,42.570225954055786,7.1596839427948,14.123913192749024,0.6750136464834213,0.3105642631649971,0.09403599686920643,0.1402260681986809,0.09403599686920643,15259,0.03761353716254234,4.145232915878296
Deformable-3DGS (Yang et al.),Deformable-3DGS,lego,iterations,lego_iters30000,False,0,2000,2000,2000,single_stage,59.37789487838745,70.69566035270691,11.317765474319458,13.464048433303834,0.650689235329628,0.32838611155748365,0.105656448751688,0.15438731193542482,0.105656448751688,53551,0.021875912323594093,4.607561826705933
Deformable-3DGS (Yang et al.),Deformable-3DGS,lego,iterations,lego_iters30000,False,0,3000,3000,3000,single_stage,86.47533202171326,102.4137749671936,15.938442945480347,13.317334032058715,0.642681223154068,0.3335253521800041,0.10881673023104668,0.15851713955402374,0.10881673023104668,78107,0.1561659574508667,5.095978498458862
Deformable-3DGS (Yang et al.),Deformable-3DGS,lego,iterations,lego_iters30000,False,0,4000,4000,4000,single_stage,211.75683164596558,232.80482935905457,21.04799771308899,23.194728469848634,0.9193321377038955,0.07588517796248198,0.018575364677235483,0.03099386420100928,0.018575364677235483,83125,0.022544167935848236,4.8296895027160645
Deformable-3DGS (Yang et al.),Deformable-3DGS,lego,iterations,lego_iters30000,False,0,5000,5000,5000,single_stage,359.2757968902588,385.20014238357544,25.92434549331665,24.255418682098387,0.9256559818983078,0.06586672365665436,0.015991002740338444,0.0276616058126092,0.015991002740338444,98562,0.017261384055018425,4.962907552719116
Deformable-3DGS (Yang et al.),Deformable-3DGS,lego,iterations,lego_iters30000,False,0,6000,6000,6000,single_stage,522.463410615921,553.3634362220764,30.900025606155396,24.479333877563477,0.9273267775774002,0.05926987919956446,0.015334131801500917,0.02680194992572069,0.015334131801500917,109465,0.017913496121764183,5.103810548782349
Deformable-3DGS (Yang et al.),Deformable-3DGS,lego,iterations,lego_iters30000,False,0,7000,7000,7000,single_stage,690.7326488494873,726.7487227916718,36.01607394218445,24.75456771850586,0.9368385672569275,0.054345264285802844,0.013902758480980992,0.023754493333399296,0.013902758480980992,110707,0.01685321517288685,5.104333162307739
Deformable-3DGS (Yang et al.),Deformable-3DGS,lego,iterations,lego_iters30000,False,0,8000,8000,8000,single_stage,867.6743440628052,908.8066656589508,41.13232159614563,24.92126178741455,0.94263836145401,0.05129439365118742,0.01297868462279439,0.021855275407433507,0.01297868462279439,117509,0.008456531912088394,5.219619512557983
Deformable-3DGS (Yang et al.),Deformable-3DGS,lego,iterations,lego_iters30000,False,0,9000,9000,9000,single_stage,1052.2235083580017,1098.5928342342377,46.36932587623596,24.9468994140625,0.9434021502733231,0.048587559908628467,0.012783759646117688,0.021546577662229536,0.012783759646117688,122903,0.009256426244974136,5.228606462478638
Deformable-3DGS (Yang et al.),Deformable-3DGS,lego,iterations,lego_iters30000,False,0,10000,10000,10000,single_stage,1240.0203530788422,1291.6304562091827,51.610103130340576,24.959286975860596,0.9427585959434509,0.04797456357628107,0.012772118207067251,0.02166597537696362,0.012772118207067251,123454,0.008794814348220825,5.262788772583008
Deformable-3DGS (Yang et al.),Deformable-3DGS,lego,iterations,lego_iters30000,False,0,11000,11000,11000,single_stage,1431.009259223938,1487.8947093486786,56.8854501247406,25.0038462638855,0.9435181945562363,0.04658530317246914,0.012544682109728455,0.021332106776535506,0.012544682109728455,126096,0.012493197806179523,5.3150246143341064
Deformable-3DGS (Yang et al.),Deformable-3DGS,lego,iterations,lego_iters30000,False,0,12000,12000,12000,single_stage,1624.7483155727386,1686.9618701934814,62.2135546207428,25.042542743682862,0.9447931855916977,0.04552145227789879,0.01228657471947372,0.020870622657239442,0.01228657471947372,127934,0.006445867940783501,5.309660196304321
Deformable-3DGS (Yang et al.),Deformable-3DGS,lego,iterations,lego_iters30000,False,0,13000,13000,13000,single_stage,1818.091839313507,1885.63818025589,67.54634094238281,24.973667240142824,0.9445316821336747,0.0453257342800498,0.01237112800590694,0.020990565977990622,0.01237112800590694,126742,0.008213968016207218,5.302478790283203
Deformable-3DGS (Yang et al.),Deformable-3DGS,lego,iterations,lego_iters30000,False,0,14000,14000,14000,single_stage,2012.840142250061,2085.7019996643066,72.8618574142456,25.063347816467285,0.9446252763271332,0.04481661505997181,0.012223485577851533,0.020853733196854584,0.012223485577851533,127602,0.007189115975052118,5.321700572967529
Deformable-3DGS (Yang et al.),Deformable-3DGS,lego,iterations,lego_iters30000,False,0,15000,15000,15000,single_stage,2207.399609565735,2285.5955357551575,78.19592618942261,25.053207874298096,0.9450053125619888,0.044397107884287836,0.012147994386032224,0.020717332996428015,0.012147994386032224,128193,0.0064320797100663185,5.326095104217529
Deformable-3DGS (Yang et al.),Deformable-3DGS,lego,iterations,lego_iters30000,False,0,16000,16000,16000,single_stage,2401.953829050064,2485.4885902404785,83.53476119041443,25.0205940246582,0.9448325514793396,0.04449583292007446,0.012259068014100195,0.02084074411541223,0.012259068014100195,128193,0.003913584630936384,5.296533107757568
Deformable-3DGS (Yang et al.),Deformable-3DGS,lego,iterations,lego_iters30000,False,0,17000,17000,17000,single_stage,2597.2758264541626,2686.11905503273,88.8432285785675,25.016306781768797,0.9448373109102249,0.044153308123350145,0.01219696127809584,0.020790106840431685,0.01219696127809584,128193,0.004749576095491648,5.324526309967041
Deformable-3DGS (Yang et al.),Deformable-3DGS,lego,iterations,lego_iters30000,False,0,18000,18000,18000,single_stage,2792.2978122234344,2886.479482650757,94.18167042732239,25.040275478363036,0.9450328141450882,0.043859042786061765,0.012157301930710674,0.020719278715550897,0.012157301930710674,128193,0.004743310622870922,5.324377059936523
Deformable-3DGS (Yang et al.),Deformable-3DGS,lego,iterations,lego_iters30000,False,0,19000,19000,19000,single_stage,2987.2398114204407,3086.7587056159973,99.51889419555664,24.972439193725585,0.9445776462554931,0.04420418292284012,0.012324251001700759,0.020943871550261985,0.012324251001700759,128193,0.006234711967408657,5.325831651687622
Deformable-3DGS (Yang et al.),Deformable-3DGS,lego,iterations,lego_iters30000,False,0,20000,20000,20000,single_stage,3181.998548269272,3286.856167078018,104.85761880874634,25.005664348602295,0.9448130041360855,0.04394044559448958,0.012231838563457132,0.020822870023548608,0.012231838563457132,128193,0.0046372124925255775,5.318117380142212
Deformable-3DGS (Yang et al.),Deformable-3DGS,lego,iterations,lego_iters30000,False,0,21000,21000,21000,single_stage,3376.697098493576,3486.8874390125275,110.19034051895142,24.979312229156495,0.9446516871452332,0.0440116198733449,0.01227636244148016,0.020890752524137496,0.01227636244148016,128193,0.006493990775197744,5.324560880661011
Deformable-3DGS (Yang et al.),Deformable-3DGS,lego,iterations,lego_iters30000,False,0,22000,22000,22000,single_stage,3571.32666683197,3686.8542387485504,115.5275719165802,24.975904178619384,0.9446527600288391,0.04400508143007755,0.012291361019015313,0.020902536809444424,0.012291361019015313,128193,0.0055516427382826805,5.31285834312439
Deformable-3DGS (Yang et al.),Deformable-3DGS,lego,iterations,lego_iters30000,False,0,23000,23000,23000,single_stage,3765.8991713523865,3886.753624200821,120.85445284843445,24.96616373062134,0.9444054335355758,0.04397252276539802,0.012353735510259867,0.02100190170109273,0.012353735510259867,128193,0.0053070420399308205,5.326032876968384
Deformable-3DGS (Yang et al.),Deformable-3DGS,lego,iterations,lego_iters30000,False,0,24000,24000,24000,single_stage,3960.413866996765,4086.607280731201,126.19341373443604,24.962859439849854,0.9443959325551987,0.04405541382730007,0.012359506404027342,0.021008418612182132,0.012359506404027342,128193,0.003913515247404575,5.3206117153167725
Deformable-3DGS (Yang et al.),Deformable-3DGS,lego,iterations,lego_iters30000,False,0,25000,25000,25000,single_stage,4154.996689558029,4286.524160385132,131.52747082710266,24.960185241699218,0.9442444413900375,0.044052913784980774,0.01238098442554474,0.021055899262428294,0.01238098442554474,128193,0.004655631259083748,5.327640771865845
Deformable-3DGS (Yang et al.),Deformable-3DGS,lego,iterations,lego_iters30000,False,0,26000,26000,26000,single_stage,4349.431742191315,4486.300340652466,136.86859846115112,24.95334243774414,0.944305419921875,0.04398019015789032,0.01238411171361804,0.021046205386519433,0.01238411171361804,128193,0.003879271447658539,5.302496671676636
Deformable-3DGS (Yang et al.),Deformable-3DGS,lego,iterations,lego_iters30000,False,0,27000,27000,27000,single_stage,4543.825479745865,4686.0093784332275,142.18389868736267,24.954581451416015,0.9442178398370743,0.04404146056622267,0.012373799784108996,0.02105547185987234,0.012373799784108996,128193,0.0038751871325075626,5.304598093032837
Deformable-3DGS (Yang et al.),Deformable-3DGS,lego,iterations,lego_iters30000,False,0,28000,28000,28000,single_stage,4738.135620355606,4885.6383056640625,147.50268530845642,24.950013065338133,0.9440686523914337,0.04419264979660511,0.012440193025395275,0.021138423942029486,0.012440193025395275,128193,0.004224875010550022,5.299452304840088
Deformable-3DGS (Yang et al.),Deformable-3DGS,lego,iterations,lego_iters30000,False,0,29000,29000,29000,single_stage,4932.528630256653,5085.3441426754,152.81551241874695,24.95233898162842,0.9440530359745025,0.04418138675391674,0.012397683458402753,0.0211075395718217,0.012397683458402753,128193,0.003718337044119835,5.315140724182129
Deformable-3DGS (Yang et al.),Deformable-3DGS,lego,iterations,lego_iters30000,False,0,30000,30000,30000,single_stage,5126.987102031708,5285.129350423813,158.1422483921051,24.945990371704102,0.94393390417099,0.0442133067175746,0.012430626014247537,0.021157719977200035,0.012430626014247537,128193,0.003719002939760685,5.327197551727295
Deformable-3DGS (Yang et al.),Deformable-3DGS,lego,target_eval_loss,lego_loss0p013466,False,0,1,1,1,single_stage,4.315376281738281e-05,4.315376281738281e-05,0.0,7.097455930709839,0.08408387955278158,0.3043915078043938,0.41799797117710114,0.5175816010311246,0.41799797117710114,100000,0.5046700835227966,14.666140079498291
Deformable-3DGS (Yang et al.),Deformable-3DGS,lego,target_eval_loss,lego_loss0p013466,False,0,901,901,901,single_stage,30.00220561027527,44.68116855621338,14.67896294593811,13.939900588989257,0.6744195550680161,0.313231897354126,0.09625288508832455,0.14211839705705642,0.09625288508832455,15119,0.043719254434108734,3.7158617973327637
Deformable-3DGS (Yang et al.),Deformable-3DGS,lego,target_eval_loss,lego_loss0p013466,False,0,2221,2221,2221,single_stage,60.01206135749817,78.45726823806763,18.445206880569458,13.24915132522583,0.6463065952062607,0.332434643805027,0.10912415906786918,0.1580380082130432,0.10912415906786918,61956,0.019294749945402145,4.485035419464111
Deformable-3DGS (Yang et al.),Deformable-3DGS,lego,target_eval_loss,lego_loss0p013466,False,0,3067,3067,3067,single_stage,90.06349968910217,113.0076322555542,22.944132566452026,21.753468799591065,0.8520708709955216,0.16837554648518563,0.025523922126740217,0.05000496350228786,0.025523922126740217,79978,0.05262962356209755,4.614856958389282
Deformable-3DGS (Yang et al.),Deformable-3DGS,lego,target_eval_loss,lego_loss0p013466,False,0,3346,3346,3346,single_stage,120.16014099121094,147.73212838172913,27.57198739051819,22.96372241973877,0.9156216531991959,0.09003047347068786,0.019263238785788415,0.03228626038879156,0.019263238785788415,67907,0.032306794077157974,4.5455310344696045
Deformable-3DGS (Yang et al.),Deformable-3DGS,lego,target_eval_loss,lego_loss0p013466,False,0,3606,3606,3606,single_stage,150.1612057685852,182.2938323020935,32.1326265335083,22.72623529434204,0.9095985770225525,0.08720582723617554,0.020572625333443284,0.03453838486224412,0.020572625333443284,75784,0.02519203908741474,4.621859073638916
Deformable-3DGS (Yang et al.),Deformable-3DGS,lego,target_eval_loss,lego_loss0p013466,False,0,3853,3853,3853,single_stage,180.20943331718445,216.98433113098145,36.774897813797,23.125035190582274,0.9230988323688507,0.07772106416523457,0.018383481120690704,0.03008701842278242,0.018383481120690704,79997,0.024752207100391388,4.669855833053589
Deformable-3DGS (Yang et al.),Deformable-3DGS,lego,target_eval_loss,lego_loss0p013466,False,0,4087,4087,4087,single_stage,210.26174426078796,251.72017312049866,41.45842885971069,23.404370403289796,0.9258851438760758,0.07388703767210245,0.017694551916792988,0.02897861275821923,0.017694551916792988,84216,0.02074277400970459,4.725904941558838
Deformable-3DGS (Yang et al.),Deformable-3DGS,lego,target_eval_loss,lego_loss0p013466,False,0,4310,4310,4310,single_stage,240.34440565109253,286.5413269996643,46.19692134857178,23.92011194229126,0.9320402503013611,0.06819800566881895,0.016337253293022512,0.026661752574145797,0.016337253293022512,89422,0.020664364099502563,4.78907585144043
Deformable-3DGS (Yang et al.),Deformable-3DGS,lego,target_eval_loss,lego_loss0p013466,False,0,4526,4526,4526,single_stage,270.38564801216125,321.38822174072266,51.0025737285614,23.855208015441896,0.9337684124708175,0.06790360957384109,0.016178420977666974,0.02618905428797007,0.016178420977666974,92627,0.017815347760915756,4.786699533462524
Deformable-3DGS (Yang et al.),Deformable-3DGS,lego,target_eval_loss,lego_loss0p013466,False,0,4737,4737,4737,single_stage,300.42603611946106,356.2358570098877,55.809820890426636,24.784044361114503,0.936361300945282,0.06475124452263117,0.014492263970896601,0.024321550987660878,0.014492263970896601,95597,0.017929332330822945,4.819536924362183
Deformable-3DGS (Yang et al.),Deformable-3DGS,lego,target_eval_loss,lego_loss0p013466,False,0,4944,4944,4944,single_stage,330.55839252471924,391.217410326004,60.65901780128479,24.471427536010744,0.9354985982179642,0.06305463034659624,0.014916279539465904,0.02483330398797988,0.014916279539465904,98066,0.02162765897810459,4.860313415527344
Deformable-3DGS (Yang et al.),Deformable-3DGS,lego,target_eval_loss,lego_loss0p013466,False,0,5146,5146,5146,single_stage,360.6001124382019,426.13359475135803,65.53348231315613,24.701387786865233,0.9388977706432342,0.059621335566043855,0.014213109016418457,0.023590933084487925,0.014213109016418457,100440,0.015456754714250565,4.851974964141846
Deformable-3DGS (Yang et al.),Deformable-3DGS,lego,target_eval_loss,lego_loss0p013466,False,0,5344,5344,5344,single_stage,390.6103491783142,461.00855350494385,70.39820432662964,24.620083141326905,0.9389363795518875,0.0588169988244772,0.014175654342398047,0.023553247563540942,0.014175654342398047,102476,0.013907169923186302,4.880636692047119
Deformable-3DGS (Yang et al.),Deformable-3DGS,lego,target_eval_loss,lego_loss0p013466,False,0,5539,5539,5539,single_stage,420.652370929718,495.9464740753174,75.29410314559937,24.75974817276001,0.9395310014486313,0.058351301960647105,0.013912643538787961,0.023223914541304104,0.013912643538787961,104746,0.01322473119944334,4.898745536804199
Deformable-3DGS (Yang et al.),Deformable-3DGS,lego,target_eval_loss,lego_loss0p013466,False,0,5731,5731,5731,single_stage,450.70347571372986,530.910236120224,80.20676040649414,24.778990268707275,0.9404563128948211,0.057306721433997156,0.013767104502767325,0.022922421023249637,0.013767104502767325,106738,0.013108240440487862,4.913495302200317
Deformable-3DGS (Yang et al.),Deformable-3DGS,lego,target_eval_loss,lego_loss0p013466,False,0,5920,5920,5920,single_stage,480.71469020843506,565.8537187576294,85.13902854919434,24.768603515625,0.939390304684639,0.05695186033844948,0.013903434295207262,0.023244686499238006,0.013903434295207262,108555,0.014992227777838707,4.933436870574951
Deformable-3DGS (Yang et al.),Deformable-3DGS,lego,target_eval_loss,lego_loss0p013466,False,0,6105,6105,6105,single_stage,510.8479015827179,600.93607878685,90.08817720413208,24.80877332687378,0.938027024269104,0.0592030830681324,0.014017133321613074,0.02360830180346966,0.014017133321613074,104674,0.015103453770279884,4.896772861480713
Deformable-3DGS (Yang et al.),Deformable-3DGS,lego,target_eval_loss,lego_loss0p013466,False,0,6297,6297,6297,single_stage,540.9717810153961,635.9737184047699,95.00193738937378,24.737623596191405,0.9378775864839554,0.05857068728655577,0.013984349370002747,0.023611962199211127,0.013984349370002747,105616,0.015743356198072433,4.9422078132629395
Deformable-3DGS (Yang et al.),Deformable-3DGS,lego,target_eval_loss,lego_loss0p013466,False,0,6486,6486,6486,single_stage,571.0499124526978,671.0095148086548,99.95960235595703,25.024059295654297,0.9411141365766525,0.05529376063495874,0.013326258352026343,0.022438179366290563,0.013326258352026343,107596,0.014974569901823997,4.958745241165161
Deformable-3DGS (Yang et al.),Deformable-3DGS,lego,target_eval_loss,lego_loss0p013466,False,0,6672,6672,6672,single_stage,601.142329454422,706.0756666660309,104.93333721160889,24.94510736465454,0.9401717215776444,0.054606716893613336,0.013426337437704206,0.022706725634634488,0.013426337437704206,109191,0.017945334315299988,4.968411684036255
Deformable-3DGS (Yang et al.),Deformable-3DGS,mutant,iterations,mutant_iters30000,False,0,1,1,1,single_stage,7.62939453125e-06,7.62939453125e-06,0.0,6.523842167854309,0.035702507756650445,0.19398675858974457,0.46068582236766814,0.5614081563428045,0.46068582236766814,100000,0.5716475248336792,14.84842324256897
Deformable-3DGS (Yang et al.),Deformable-3DGS,mutant,iterations,mutant_iters30000,False,0,1000,1000,1000,single_stage,29.69477415084839,44.621747970581055,14.926973819732666,18.05931329727173,0.8130268663167953,0.15774746015667915,0.04643720835447311,0.07454439342021943,0.04643720835447311,6553,0.02042475715279579,3.5492899417877197
Deformable-3DGS (Yang et al.),Deformable-3DGS,mutant,iterations,mutant_iters30000,False,0,2000,2000,2000,single_stage,49.829610109329224,68.31794357299805,18.488333463668823,17.52454333305359,0.7946641564369201,0.17052090913057327,0.05174189005047083,0.08246068075299265,0.05174189005047083,18960,0.016843993216753006,3.792228937149048
Deformable-3DGS (Yang et al.),Deformable-3DGS,mutant,iterations,mutant_iters30000,False,0,3000,3000,3000,single_stage,71.11389398574829,93.44167757034302,22.327783584594727,17.321471405029296,0.7858247548341751,0.17530524507164955,0.053835954330861566,0.08590381249785423,0.053835954330861566,30117,0.07806053757667542,4.059904336929321
Deformable-3DGS (Yang et al.),Deformable-3DGS,mutant,iterations,mutant_iters30000,False,0,4000,4000,4000,single_stage,124.94606494903564,151.34886002540588,26.40279507637024,28.413608169555665,0.9520230203866958,0.05559366326779127,0.007329634053166956,0.015459103165194398,0.007329634053166956,31683,0.015390025451779366,3.976724863052368
Deformable-3DGS (Yang et al.),Deformable-3DGS,mutant,iterations,mutant_iters30000,False,0,5000,5000,5000,single_stage,193.585688829422,223.98112726211548,30.39543843269348,30.024266147613524,0.9592850029468536,0.044297818746417764,0.006019697000738233,0.01295875701121987,0.006019697000738233,46164,0.007084166631102562,4.135125160217285
Deformable-3DGS (Yang et al.),Deformable-3DGS,mutant,iterations,mutant_iters30000,False,0,6000,6000,6000,single_stage,277.6060309410095,312.1601769924164,34.55414605140686,31.335218906402588,0.9675282299518585,0.03469050927087665,0.005010897887405008,0.010503072319552307,0.005010897887405008,57473,0.005765710957348347,4.268769264221191
Deformable-3DGS (Yang et al.),Deformable-3DGS,mutant,iterations,mutant_iters30000,False,0,7000,7000,7000,single_stage,370.7995364665985,409.63587713241577,38.83634066581726,32.89713640213013,0.9742636561393738,0.029258777853101492,0.004279220651369542,0.00857064529322087,0.004279220651369542,63056,0.00579540990293026,4.336573600769043
Deformable-3DGS (Yang et al.),Deformable-3DGS,mutant,iterations,mutant_iters30000,False,0,8000,8000,8000,single_stage,471.8592188358307,515.0466201305389,43.18740129470825,34.484021472930905,0.9795188844203949,0.022836060635745524,0.003542835416737944,0.0069304914493113715,0.003542835416737944,69104,0.008539392612874508,4.378578424453735
Deformable-3DGS (Yang et al.),Deformable-3DGS,mutant,iterations,mutant_iters30000,False,0,9000,9000,9000,single_stage,578.5108916759491,626.0899980068207,47.57910633087158,34.43774995803833,0.9800756424665451,0.01994699132628739,0.0034971535205841064,0.006782594323158264,0.0034971535205841064,73258,0.005820375867187977,4.420057058334351
Deformable-3DGS (Yang et al.),Deformable-3DGS,mutant,iterations,mutant_iters30000,False,0,10000,10000,10000,single_stage,686.7225322723389,738.7448117733002,52.022279500961304,36.410125160217284,0.9851093083620072,0.01710889614187181,0.0028882839309517295,0.0052887654723599515,0.0028882839309517295,72858,0.003767571412026882,4.432121753692627
Deformable-3DGS (Yang et al.),Deformable-3DGS,mutant,iterations,mutant_iters30000,False,0,11000,11000,11000,single_stage,796.2876081466675,852.7544691562653,56.46686100959778,36.806479930877686,0.9870522677898407,0.014301694044843317,0.0026614415692165494,0.004718699697405104,0.0026614415692165494,74266,0.004138465039432049,4.43827748298645
Deformable-3DGS (Yang et al.),Deformable-3DGS,mutant,iterations,mutant_iters30000,False,0,12000,12000,12000,single_stage,907.0777354240417,968.0014882087708,60.923752784729004,36.86322593688965,0.986214417219162,0.014407270308583974,0.0027480832650326192,0.004955583168193689,0.0027480832650326192,75019,0.005022809375077486,4.446178913116455
Deformable-3DGS (Yang et al.),Deformable-3DGS,mutant,iterations,mutant_iters30000,False,0,13000,13000,13000,single_stage,1017.1438407897949,1082.5464832782745,65.40264248847961,38.382255172729494,0.9899420231580734,0.011763427616097033,0.002307901793392375,0.0038579168030992107,0.002307901793392375,73527,0.0034022473264485598,4.4357194900512695
Deformable-3DGS (Yang et al.),Deformable-3DGS,mutant,iterations,mutant_iters30000,False,0,14000,14000,14000,single_stage,1126.9842493534088,1196.836192369461,69.85194301605225,37.00260229110718,0.9863742679357529,0.01215126677416265,0.0027445695130154492,0.0049208020232617816,0.0027445695130154492,73791,0.007121727801859379,4.432219743728638
Deformable-3DGS (Yang et al.),Deformable-3DGS,mutant,iterations,mutant_iters30000,False,0,15000,15000,15000,single_stage,1237.1287899017334,1311.4291274547577,74.30033755302429,39.05170230865478,0.9909102022647858,0.010286968853324651,0.002176396158756688,0.0035590764740481974,0.002176396158756688,73928,0.004482774063944817,4.441340923309326
Deformable-3DGS (Yang et al.),Deformable-3DGS,mutant,iterations,mutant_iters30000,False,0,16000,16000,16000,single_stage,1346.4680540561676,1425.2229120731354,78.75485801696777,39.51307926177979,0.9918633788824082,0.009532583132386207,0.0020365589880384505,0.003256571413949128,0.0020365589880384505,73928,0.0020287702791392803,4.4247777462005615
Deformable-3DGS (Yang et al.),Deformable-3DGS,mutant,iterations,mutant_iters30000,False,0,17000,17000,17000,single_stage,1455.7188131809235,1538.9125020503998,83.19368886947632,40.03464336395264,0.9923313289880753,0.009062489401549101,0.0019611574767623096,0.0031026601837947877,0.0019611574767623096,73928,0.0037412792444229126,4.434810400009155
Deformable-3DGS (Yang et al.),Deformable-3DGS,mutant,iterations,mutant_iters30000,False,0,18000,18000,18000,single_stage,1564.6927077770233,1652.3336107730865,87.64090299606323,40.03478927612305,0.9924116790294647,0.008728900505229831,0.0019381123536732047,0.0030681540770456242,0.0019381123536732047,73928,0.001512489514425397,4.413064241409302
Deformable-3DGS (Yang et al.),Deformable-3DGS,mutant,iterations,mutant_iters30000,False,0,19000,19000,19000,single_stage,1673.7694232463837,1765.8361775875092,92.06675434112549,40.125684356689455,0.9925699979066849,0.008517083595506847,0.0019139664364047348,0.003017173567786813,0.0019139664364047348,73928,0.002270943485200405,4.4167320728302
Deformable-3DGS (Yang et al.),Deformable-3DGS,mutant,iterations,mutant_iters30000,False,0,20000,20000,20000,single_stage,1782.599133014679,1879.0966591835022,96.49752616882324,40.501257514953615,0.992830416560173,0.008132186299189926,0.0018753600132185965,0.0029342046985402753,0.0018753600132185965,73928,0.0016802360769361258,4.413771390914917
Deformable-3DGS (Yang et al.),Deformable-3DGS,mutant,iterations,mutant_iters30000,False,0,21000,21000,21000,single_stage,1891.4102022647858,1992.3358843326569,100.9256820678711,40.30573272705078,0.9927386671304703,0.008072753180749714,0.0018873998196795583,0.0029621864296495827,0.0018873998196795583,73928,0.001769773312844336,4.432971954345703
Deformable-3DGS (Yang et al.),Deformable-3DGS,mutant,iterations,mutant_iters30000,False,0,22000,22000,22000,single_stage,2000.297275543213,2105.6729147434235,105.37563920021057,40.88095626831055,0.9933395832777023,0.007725441525690257,0.0018049878068268298,0.002776073589920998,0.0018049878068268298,73928,0.0030397989321500063,4.443065404891968
Deformable-3DGS (Yang et al.),Deformable-3DGS,mutant,iterations,mutant_iters30000,False,0,23000,23000,23000,single_stage,2108.7149159908295,2218.5514895915985,109.83657360076904,41.14731101989746,0.9935793071985245,0.007548197824507952,0.0017537908803205936,0.0026871712645515754,0.0017537908803205936,73928,0.0017337707104161382,4.420866250991821
Deformable-3DGS (Yang et al.),Deformable-3DGS,mutant,iterations,mutant_iters30000,False,0,24000,24000,24000,single_stage,2217.2766630649567,2331.551352739334,114.27468967437744,41.33371906280517,0.9936757504940033,0.0074445878388360144,0.001738426581141539,0.002655591166112581,0.001738426581141539,73928,0.0012975974241271615,4.439783096313477
Deformable-3DGS (Yang et al.),Deformable-3DGS,mutant,iterations,mutant_iters30000,False,0,25000,25000,25000,single_stage,2325.7251880168915,2444.451328754425,118.72614073753357,41.11672019958496,0.9935090690851212,0.007421735092066228,0.0017729032319039107,0.0027165087684988976,0.0017729032319039107,73928,0.002891909796744585,4.440009832382202
Deformable-3DGS (Yang et al.),Deformable-3DGS,mutant,iterations,mutant_iters30000,False,0,26000,26000,26000,single_stage,2434.2959270477295,2557.4765708446503,123.18064379692078,41.50476264953613,0.9939261823892593,0.007245419290848076,0.0017025327601004393,0.002576789730228484,0.0017025327601004393,73928,0.001265152357518673,4.419191598892212
Deformable-3DGS (Yang et al.),Deformable-3DGS,mutant,iterations,mutant_iters30000,False,0,27000,27000,27000,single_stage,2542.756587266922,2670.3715481758118,127.61496090888977,41.61679954528809,0.9939630210399628,0.007190457149408758,0.0016895890847081318,0.002559067059773943,0.0016895890847081318,73928,0.0013512393925338984,4.4425740242004395
Deformable-3DGS (Yang et al.),Deformable-3DGS,mutant,iterations,mutant_iters30000,False,0,28000,28000,28000,single_stage,2651.1587476730347,2783.236738920212,132.07799124717712,41.72830753326416,0.9940985172986985,0.007083477079868316,0.0016666451730998233,0.002513612678740165,0.0016666451730998233,73928,0.0018500725273042917,4.429634094238281
Deformable-3DGS (Yang et al.),Deformable-3DGS,mutant,iterations,mutant_iters30000,False,0,29000,29000,29000,single_stage,2759.4386625289917,2895.958695411682,136.52003288269043,41.85855560302734,0.9941510200500489,0.007000823994167149,0.0016534362424863503,0.0024925449839793105,0.0016534362424863503,73928,0.002900331048294902,4.419727325439453
Deformable-3DGS (Yang et al.),Deformable-3DGS,mutant,iterations,mutant_iters30000,False,0,30000,30000,30000,single_stage,2867.8273940086365,3008.7891459465027,140.9617519378662,41.847090339660646,0.9941027879714965,0.006975015765056014,0.0016569568280829117,0.002505007868167022,0.0016569568280829117,73928,0.0019920035265386105,4.431598424911499
Deformable-3DGS (Yang et al.),Deformable-3DGS,mutant,target_eval_loss,mutant_loss0p003106,False,0,1,1,1,single_stage,5.245208740234375e-06,5.245208740234375e-06,0.0,6.523842167854309,0.035702507756650445,0.19398675858974457,0.46068582236766814,0.5614081563428045,0.46068582236766814,100000,0.5716475248336792,6.925201416015625
Deformable-3DGS (Yang et al.),Deformable-3DGS,mutant,target_eval_loss,mutant_loss0p003106,False,0,987,987,987,single_stage,30.01036262512207,36.94652700424194,6.936164379119873,18.064132595062254,0.813330414891243,0.15799509435892106,0.04620010778307915,0.07429400324821471,0.04620010778307915,6549,0.019167892634868622,3.9600324630737305
Deformable-3DGS (Yang et al.),Deformable-3DGS,mutant,target_eval_loss,mutant_loss0p003106,False,0,2448,2448,2448,single_stage,60.01910209655762,70.93789076805115,10.91878867149353,17.419707202911376,0.787142539024353,0.17380799427628518,0.05297167785465717,0.08494883447885514,0.05297167785465717,24668,0.018494224175810814,4.0641069412231445
Deformable-3DGS (Yang et al.),Deformable-3DGS,mutant,target_eval_loss,mutant_loss0p003106,False,0,3351,3351,3351,single_stage,90.06692838668823,105.06923031806946,15.002301931381226,24.972338676452637,0.9222272068262101,0.08141966070979834,0.012651464017108083,0.025675729848444455,0.012651464017108083,22426,0.021678848192095757,3.9991960525512695
Deformable-3DGS (Yang et al.),Deformable-3DGS,mutant,target_eval_loss,mutant_loss0p003106,False,0,3908,3908,3908,single_stage,120.07512617111206,139.0940043926239,19.01887822151184,28.493373107910156,0.9495716035366059,0.057519934885203836,0.0074752411805093285,0.016065872237086293,0.0074752411805093285,31427,0.01715160720050335,4.077095031738281
Deformable-3DGS (Yang et al.),Deformable-3DGS,mutant,target_eval_loss,mutant_loss0p003106,False,0,4385,4385,4385,single_stage,150.10402512550354,173.21290397644043,23.10887885093689,29.161989974975587,0.9555303275585174,0.04924799706786871,0.00665545955998823,0.014218302136287104,0.00665545955998823,37415,0.008405962027609348,4.143192768096924
Deformable-3DGS (Yang et al.),Deformable-3DGS,mutant,target_eval_loss,mutant_loss0p003106,False,0,4811,4811,4811,single_stage,180.12533259391785,207.3930003643036,27.267667770385742,29.787045860290526,0.9594331860542298,0.04424263434484601,0.006148189853411168,0.01303191467188298,0.006148189853411168,44324,0.014490076340734959,4.232059955596924
Deformable-3DGS (Yang et al.),Deformable-3DGS,mutant,target_eval_loss,mutant_loss0p003106,False,0,5199,5199,5199,single_stage,210.17950701713562,241.69310569763184,31.513598680496216,30.34103298187256,0.9624799400568008,0.03996083093807101,0.00580334992846474,0.01214669193141163,0.00580334992846474,48239,0.017614686861634254,4.2782676219940186
Deformable-3DGS (Yang et al.),Deformable-3DGS,mutant,target_eval_loss,mutant_loss0p003106,False,0,5560,5560,5560,single_stage,240.21817684173584,276.02402353286743,35.80584669113159,31.63962278366089,0.9682392120361328,0.03578312154859305,0.004991252312902361,0.010345159443095322,0.004991252312902361,52920,0.005230160430073738,4.317530393600464
Deformable-3DGS (Yang et al.),Deformable-3DGS,mutant,target_eval_loss,mutant_loss0p003106,False,0,5901,5901,5901,single_stage,270.27975583076477,310.4241187572479,40.144362926483154,30.40473680496216,0.9641158252954483,0.03748944364488125,0.005769904598128051,0.011792758619412789,0.005769904598128051,57153,0.010473892092704773,4.381082773208618
Deformable-3DGS (Yang et al.),Deformable-3DGS,mutant,target_eval_loss,mutant_loss0p003106,False,0,6230,6230,6230,single_stage,300.3627383708954,344.9014353752136,44.53869700431824,32.34165105819702,0.9696745932102203,0.03189144497737288,0.004703616222832352,0.00982797433622182,0.004703616222832352,57724,0.007265209220349789,4.378852605819702
Deformable-3DGS (Yang et al.),Deformable-3DGS,mutant,target_eval_loss,mutant_loss0p003106,False,0,6553,6553,6553,single_stage,330.40904426574707,379.33945202827454,48.930407762527466,31.566862392425538,0.9709741353988648,0.030160782299935816,0.004655682574957609,0.00952971898019313,0.004655682574957609,60246,0.007968219928443432,4.403154373168945
Deformable-3DGS (Yang et al.),Deformable-3DGS,mutant,target_eval_loss,mutant_loss0p003106,False,0,6865,6865,6865,single_stage,360.4189691543579,413.76979398727417,53.35082483291626,32.71058807373047,0.9713531404733657,0.029581331368535756,0.004488924623001367,0.009320511603727946,0.004488924623001367,62554,0.010200753808021545,4.411967039108276
Deformable-3DGS (Yang et al.),Deformable-3DGS,mutant,target_eval_loss,mutant_loss0p003106,False,0,7169,7169,7169,single_stage,390.44168305397034,448.219589471817,57.77790641784668,33.43811922073364,0.9756989747285842,0.026463343296200037,0.003984871989814565,0.008048102646134803,0.003984871989814565,64880,0.01168762892484665,4.436116695404053
Deformable-3DGS (Yang et al.),Deformable-3DGS,mutant,target_eval_loss,mutant_loss0p003106,False,0,7465,7465,7465,single_stage,420.5300409793854,482.7616765499115,62.23163557052612,33.18869476318359,0.9761229068040848,0.024978085700422526,0.004001175326993689,0.007976358900778,0.004001175326993689,66698,0.004291573539376259,4.4582860469818115
Deformable-3DGS (Yang et al.),Deformable-3DGS,mutant,target_eval_loss,mutant_loss0p003106,False,0,7757,7757,7757,single_stage,450.629962682724,517.3341624736786,66.70419979095459,32.93979806900025,0.9758039742708207,0.025111670698970558,0.004131145536666736,0.008144121575169257,0.004131145536666736,68313,0.010130541399121284,4.477282285690308
Deformable-3DGS (Yang et al.),Deformable-3DGS,mutant,target_eval_loss,mutant_loss0p003106,False,0,8042,8042,8042,single_stage,480.6571719646454,551.8533353805542,71.19616341590881,34.015673065185545,0.9774632602930069,0.023349300585687162,0.003822609258349985,0.007565435348078608,0.003822609258349985,69806,0.0073674703016877174,4.495474815368652
Deformable-3DGS (Yang et al.),Deformable-3DGS,mutant,target_eval_loss,mutant_loss0p003106,False,0,8322,8322,8322,single_stage,510.6725745201111,586.3845000267029,75.7119255065918,32.90384607315063,0.9757448107004165,0.02241565389558673,0.004106812766985967,0.00813648807350547,0.004106812766985967,71196,0.005343092605471611,4.491764068603516
Deformable-3DGS (Yang et al.),Deformable-3DGS,mutant,target_eval_loss,mutant_loss0p003106,False,0,8599,8599,8599,single_stage,540.7243876457214,620.9420487880707,80.21766114234924,34.97881317138672,0.9811360657215118,0.02076639737933874,0.0033294648514129222,0.0064363587368279785,0.0033294648514129222,72059,0.005775195546448231,4.497178792953491
Deformable-3DGS (Yang et al.),Deformable-3DGS,mutant,target_eval_loss,mutant_loss0p003106,False,0,8874,8874,8874,single_stage,570.8278141021729,655.5564517974854,84.7286376953125,34.24932651519775,0.9801418781280518,0.020267034554854034,0.0034931613074149935,0.006766153420321643,0.0034931613074149935,73194,0.0068412041291594505,4.493727207183838
Deformable-3DGS (Yang et al.),Deformable-3DGS,mutant,target_eval_loss,mutant_loss0p003106,False,0,9145,9145,9145,single_stage,600.834498167038,690.0713324546814,89.23683428764343,34.201106548309326,0.9782051205635071,0.021500875102356078,0.003707734646741301,0.00732516360469163,0.003707734646741301,71524,0.005414709914475679,4.485329627990723
Deformable-3DGS (Yang et al.),Deformable-3DGS,mutant,target_eval_loss,mutant_loss0p003106,False,0,9421,9421,9421,single_stage,630.9432270526886,724.6793131828308,93.73608613014221,34.37901916503906,0.9778227597475052,0.020894655724987388,0.0037641775328665973,0.007446790076792236,0.0037641775328665973,72370,0.008079958148300648,4.507804870605469
Deformable-3DGS (Yang et al.),Deformable-3DGS,mutant,target_eval_loss,mutant_loss0p003106,False,0,9694,9694,9694,single_stage,660.9444234371185,759.202098608017,98.25767517089844,35.408722972869874,0.9830481141805649,0.01793024204671383,0.003179833199828863,0.0059342437237501055,0.003179833199828863,72818,0.006003900431096554,4.505820274353027
Deformable-3DGS (Yang et al.),Deformable-3DGS,mutant,target_eval_loss,mutant_loss0p003106,False,0,9965,9965,9965,single_stage,690.9647033214569,793.743673324585,102.77897000312805,34.28163557052612,0.9797895222902298,0.018596253683790566,0.0035776299715507775,0.006904199519194671,0.0035776299715507775,73406,0.0038638971745967865,4.510838508605957
Deformable-3DGS (Yang et al.),Deformable-3DGS,mutant,target_eval_loss,mutant_loss0p003106,False,0,10235,10235,10235,single_stage,721.0193474292755,828.3262569904327,107.30690956115723,36.45288534164429,0.9857606023550034,0.015927875973284246,0.0028173384023830296,0.005101750250905744,0.0028173384023830296,73974,0.005233650095760822,4.495842933654785
Deformable-3DGS (Yang et al.),Deformable-3DGS,mutant,target_eval_loss,mutant_loss0p003106,False,0,10505,10505,10505,single_stage,751.1251699924469,862.9413771629333,111.81620717048645,36.03418598175049,0.9859594374895095,0.015552967647090554,0.0028325021034106613,0.005074114184826622,0.0028325021034106613,74341,0.002199320588260889,4.50709080696106
Deformable-3DGS (Yang et al.),Deformable-3DGS,standup,iterations,standup_iters30000,False,0,1,1,1,single_stage,5.9604644775390625e-06,5.9604644775390625e-06,0.0,6.467371320724487,0.049067896977066996,0.1755728043615818,0.464470186829567,0.5617625700682402,0.464470186829567,100000,0.5652517676353455,11.543617486953735
Deformable-3DGS (Yang et al.),Deformable-3DGS,standup,iterations,standup_iters30000,False,0,1000,1000,1000,single_stage,29.204970121383667,40.76080918312073,11.55583906173706,20.445078468322755,0.8916412681341171,0.11206935197114945,0.026771518401801586,0.04308896109461784,0.026771518401801586,4316,0.02094626985490322,3.6335294246673584
Deformable-3DGS (Yang et al.),Deformable-3DGS,standup,iterations,standup_iters30000,False,0,2000,2000,2000,single_stage,48.95384669303894,64.15641951560974,15.2025728225708,20.56963119506836,0.8845949828624725,0.11645680032670498,0.027151365391910078,0.04480209574103356,0.027151365391910078,7431,0.020585820078849792,3.816822052001953
Deformable-3DGS (Yang et al.),Deformable-3DGS,standup,iterations,standup_iters30000,False,0,3000,3000,3000,single_stage,69.00295901298523,88.03628349304199,19.033324480056763,20.570242595672607,0.8792185992002487,0.11885654926300049,0.027832887880504132,0.04642259046435357,0.027832887880504132,9286,0.06276488304138184,3.7781851291656494
Deformable-3DGS (Yang et al.),Deformable-3DGS,standup,iterations,standup_iters30000,False,0,4000,4000,4000,single_stage,99.61598372459412,122.44086480140686,22.824881076812744,28.311320877075197,0.9549827873706818,0.061079430393874645,0.00717615163885057,0.014744363836944104,0.00717615163885057,10969,0.010940112173557281,3.7249510288238525
Deformable-3DGS (Yang et al.),Deformable-3DGS,standup,iterations,standup_iters30000,False,0,5000,5000,5000,single_stage,134.8706247806549,161.4359736442566,26.565348863601685,30.49149341583252,0.9658176630735398,0.04596136631444096,0.00510682025924325,0.010921923592686645,0.00510682025924325,15542,0.004463823512196541,3.8118295669555664
Deformable-3DGS (Yang et al.),Deformable-3DGS,standup,iterations,standup_iters30000,False,0,6000,6000,6000,single_stage,174.83322715759277,205.23337841033936,30.400151252746582,29.947148513793945,0.9656301587820053,0.04414036301895976,0.0053606612258590754,0.011162497224286198,0.0053606612258590754,18684,0.00872607622295618,3.8289499282836914
Deformable-3DGS (Yang et al.),Deformable-3DGS,standup,iterations,standup_iters30000,False,0,7000,7000,7000,single_stage,217.4855420589447,251.7274558544159,34.24191379547119,31.483148288726806,0.9718177318572998,0.0346587392501533,0.004183560516685248,0.008983302041888238,0.004183560516685248,20906,0.008696721866726875,3.846592426300049
Deformable-3DGS (Yang et al.),Deformable-3DGS,standup,iterations,standup_iters30000,False,0,8000,8000,8000,single_stage,262.82723093032837,300.9286391735077,38.10140824317932,32.29431915283203,0.9735177040100098,0.030350263742730022,0.0038237773056607693,0.008355481042526654,0.0038237773056607693,22891,0.009970101527869701,3.864508628845215
Deformable-3DGS (Yang et al.),Deformable-3DGS,standup,iterations,standup_iters30000,False,0,9000,9000,9000,single_stage,310.6601026058197,352.63952898979187,41.97942638397217,33.44910478591919,0.9775133281946182,0.026828981190919875,0.0033189221692737194,0.007152472096495331,0.0033189221692737194,24430,0.00804171059280634,3.8657469749450684
Deformable-3DGS (Yang et al.),Deformable-3DGS,standup,iterations,standup_iters30000,False,0,10000,10000,10000,single_stage,359.91607189178467,405.781849861145,45.86577796936035,34.48342390060425,0.9800734698772431,0.02358446819707751,0.0029828329803422093,0.00637157240882515,0.0029828329803422093,25318,0.004350944887846708,3.8843095302581787
Deformable-3DGS (Yang et al.),Deformable-3DGS,standup,iterations,standup_iters30000,False,0,11000,11000,11000,single_stage,410.47868037223816,460.24180340766907,49.76312303543091,35.35661563873291,0.9833198696374893,0.020203801197931172,0.002555890701478347,0.0053807386336848185,0.002555890701478347,26293,0.007210328709334135,3.9168741703033447
Deformable-3DGS (Yang et al.),Deformable-3DGS,standup,iterations,standup_iters30000,False,0,12000,12000,12000,single_stage,461.94574332237244,515.6378977298737,53.69215440750122,37.035899829864505,0.9853644907474518,0.018457285407930613,0.002294621925102547,0.004762799390591677,0.002294621925102547,27056,0.002382629318162799,3.9290318489074707
Deformable-3DGS (Yang et al.),Deformable-3DGS,standup,iterations,standup_iters30000,False,0,13000,13000,13000,single_stage,514.1892039775848,571.8233675956726,57.63416361808777,37.02171173095703,0.9861655473709107,0.016843302315101026,0.002185799117432907,0.004515529819764193,0.002185799117432907,27305,0.002648686058819294,3.9263999462127686
Deformable-3DGS (Yang et al.),Deformable-3DGS,standup,iterations,standup_iters30000,False,0,14000,14000,14000,single_stage,566.6097197532654,628.1833262443542,61.57360649108887,38.87825317382813,0.9892179012298584,0.014732409548014403,0.0018350315978750587,0.003624445032328363,0.0018350315978750587,27706,0.002327744849026203,3.918722152709961
Deformable-3DGS (Yang et al.),Deformable-3DGS,standup,iterations,standup_iters30000,False,0,15000,15000,15000,single_stage,619.3821678161621,684.8886563777924,65.50648856163025,38.33071184158325,0.988482865691185,0.01395507538691163,0.001936610956909135,0.0038527156272902996,0.001936610956909135,28048,0.0026410436257719994,3.922689914703369
Deformable-3DGS (Yang et al.),Deformable-3DGS,standup,iterations,standup_iters30000,False,0,16000,16000,16000,single_stage,671.7267153263092,741.1717603206635,69.44504499435425,40.52723369598389,0.991141739487648,0.012835365277715028,0.001608200671034865,0.0030582126392982812,0.001608200671034865,28048,0.0032873512245714664,3.9389188289642334
Deformable-3DGS (Yang et al.),Deformable-3DGS,standup,iterations,standup_iters30000,False,0,17000,17000,17000,single_stage,724.0869174003601,797.4963481426239,73.4094307422638,40.447333335876465,0.9912992507219315,0.012277909461408854,0.0015790221310453489,0.003003367560449983,0.0015790221310453489,28048,0.0024699086789041758,3.9381415843963623
Deformable-3DGS (Yang et al.),Deformable-3DGS,standup,iterations,standup_iters30000,False,0,18000,18000,18000,single_stage,776.4314305782318,853.7931509017944,77.36172032356262,40.34762401580811,0.99117990732193,0.011810275469906628,0.0015838057355722413,0.0030310631240718024,0.0015838057355722413,28048,0.0023837024345993996,3.947655439376831
Deformable-3DGS (Yang et al.),Deformable-3DGS,standup,iterations,standup_iters30000,False,0,19000,19000,19000,single_stage,828.7435667514801,910.0668222904205,81.32325553894043,41.83597812652588,0.992455142736435,0.01102464299183339,0.0014371947647305206,0.00265872726449742,0.0014371947647305206,28048,0.001487810630351305,3.927107334136963
Deformable-3DGS (Yang et al.),Deformable-3DGS,standup,iterations,standup_iters30000,False,0,20000,20000,20000,single_stage,880.9740808010101,966.238302230835,85.26422142982483,41.92229175567627,0.9927942037582398,0.010543517488986253,0.0013982356496853754,0.0025597477681003422,0.0013982356496853754,28048,0.0012051351368427277,3.915229082107544
Deformable-3DGS (Yang et al.),Deformable-3DGS,standup,iterations,standup_iters30000,False,0,21000,21000,21000,single_stage,933.1120388507843,1022.3056337833405,89.19359493255615,42.101267433166505,0.9930051267147064,0.010285818087868392,0.0013739269663346932,0.0024981162301264707,0.0013739269663346932,28048,0.0011781447101384401,3.9188294410705566
Deformable-3DGS (Yang et al.),Deformable-3DGS,standup,iterations,standup_iters30000,False,0,22000,22000,22000,single_stage,985.1806690692902,1078.3049767017365,93.12430763244629,42.41462879180908,0.9932355374097824,0.010016773152165115,0.0013344409497221931,0.0024204452778212684,0.0013344409497221931,28048,0.001222278573550284,3.9184775352478027
Deformable-3DGS (Yang et al.),Deformable-3DGS,standup,iterations,standup_iters30000,False,0,23000,23000,23000,single_stage,1037.3314578533173,1134.3876059055328,97.05614805221558,42.539346885681155,0.9932871669530868,0.009833571547642351,0.0013310454523889348,0.002407402971293782,0.0013310454523889348,28048,0.0010597424115985632,3.9202544689178467
Deformable-3DGS (Yang et al.),Deformable-3DGS,standup,iterations,standup_iters30000,False,0,24000,24000,24000,single_stage,1089.5413410663605,1190.5410318374634,100.9996907711029,42.77078552246094,0.9934495210647583,0.009656595217529684,0.0013091172848362475,0.0023573896149173467,0.0013091172848362475,28048,0.0008079966064542532,3.9280333518981934
Deformable-3DGS (Yang et al.),Deformable-3DGS,standup,iterations,standup_iters30000,False,0,25000,25000,25000,single_stage,1141.8028120994568,1246.7431950569153,104.9403829574585,42.66630630493164,0.9935146003961564,0.009558394667692482,0.0013126173900673166,0.0023471738328225827,0.0013126173900673166,28048,0.0025173972826451063,3.9311037063598633
Deformable-3DGS (Yang et al.),Deformable-3DGS,standup,iterations,standup_iters30000,False,0,26000,26000,26000,single_stage,1194.0492601394653,1302.9333674907684,108.8841073513031,43.05501575469971,0.993624010682106,0.009376279497519135,0.0012778526986949145,0.002297480022534724,0.0012778526986949145,28048,0.0016788615612313151,3.932187795639038
Deformable-3DGS (Yang et al.),Deformable-3DGS,standup,iterations,standup_iters30000,False,0,27000,27000,27000,single_stage,1246.3271293640137,1359.163857460022,112.8367280960083,43.162956619262694,0.9938461065292359,0.009199258987791836,0.0012576769018778577,0.002236920215655109,0.0012576769018778577,28048,0.0025305587332695723,3.932196617126465
Deformable-3DGS (Yang et al.),Deformable-3DGS,standup,iterations,standup_iters30000,False,0,28000,28000,28000,single_stage,1298.6359167099,1415.4189455509186,116.78302884101868,43.307170677185056,0.9939773172140122,0.00903935506939888,0.0012351288663921879,0.0021926396503113166,0.0012351288663921879,28048,0.001424560323357582,3.927460193634033
Deformable-3DGS (Yang et al.),Deformable-3DGS,standup,iterations,standup_iters30000,False,0,29000,29000,29000,single_stage,1351.049066066742,1471.7731218338013,120.72405576705933,43.335748291015626,0.9939942777156829,0.008971501851920038,0.001236631243955344,0.0021904494520276875,0.001236631243955344,28048,0.0012832427164539695,3.929396152496338
Deformable-3DGS (Yang et al.),Deformable-3DGS,standup,iterations,standup_iters30000,False,0,30000,30000,30000,single_stage,1403.4443521499634,1528.1124172210693,124.66806507110596,43.438557624816895,0.9940105170011521,0.008945937035605311,0.0012335288367467002,0.0021847196691669483,0.0012335288367467002,28048,0.002070920541882515,3.9286274909973145
Deformable-3DGS (Yang et al.),Deformable-3DGS,standup,target_eval_loss,standup_loss0p002168,False,0,1,1,1,single_stage,6.67572021484375e-06,6.67572021484375e-06,0.0,6.467371320724487,0.049067896977066996,0.1755728043615818,0.464470186829567,0.5617625700682402,0.464470186829567,100000,0.5652517676353455,6.798229932785034
Deformable-3DGS (Yang et al.),Deformable-3DGS,standup,target_eval_loss,standup_loss0p002168,False,0,982,982,982,single_stage,30.00239133834839,36.81820034980774,6.815809011459351,20.43954734802246,0.8921469271183013,0.11222621724009514,0.02662625825032592,0.04287162117660047,0.02662625825032592,4327,0.031248951330780983,3.8860156536102295
Deformable-3DGS (Yang et al.),Deformable-3DGS,standup,target_eval_loss,standup_loss0p002168,False,0,2500,2500,2500,single_stage,60.011000871658325,70.72603797912598,10.715037107467651,20.687695217132568,0.8812928706407547,0.11713350564241409,0.02713457206264138,0.04544908352196217,0.02713457206264138,8428,0.037195704877376556,3.8233745098114014
Deformable-3DGS (Yang et al.),Deformable-3DGS,standup,target_eval_loss,standup_loss0p002168,False,0,3651,3651,3651,single_stage,90.028883934021,104.58083128929138,14.551947355270386,26.20318717956543,0.9459963828325272,0.07206507660448551,0.009713343228213489,0.018571398016065357,0.009713343228213489,9310,0.016702905297279358,3.8229820728302
Deformable-3DGS (Yang et al.),Deformable-3DGS,standup,target_eval_loss,standup_loss0p002168,False,0,4547,4547,4547,single_stage,120.0308485031128,138.41956233978271,18.388713836669922,29.099123001098633,0.960865181684494,0.05275053083896637,0.006189822242595256,0.01277882145717741,0.006189822242595256,13553,0.019605860114097595,3.867588758468628
Deformable-3DGS (Yang et al.),Deformable-3DGS,standup,target_eval_loss,standup_loss0p002168,False,0,5346,5346,5346,single_stage,150.03324460983276,172.30213284492493,22.268888235092163,31.1732159614563,0.9674882113933563,0.043427950143814086,0.0046587308635935186,0.010229342412203558,0.0046587308635935186,16458,0.015717284753918648,3.8915624618530273
Deformable-3DGS (Yang et al.),Deformable-3DGS,standup,target_eval_loss,standup_loss0p002168,False,0,6082,6082,6082,single_stage,180.04477906227112,206.21992254257202,26.175143480300903,32.303463745117185,0.9711002081632614,0.039123442210257056,0.004137812892440707,0.009090208681300293,0.004137812892440707,18602,0.006638848222792149,3.9401156902313232
Deformable-3DGS (Yang et al.),Deformable-3DGS,standup,target_eval_loss,standup_loss0p002168,False,0,6792,6792,6792,single_stage,210.07266426086426,240.2001645565033,30.127500295639038,31.254954433441164,0.9695559620857239,0.03601177791133523,0.004330983001273126,0.009553593983873718,0.004330983001273126,20175,0.006117198616266251,3.9344305992126465
Deformable-3DGS (Yang et al.),Deformable-3DGS,standup,target_eval_loss,standup_loss0p002168,False,0,7465,7465,7465,single_stage,240.1092405319214,274.18494153022766,34.075700998306274,32.77925176620484,0.9737002402544022,0.03259836924262345,0.003964066214393824,0.008431204920634629,0.003964066214393824,21870,0.005864368751645088,3.9541547298431396
Deformable-3DGS (Yang et al.),Deformable-3DGS,standup,target_eval_loss,standup_loss0p002168,False,0,8109,8109,8109,single_stage,270.13710832595825,308.17926502227783,38.04215669631958,31.799370193481444,0.9741600155830383,0.029784227581694724,0.003755109361372888,0.008172084372490646,0.003755109361372888,23295,0.006324082612991333,3.991905450820923
Deformable-3DGS (Yang et al.),Deformable-3DGS,standup,target_eval_loss,standup_loss0p002168,False,0,8733,8733,8733,single_stage,300.16063952445984,342.20712900161743,42.04648947715759,33.399752616882324,0.9759122401475906,0.028532601473852993,0.0034688224317505957,0.007592609915882359,0.0034688224317505957,24411,0.01236719824373722,3.9973535537719727
Deformable-3DGS (Yang et al.),Deformable-3DGS,standup,target_eval_loss,standup_loss0p002168,False,0,9341,9341,9341,single_stage,330.19461154937744,376.25223112106323,46.05761957168579,34.5065055847168,0.9803355246782303,0.024686875846236946,0.002878469880670309,0.006235670968890194,0.002878469880670309,24684,0.0055861882865428925,3.9976048469543457
Deformable-3DGS (Yang et al.),Deformable-3DGS,standup,target_eval_loss,standup_loss0p002168,False,0,9941,9941,9941,single_stage,360.21913743019104,410.2874085903168,50.06827116012573,35.82265567779541,0.9828602105379105,0.02215627022087574,0.002583625528495759,0.005494858315214506,0.002583625528495759,25584,0.004890918731689453,4.0157434940338135
Deformable-3DGS (Yang et al.),Deformable-3DGS,standup,target_eval_loss,standup_loss0p002168,False,0,10528,10528,10528,single_stage,390.2431080341339,444.3416223526001,54.09851431846619,36.74217853546143,0.9846538037061692,0.02026355448178947,0.0023475795984268188,0.004947302937507621,0.0023475795984268188,26263,0.004167154431343079,4.014948129653931
Deformable-3DGS (Yang et al.),Deformable-3DGS,standup,target_eval_loss,standup_loss0p002168,False,0,11106,11106,11106,single_stage,420.25165724754333,478.3798096179962,58.12815237045288,36.52960624694824,0.9843148678541184,0.01978274961002171,0.0023908049799501894,0.005049670413136477,0.0023908049799501894,26878,0.008179612457752228,4.05144190788269
Deformable-3DGS (Yang et al.),Deformable-3DGS,standup,target_eval_loss,standup_loss0p002168,False,0,11679,11679,11679,single_stage,450.29817485809326,512.4921960830688,62.194021224975586,36.50329542160034,0.984843772649765,0.018492538365535438,0.002370232460089028,0.004927431438118229,0.002370232460089028,27287,0.004370998591184616,4.040572881698608
Deformable-3DGS (Yang et al.),Deformable-3DGS,standup,target_eval_loss,standup_loss0p002168,False,0,12243,12243,12243,single_stage,480.3141539096832,546.5635035037994,66.24934959411621,36.51270761489868,0.9845729440450668,0.018091180315241217,0.0024345961341168732,0.005033088098280141,0.0024345961341168732,27383,0.0021396316587924957,4.06729531288147
Deformable-3DGS (Yang et al.),Deformable-3DGS,standup,target_eval_loss,standup_loss0p002168,False,0,12809,12809,12809,single_stage,510.33753752708435,580.6710867881775,70.33354926109314,37.37243461608887,0.9865058362483978,0.0166865564417094,0.0021269967197440564,0.00440043012611568,0.0021269967197440564,27738,0.0060996999964118,4.061162948608398
Deformable-3DGS (Yang et al.),Deformable-3DGS,standup,target_eval_loss,standup_loss0p002168,False,0,13374,13374,13374,single_stage,540.3730385303497,614.7817981243134,74.40875959396362,36.97640237808228,0.9856203526258469,0.016380266356281935,0.0022542083694133907,0.004679296170361331,0.0022542083694133907,27975,0.0025964961387217045,4.037909984588623
Deformable-3DGS (Yang et al.),Deformable-3DGS,standup,target_eval_loss,standup_loss0p002168,False,0,13935,13935,13935,single_stage,570.3881418704987,648.8569386005402,78.4687967300415,38.28516101837158,0.9870454519987106,0.01505405546631664,0.002105791037320159,0.004275542430114001,0.002105791037320159,28231,0.003362259827554226,4.04617977142334
Deformable-3DGS (Yang et al.),Deformable-3DGS,standup,target_eval_loss,standup_loss0p002168,False,0,14494,14494,14494,single_stage,600.4456169605255,682.9745328426361,82.5289158821106,39.17211990356445,0.9896876096725464,0.013744797836989165,0.0017834077356383205,0.0034892042540013704,0.0017834077356383205,28430,0.004029746633023024,4.060300588607788
Deformable-3DGS (Yang et al.),Deformable-3DGS,trex,iterations,trex_iters30000,False,0,1,1,1,single_stage,6.4373016357421875e-06,6.4373016357421875e-06,0.0,6.591754293441772,0.05269089015200734,0.19024215787649154,0.45145948976278305,0.550629413779825,0.45145948976278305,100000,0.537904679775238,7.0266273021698
Deformable-3DGS (Yang et al.),Deformable-3DGS,trex,iterations,trex_iters30000,False,0,1000,1000,1000,single_stage,32.14773344993591,39.18804597854614,7.0403125286102295,16.16830768585205,0.8222767978906631,0.1595077708363533,0.056856109760701656,0.08102952823042872,0.056856109760701656,7627,0.03253578394651413,3.807697057723999
Deformable-3DGS (Yang et al.),Deformable-3DGS,trex,iterations,trex_iters30000,False,0,2000,2000,2000,single_stage,52.95448112487793,63.8172128200531,10.862731695175171,15.105411720275878,0.8065364301204682,0.1700560711324215,0.0674545556306839,0.09265635848045349,0.0674545556306839,20899,0.02797573059797287,3.921481132507324
Deformable-3DGS (Yang et al.),Deformable-3DGS,trex,iterations,trex_iters30000,False,0,3000,3000,3000,single_stage,74.71772813796997,89.51579475402832,14.79806661605835,14.757712268829346,0.7989070117473602,0.17464479804039001,0.07172775268554688,0.09760079979896547,0.07172775268554688,32759,0.10429568588733673,4.140983819961548
Deformable-3DGS (Yang et al.),Deformable-3DGS,trex,iterations,trex_iters30000,False,0,4000,4000,4000,single_stage,137.31505846977234,156.2675745487213,18.952516078948975,24.23373794555664,0.9527012288570404,0.052140481397509576,0.011636823881417513,0.018769213333725922,0.011636823881417513,38085,0.017995506525039673,4.0751378536224365
Deformable-3DGS (Yang et al.),Deformable-3DGS,trex,iterations,trex_iters30000,False,0,5000,5000,5000,single_stage,215.60485649108887,238.64581561088562,23.040959119796753,26.51271495819092,0.9620492577552795,0.04050345402210951,0.00858392808586359,0.014457290917634973,0.00858392808586359,53521,0.01319904625415802,4.2127368450164795
Deformable-3DGS (Yang et al.),Deformable-3DGS,trex,iterations,trex_iters30000,False,0,6000,6000,6000,single_stage,311.7382471561432,339.00772523880005,27.26947808265686,27.67248668670654,0.9684713870286942,0.03370724152773619,0.007453826442360878,0.012268783748149867,0.007453826442360878,66880,0.008665650151669979,4.376140832901001
Deformable-3DGS (Yang et al.),Deformable-3DGS,trex,iterations,trex_iters30000,False,0,7000,7000,7000,single_stage,419.3565163612366,451.01742696762085,31.660910606384277,28.773130226135255,0.9739844471216201,0.028557579312473536,0.006285521783865988,0.010231528002768765,0.006285521783865988,73386,0.01371929980814457,4.445089340209961
Deformable-3DGS (Yang et al.),Deformable-3DGS,trex,iterations,trex_iters30000,False,0,8000,8000,8000,single_stage,536.9071295261383,573.0246710777283,36.117541551589966,29.102033424377442,0.9730154365301132,0.026439302740618585,0.006152500095777213,0.010318912770599122,0.006152500095777213,80463,0.007860185578465462,4.502511978149414
Deformable-3DGS (Yang et al.),Deformable-3DGS,trex,iterations,trex_iters30000,False,0,9000,9000,9000,single_stage,661.4302268028259,702.0628292560577,40.63260245323181,29.640172004699707,0.975845816731453,0.023557700542733075,0.005834796722047031,0.009498674031347028,0.005834796722047031,85871,0.005474596284329891,4.556962251663208
Deformable-3DGS (Yang et al.),Deformable-3DGS,trex,iterations,trex_iters30000,False,0,10000,10000,10000,single_stage,788.9599936008453,834.1624071598053,45.20241355895996,30.903119850158692,0.9804693728685379,0.020402037352323533,0.004936550604179501,0.00785536590963603,0.004936550604179501,87311,0.003964983858168125,4.56395411491394
Deformable-3DGS (Yang et al.),Deformable-3DGS,trex,iterations,trex_iters30000,False,0,11000,11000,11000,single_stage,920.5800478458405,970.3592841625214,49.77923631668091,31.604449939727782,0.9826517611742019,0.018698162445798517,0.004437756107654423,0.007019852651283151,0.004437756107654423,90473,0.004243514500558376,4.597758531570435
Deformable-3DGS (Yang et al.),Deformable-3DGS,trex,iterations,trex_iters30000,False,0,12000,12000,12000,single_stage,1055.2125008106232,1109.6078827381134,54.395381927490234,32.81120862960815,0.9854959219694137,0.016847130237147213,0.0038670148234814404,0.00599442746490241,0.0038670148234814404,92875,0.007288904394954443,4.598408937454224
Deformable-3DGS (Yang et al.),Deformable-3DGS,trex,iterations,trex_iters30000,False,0,13000,13000,13000,single_stage,1191.4135203361511,1250.4217846393585,59.0082643032074,33.54949903488159,0.9872666865587234,0.015635053068399428,0.0035241661360487344,0.005365995597094306,0.0035241661360487344,93079,0.00320413988083601,4.6174187660217285
Deformable-3DGS (Yang et al.),Deformable-3DGS,trex,iterations,trex_iters30000,False,0,14000,14000,14000,single_stage,1329.1711213588715,1392.812852859497,63.64173150062561,34.06778335571289,0.9879936188459396,0.014767013862729073,0.0033511835965327917,0.005082223108038311,0.0033511835965327917,94607,0.0058514769189059734,4.634417533874512
Deformable-3DGS (Yang et al.),Deformable-3DGS,trex,iterations,trex_iters30000,False,0,15000,15000,15000,single_stage,1468.500496149063,1536.789678812027,68.28918266296387,34.45960674285889,0.9886846005916595,0.01405875668860972,0.003188436903292313,0.0048138294043019465,0.003188436903292313,95768,0.002840915694832802,4.650500774383545
Deformable-3DGS (Yang et al.),Deformable-3DGS,trex,iterations,trex_iters30000,False,0,16000,16000,16000,single_stage,1607.7528853416443,1680.706012248993,72.95312690734863,34.99429655075073,0.9900353789329529,0.01329798074439168,0.0029287128476426006,0.004335894491523501,0.0029287128476426006,95768,0.005985706113278866,4.645458459854126
Deformable-3DGS (Yang et al.),Deformable-3DGS,trex,iterations,trex_iters30000,False,0,17000,17000,17000,single_stage,1746.9772834777832,1824.5900437831879,77.61276030540466,35.07924041748047,0.9897423952817916,0.013025075569748879,0.0029500875330995767,0.004411590970121333,0.0029500875330995767,95768,0.002423739992082119,4.643797397613525
Deformable-3DGS (Yang et al.),Deformable-3DGS,trex,iterations,trex_iters30000,False,0,18000,18000,18000,single_stage,1886.081342458725,1968.3528673648834,82.27152490615845,35.95735998153687,0.991258117556572,0.012373204715549946,0.0026461049856152385,0.00386526047717779,0.0026461049856152385,95768,0.003552940906956792,4.655188322067261
Deformable-3DGS (Yang et al.),Deformable-3DGS,trex,iterations,trex_iters30000,False,0,19000,19000,19000,single_stage,2025.1136646270752,2112.0525155067444,86.93885087966919,36.01428060531616,0.9911743104457855,0.012120166746899485,0.0026431734731886536,0.0038796766893938184,0.0026431734731886536,95768,0.0025422449689358473,4.6550798416137695
Deformable-3DGS (Yang et al.),Deformable-3DGS,trex,iterations,trex_iters30000,False,0,20000,20000,20000,single_stage,2164.0983757972717,2255.7053606510162,91.6069848537445,36.417918014526364,0.9919309467077255,0.01176253070589155,0.002466100116726011,0.003586690751835704,0.002466100116726011,95768,0.002060896949842572,4.6256103515625
Deformable-3DGS (Yang et al.),Deformable-3DGS,trex,iterations,trex_iters30000,False,0,21000,21000,21000,single_stage,2303.004987478256,2399.2518088817596,96.24682140350342,36.657694053649905,0.9921667784452438,0.0114944581175223,0.0023983684252016245,0.0034853390511125374,0.0023983684252016245,95768,0.002273139776661992,4.650893211364746
Deformable-3DGS (Yang et al.),Deformable-3DGS,trex,iterations,trex_iters30000,False,0,22000,22000,22000,single_stage,2441.911064386368,2542.822278022766,100.91121363639832,36.46743688583374,0.9918297231197357,0.01145635915454477,0.0024694167543202637,0.0036095887795090675,0.0024694167543202637,95768,0.0020748472306877375,4.637518405914307
Deformable-3DGS (Yang et al.),Deformable-3DGS,trex,iterations,trex_iters30000,False,0,23000,23000,23000,single_stage,2581.073438644409,2686.6449749469757,105.57153630256653,36.71017856597901,0.9920528590679168,0.011324655334465205,0.002431479649385437,0.0035346119059249804,0.002431479649385437,95768,0.003651405218988657,4.644736051559448
Deformable-3DGS (Yang et al.),Deformable-3DGS,trex,iterations,trex_iters30000,False,0,24000,24000,24000,single_stage,2719.98970580101,2830.222217321396,110.23251152038574,37.01252460479736,0.9926282227039337,0.011016533733345569,0.002321079041576013,0.0033312186924740715,0.002321079041576013,95768,0.002020567422732711,4.645845174789429
Deformable-3DGS (Yang et al.),Deformable-3DGS,trex,iterations,trex_iters30000,False,0,25000,25000,25000,single_stage,2859.180532693863,2974.0722105503082,114.89167785644531,37.25858573913574,0.9926856279373169,0.01086381422355771,0.002267390151973814,0.0032767865341156817,0.002267390151973814,95768,0.002362526021897793,4.651572942733765
Deformable-3DGS (Yang et al.),Deformable-3DGS,trex,iterations,trex_iters30000,False,0,26000,26000,26000,single_stage,2998.317122220993,3117.8746519088745,119.55752968788147,37.22271575927734,0.9927329003810883,0.010861506150104106,0.0022884565172716976,0.003284185137599698,0.0022884565172716976,95768,0.0028678509406745434,4.641694784164429
Deformable-3DGS (Yang et al.),Deformable-3DGS,trex,iterations,trex_iters30000,False,0,27000,27000,27000,single_stage,3137.0647864341736,3261.288601875305,124.22381544113159,37.3915735244751,0.9928653359413147,0.010749081778340042,0.0022239823243580758,0.0032061186712235303,0.0022239823243580758,95768,0.0017493129707872868,4.652621269226074
Deformable-3DGS (Yang et al.),Deformable-3DGS,trex,iterations,trex_iters30000,False,0,28000,28000,28000,single_stage,3276.0929074287415,3404.9866540431976,128.89374661445618,37.567173385620116,0.9930026769638062,0.010654306248761713,0.0021854896564036607,0.003147856332361694,0.0021854896564036607,95768,0.0035208147019147873,4.654752254486084
Deformable-3DGS (Yang et al.),Deformable-3DGS,trex,iterations,trex_iters30000,False,0,29000,29000,29000,single_stage,3414.7510669231415,3548.313868522644,133.56280159950256,37.62625026702881,0.9930182754993438,0.010604570293799043,0.002185181528329849,0.0031444901227951094,0.002185181528329849,95768,0.0018038442358374596,4.642181158065796
Deformable-3DGS (Yang et al.),Deformable-3DGS,trex,iterations,trex_iters30000,False,0,30000,30000,30000,single_stage,3553.6607089042664,3691.8788759708405,138.2181670665741,37.67088356018066,0.9930766344070434,0.010465209255926311,0.0021571319841314105,0.003110378705896446,0.0021571319841314105,95768,0.0014059001114219427,4.6440348625183105
Deformable-3DGS (Yang et al.),Deformable-3DGS,trex,target_eval_loss,trex_loss0p005793,False,0,1,1,1,single_stage,5.9604644775390625e-06,5.9604644775390625e-06,0.0,6.591754293441772,0.05269089015200734,0.19024215787649154,0.45145948976278305,0.550629413779825,0.45145948976278305,100000,0.537904679775238,6.755118131637573
Deformable-3DGS (Yang et al.),Deformable-3DGS,trex,target_eval_loss,trex_loss0p005793,False,0,899,899,899,single_stage,30.006906032562256,36.77293872833252,6.766032695770264,16.445631313323975,0.8251924365758896,0.1579121954739094,0.05438951421529055,0.07847312405705453,0.05438951421529055,6411,0.027326539158821106,3.93888258934021
Deformable-3DGS (Yang et al.),Deformable-3DGS,trex,target_eval_loss,trex_loss0p005793,False,0,2316,2316,2316,single_stage,60.01901364326477,70.73892259597778,10.719908952713013,14.876439380645753,0.8034979999065399,0.1721569389104843,0.07012836486101151,0.09540309190750124,0.07012836486101151,26120,0.02908647432923317,4.053252696990967
Deformable-3DGS (Yang et al.),Deformable-3DGS,trex,target_eval_loss,trex_loss0p005793,False,0,3231,3231,3231,single_stage,90.05519127845764,104.85555648803711,14.800365209579468,21.59527349472046,0.9414257854223251,0.06765256021171809,0.016485686181113124,0.024903391860425474,0.016485686181113124,28481,0.02463066391646862,4.057617425918579
Deformable-3DGS (Yang et al.),Deformable-3DGS,trex,target_eval_loss,trex_loss0p005793,False,0,3711,3711,3711,single_stage,120.06220865249634,138.93455243110657,18.87234377861023,23.54603214263916,0.9482072800397873,0.058759022317826745,0.012903038132935762,0.020680974498391156,0.012903038132935762,36071,0.02116492949426174,4.16441535949707
Deformable-3DGS (Yang et al.),Deformable-3DGS,trex,target_eval_loss,trex_loss0p005793,False,0,4137,4137,4137,single_stage,150.06406426429749,173.1142656803131,23.050201416015625,24.880387687683104,0.95686477124691,0.04947724603116512,0.010252408962696791,0.016828972920775422,0.010252408962696791,42317,0.02127574011683464,4.189724445343018
Deformable-3DGS (Yang et al.),Deformable-3DGS,trex,target_eval_loss,trex_loss0p005793,False,0,4521,4521,4521,single_stage,180.10454678535461,207.3599555492401,27.255408763885498,25.386941814422606,0.9587230265140534,0.04655000288039446,0.009842267958447337,0.016129209063947193,0.009842267958447337,48670,0.022055502980947495,4.275085210800171
Deformable-3DGS (Yang et al.),Deformable-3DGS,trex,target_eval_loss,trex_loss0p005793,False,0,4875,4875,4875,single_stage,210.12295842170715,241.66595125198364,31.54299283027649,25.959983539581298,0.9615653365850448,0.04281440004706383,0.008942218217998742,0.014840707257390028,0.008942218217998742,53300,0.02012157440185547,4.330233097076416
Deformable-3DGS (Yang et al.),Deformable-3DGS,trex,target_eval_loss,trex_loss0p005793,False,0,5203,5203,5203,single_stage,240.13550806045532,276.02626276016235,35.89075469970703,26.55823450088501,0.9631627112627029,0.04047933053225279,0.008483678312040865,0.014154400397092108,0.008483678312040865,59097,0.01737944409251213,4.3980937004089355
Deformable-3DGS (Yang et al.),Deformable-3DGS,trex,target_eval_loss,trex_loss0p005793,False,0,5512,5512,5512,single_stage,270.15922713279724,310.4651868343353,40.305959701538086,26.26240692138672,0.9628458023071289,0.03961458057165146,0.008807401428930462,0.01447676068171859,0.008807401428930462,63009,0.025635436177253723,4.435797929763794
Deformable-3DGS (Yang et al.),Deformable-3DGS,trex,target_eval_loss,trex_loss0p005793,False,0,5808,5808,5808,single_stage,300.2123556137085,344.96785044670105,44.755494832992554,27.324985885620116,0.967530706524849,0.036024631932377815,0.007591920020058751,0.01256739471107721,0.007591920020058751,66692,0.008611127734184265,4.463622093200684
Deformable-3DGS (Yang et al.),Deformable-3DGS,trex,target_eval_loss,trex_loss0p005793,False,0,6090,6090,6090,single_stage,330.29006934165955,379.5216553211212,49.23158597946167,27.436990642547606,0.9686713516712189,0.03610198358073831,0.007551823649555445,0.012307188585400582,0.007551823649555445,69057,0.016474029049277306,4.485689401626587
Deformable-3DGS (Yang et al.),Deformable-3DGS,trex,target_eval_loss,trex_loss0p005793,False,0,6373,6373,6373,single_stage,360.3148694038391,414.044020652771,53.729151248931885,27.44480981826782,0.9676439762115479,0.03378475410863757,0.007698943931609392,0.012630359902977943,0.007698943931609392,68290,0.010333798825740814,4.486488103866577
Deformable-3DGS (Yang et al.),Deformable-3DGS,trex,target_eval_loss,trex_loss0p005793,False,0,6649,6649,6649,single_stage,390.31533670425415,448.54483437538147,58.22949767112732,28.28334550857544,0.9718411326408386,0.0303262734785676,0.006649388209916651,0.010951284039765603,0.006649388209916651,70929,0.012883547693490982,4.480567216873169
Deformable-3DGS (Yang et al.),Deformable-3DGS,trex,target_eval_loss,trex_loss0p005793,False,0,6918,6918,6918,single_stage,420.34804344177246,483.07064843177795,62.72260499000549,28.37536735534668,0.9714816212654114,0.02987343417480588,0.006643411051481962,0.011018404588103294,0.006643411051481962,73344,0.015336975455284119,4.4993956089019775
Deformable-3DGS (Yang et al.),Deformable-3DGS,trex,target_eval_loss,trex_loss0p005793,False,0,7181,7181,7181,single_stage,450.3679003715515,517.6031968593597,67.23529648780823,28.889797496795655,0.973510566353798,0.028492482099682092,0.0063750361441634595,0.010397915644571178,0.0063750361441634595,74830,0.013428755104541779,4.533485651016235
Deformable-3DGS (Yang et al.),Deformable-3DGS,trex,target_eval_loss,trex_loss0p005793,False,0,7438,7438,7438,single_stage,480.43590545654297,552.2185406684875,71.78263521194458,28.19011859893799,0.9715980261564254,0.028358924202620983,0.006694091053213924,0.011035667611286052,0.006694091053213924,76926,0.007165553979575634,4.558660507202148
Deformable-3DGS (Yang et al.),Deformable-3DGS,trex,target_eval_loss,trex_loss0p005793,False,0,7690,7690,7690,single_stage,510.5427231788635,586.8985047340393,76.35578155517578,29.387518692016602,0.9762697964906693,0.02700719009153545,0.0058055265224538745,0.00939046191982925,0.0058055265224538745,78287,0.016050215810537338,4.591206073760986
Deformable-3DGS (Yang et al.),Deformable-3DGS,trex,target_eval_loss,trex_loss0p005793,False,0,7938,7938,7938,single_stage,540.659779548645,621.6203379631042,80.96055841445923,29.144229793548583,0.9734987795352936,0.026901627704501153,0.006412852788344026,0.010430526323616497,0.006412852788344026,80153,0.005753437988460064,4.607110023498535
Deformable-3DGS (Yang et al.),Deformable-3DGS,trex,target_eval_loss,trex_loss0p005793,False,0,8183,8183,8183,single_stage,570.6732420921326,656.2668190002441,85.59357690811157,29.126754474639892,0.973871824145317,0.026018825033679603,0.006131014390848577,0.010130446683615457,0.006131014390848577,81488,0.013370433822274208,4.632728099822998
Deformable-3DGS (Yang et al.),Deformable-3DGS,trex,target_eval_loss,trex_loss0p005793,False,0,8425,8425,8425,single_stage,600.7295241355896,690.9716310501099,90.24210691452026,30.15293130874634,0.9783842116594315,0.024147299584001303,0.005320579744875431,0.008579621464014054,0.005320579744875431,83159,0.006490699946880341,4.629625558853149
Deformable-3DGS (Yang et al.),Deformable-3DGS,trex,target_eval_loss,trex_loss0p005793,False,0,8663,8663,8663,single_stage,630.7634449005127,725.6536011695862,94.89015626907349,29.220357513427736,0.9726524502038956,0.02561493469402194,0.006562797538936138,0.010719747990369798,0.006562797538936138,84291,0.004697590135037899,4.641968727111816
Deformable-3DGS (Yang et al.),Deformable-3DGS,trex,target_eval_loss,trex_loss0p005793,False,0,8899,8899,8899,single_stage,660.8556971549988,760.4043695926666,99.54867243766785,29.985004711151124,0.9768866628408432,0.023578356904909014,0.005611686373595148,0.00911201653070747,0.005611686373595148,85269,0.0060182493180036545,4.655249834060669
Deformable-3DGS (Yang et al.),Deformable-3DGS,trex,target_eval_loss,trex_loss0p005793,False,0,9131,9131,9131,single_stage,690.9234693050385,795.1415264606476,104.21805715560913,30.04146785736084,0.9767133355140686,0.02397567261941731,0.0056806867709383365,0.009201882313936954,0.0056806867709383365,84344,0.006218547932803631,4.642732381820679
